"source","folder","name","manufacturer","conn","framework","probe_cmd","actions","verdict"
"community","a2023a","Generic A2023a","Apogee Instruments","VISA_SCPI","lantz/VISA","*IDN?","30","T2_visa_needs_rs232_idn"
"community","a2_d_4_ch__isolated_adc","AADCO零气发生器737-14","广州尚准仪器设备股份有限公司","VISA_SCPI","lantz/VISA","","10","T2_visa_needs_rs232_idn"
"community","a2_d_daq","Generic A/D DAQ Module 数据采集模块","A/D Instruments","VISA_SCPI","lantz/VISA","INSTR:READ:ANA? (@{ch})","14","T2_visa_needs_rs232_idn"
"community","a2_d_power_board","Generic A/D Power Board 电源板","A/D Instruments","VISA_SCPI","lantz/VISA","MEAS:VOLT:DC?","13","T2_visa_needs_rs232_idn"
"community","a2_d_sense_board","A/D Sense Board 传感板","A/D Instruments","VISA_SCPI","lantz/VISA","MEAS:VOLT:DC?","9","T2_visa_needs_rs232_idn"
"community","a2_d__eload","Generic A/D Electronic Load 电子负载","A/D Instruments","VISA_SCPI","lantz/VISA","INSTR:RS485?","26","T2_visa_needs_rs232_idn"
"community","a2_d__relay__board","Generic A/D Relay Board 继电器板","A/D Instruments","VISA_SCPI","lantz/VISA","INSTR:DAQ:GET:NCHS?","9","T2_visa_needs_rs232_idn"
"community","a4_s_backend","Generic A4 S Backend 后端控制器","Opentrons","SERIAL","pyserial","","13","T1b_serial_probe_tbd"
"community","aa_opto_mds","aa_opto_mds","","SERIAL","pyserial","","10","T1b_serial_probe_tbd"
"community","access2_backend","Automated Sample Storage","Hamilton","SERIAL","pyserial","","10","T1b_serial_probe_tbd"
"community","acq1102","ACQ1102 2 site compact FMC/ELF carrier","D-TACQ Solutions","TCP","socket","","0","T3_network_needs_ext"
"community","acq2106","ACQ2106","D-TACQ Solutions","TCP","socket","","5","T3_network_needs_ext"
"community","acq2106_tiga","ACQ2106","D-TACQ Solutions","TCP","socket","","2","T3_network_needs_ext"
"community","acq2106__mgtdram8","ACQ2106","D-TACQ Solutions","TCP","socket","","2","T3_network_needs_ext"
"community","acq400e","ACQ424ELF","D-TACQ Solutions","TCP","socket","","11","T3_network_needs_ext"
"community","adn_xpt","Analog Devices ADN Crosspoint Switch","Analog Devices","UNKNOWN","","","14","T4_manual_review"
"community","ads_symbol","Generic Ads Symbol","Beckhoff Automation","USB_SDK","usb/dll","","9","T3u_usb_sdk_not_serial"
"community","afg3021b","Tektronix(泰克)AFG3021B 任意波函数发生器","Tektronix","VISA_SCPI","lantz/VISA","*IDN?","1","T2_visa_needs_rs232_idn"
"community","afms","Afms","Adafruit Industries","SERIAL","pyserial","","6","T1b_serial_probe_tbd"
"community","agilent33210_a","33210A Waveform/Function Generator [Discontinued]","Keysight","TCP","socket","","6","T3_network_needs_ext"
"community","agilent33220a","33220A Function / Arbitrary Waveform Generator, 20 MHz [Obsolete]","Keysight","VISA_SCPI","scpi-framework","OUTP:LOAD?","8","T2_visa_needs_rs232_idn"
"community","agilent34410a","34410A Digital Multimeter, 6½ Digit [Obsolete]","Keysight","VISA_SCPI","scpi-framework","DATA:POIN?","9","T2_visa_needs_rs232_idn"
"community","agilent_dso7054_wrapper","DSO7054A Oscilloscope: 500 MHz, 4 analog channels [Obsolete]","Keysight","TCP","network-framework",":WAV:PRE?","19","T3_network_needs_ext"
"community","agilent_e4406_a","E4406A VSA Transmitter Tester, 7 MHz to 4 GHz [Obsolete]","Keysight","VISA_SCPI","scpi-framework","SYSTem:ERRor?","10","T2_visa_needs_rs232_idn"
"community","agilent_e44nn","E4432B ESG-D Series Digital RF Signal Generator, 3 GHz [Obsolete]","Keysight","VISA_SCPI","scpi-framework",":INST:SEL?","2","T2_visa_needs_rs232_idn"
"community","agilent_e8357_a","E8357A PNA Network Analyzer, 300 kHz to 6 GHz [Obsolete]","Keysight","VISA_SCPI","scpi-framework","CALC1:PAR:CAT?","5","T2_visa_needs_rs232_idn"
"community","agilent_n9010_a_wrapper","N9010A EXA Signal Analyzer, 10 Hz to 44 GHz","Keysight","TCP","network-framework",":POW:ATT?","29","T3_network_needs_ext"
"community","agilent_serial","Agilent 串口仪器接口 实验设备 串口设备","Agilent Technologies (Keysight)","TCP","network/rest","","5","T3_network_needs_ext"
"community","aguc2","Motor Controller, Piezo, 2 Axis, Agilis™, Hand-held","Newport","VISA_SCPI","scpi-framework","TE","3","T2_visa_needs_rs232_idn"
"community","aim_t_ti_el302_p","str","Aim-TTi","VISA_SCPI","scpi-framework","*IDN?","1","T2_visa_needs_rs232_idn"
"community","aio_serial","Generic Aio Serial 串口设备","Open Standard","SERIAL","pyserial","","8","T1b_serial_probe_tbd"
"community","aisa_kestrel_camera","Aisa Kestrel Camera","Specim","SERIAL","pyserial","","10","T1b_serial_probe_tbd"
"community","ami430","AMI Model 430 Power Supply Programmer","American Magnetics","VISA_SCPI","lantz/VISA","RAMP:RATE:UNITS?","1","T2_visa_needs_rs232_idn"
"community","amptek_mca","AMPTEK FastSDD","AMPTEK","TCP","socket","","10","T3_network_needs_ext"
"community","anaheim_automation_smc40","Anaheim Automation SMC40 步进电机控制器/索引器","Anaheim Automation","SERIAL","pyserial","ID","6","T1_serial_probe_ready"
"community","andor_device","Andor Andor Device","Andor Technology (Oxford Instruments)","USB_SDK","camera/spectro-sdk","","23","T3u_usb_sdk_not_serial"
"community","apt_motor_controller","Thorlabs APT Motor Controller 电机 自动化设备 控制器","Thorlabs","VISA_SCPI","scpi-framework","","31","T2_visa_needs_rs232_idn"
"community","apt_piezo_inertia_actuator","Thorlabs APT Piezo Inertia Actuator 惯性压电驱动器","Thorlabs","VISA_SCPI","scpi-framework","","31","T2_visa_needs_rs232_idn"
"community","arbin_spoofer","arbin_spoofer","","TCP","socket","","3","T3_network_needs_ext"
"community","arbok_driver","measurement","QuTech","VISA_SCPI","scpi-framework","","15","T2_visa_needs_rs232_idn"
"community","arduino_adc","Arduino ADC 模数转换接口","Arduino","TCP","socket","","3","T3_network_needs_ext"
"community","arduino_encoder","Arduino Encoder","Arduino","SERIAL","pyserial","","3","T1b_serial_probe_tbd"
"community","arduino_io","Arduino I/O 控制器 实验设备 控制器","Arduino","VISA_SCPI","lantz/VISA","INSTR:IO:READ:ANA? (@{ch})","13","T2_visa_needs_rs232_idn"
"community","argon_innova300_c","Coherent Innova 300C 氩离子激光器","Coherent","VISA_SCPI","lantz/VISA","PRINT {}","11","T2_visa_needs_rs232_idn"
"community","arx5_client","ARXrobotics","WattRex","UNKNOWN","","","8","T4_manual_review"
"community","as7341","ams OSRAM is a global leader in innovative light and sensor solutions","ams-OSRAM","SERIAL","pyserial","","7","T1b_serial_probe_tbd"
"community","ascii_axis","AXIS-TEC激光晶圆划片机AX-LS100","似空科学仪器（上海）有限公司","SERIAL","pyserial","","15","T1b_serial_probe_tbd"
"community","ascii_device","Generic Ascii Device","Open Standard","SERIAL","pyserial","","15","T1b_serial_probe_tbd"
"community","ascii_scan_file","Sonoscan超声波扫描显微镜","聚擘国际贸易（上海）有限公司","TCP","network-framework","","13","T3_network_needs_ext"
"community","ascii_serial","Generic Ascii Serial 串口设备","Open Standard","SERIAL","pyserial","","16","T1b_serial_probe_tbd"
"community","ascii_stl__writer","Ascii STL Writer","Open Source","UNKNOWN","","","3","T4_manual_review"
"community","asyncio_modbus_client","Watlow Watlow Electric Asyncio Modbus Client","Watlow Electric","MODBUS","modbus","","7","T2m_modbus_probeable"
"community","axis","AXIS-TEC激光晶圆划片机AX-LS100","似空科学仪器（上海）有限公司","VISA_SCPI","scpi-framework","TE","18","T2_visa_needs_rs232_idn"
"community","a_pump","Generic Automated Pump Controller 控制器","Tricontinent (Gardner Denver)","SERIAL","pyserial","","16","T1b_serial_probe_tbd"
"community","a_star_speed","A Star Speed","Pololu","SERIAL","pyserial","","3","T1b_serial_probe_tbd"
"community","base_client","韩国ilSHinBioBase 进口深冷冻箱 GUDERO CHEST系列","Jeio Tech Co., Ltd - 上海代表处","UNKNOWN","","","3","T4_manual_review"
"community","base_instrument","韩国ilSHinBioBase 进口深冷冻箱 GUDERO CHEST系列","Jeio Tech Co., Ltd - 上海代表处","VISA_SCPI","lantz/VISA","*IDN?","5","T2_visa_needs_rs232_idn"
"community","base_julabo","JULABO MAGIO MS-BC4 加热循环浴槽","Julabo","UNKNOWN","","","1","T4_manual_review"
"community","base_streamer","韩国ilSHinBioBase 进口深冷冻箱 GUDERO CHEST系列","Jeio Tech Co., Ltd - 上海代表处","SERIAL","pyserial","","7","T1b_serial_probe_tbd"
"community","basic_serial_instrument","通用串口仪器接口","Open Standard","SERIAL","pyserial","","16","T1b_serial_probe_tbd"
"community","bimo","Bimo","Open Source","SERIAL","pyserial","","16","T1b_serial_probe_tbd"
"community","binary_readers","Generic Binary Readers 读取器","Open Source","UNKNOWN","","","11","T4_manual_review"
"community","binary_serial","Generic Binary Serial 串口设备","Open Standard","SERIAL","pyserial","","14","T1b_serial_probe_tbd"
"community","binary_stl__writer","Binary STL Writer","Open Source","UNKNOWN","","","1","T4_manual_review"
"community","binder_mk53","BINDER MK 53 Dynamic Climate Chamber","Binder","UNKNOWN","","","8","T4_manual_review"
"community","binder_mk56","Model MK 56","Binder","UNKNOWN","","","3","T4_manual_review"
"community","bioshake_driver","Opentrons Opentrons Bioshake Driver","Opentrons","SERIAL","pyserial","","7","T1b_serial_probe_tbd"
"community","bio_shake","BioShake iQ","Q.Instruments","SERIAL","pyserial","","11","T1b_serial_probe_tbd"
"community","bio_tek_plate_reader_backend","Cytek Aurora&trade; Evo 全光谱流式细胞仪","Cytek Biosciences","SERIAL","pyserial","","25","T1b_serial_probe_tbd"
"community","bit_bang_device","BrainBit DragonEEG多功能 21 通道脑电无线系统","武汉提沃克科技有限公司","USB_SDK","usb/dll","","5","T3u_usb_sdk_not_serial"
"community","bk8600","B&K Precision 8601 DC Electronic Load","BK Precision","VISA_SCPI","lantz/VISA","MEAS:VOLT:DC?","10","T2_visa_needs_rs232_idn"
"community","bk9100","B&K Precision 9103 Multi-Range DC Power Supply","BK Precision","VISA_SCPI","lantz/VISA","*IDN?","11","T2_visa_needs_rs232_idn"
"community","blf_writer","BLF Writer","Open Source","UNKNOWN","","","4","T4_manual_review"
"community","blockly_tool","BioTools振动圆二色光谱仪ChiralIR-2X","华洋科仪","ROBOT","robot/ros-sdk","","2","T3r_robot_sdk"
"community","blu","代理德国BlueSens 生物发酵系统","大连力迪流体控制技术有限公司","VISA_SCPI","scpi-framework","*GAN","21","T2_visa_needs_rs232_idn"
"community","broadcast_udp_port_mapper_client","UDP Port Mapper Client 网络端口映射客户端","Open Source","TCP","socket","","37","T3_network_needs_ext"
"community","bronkhorst_elflow","Reliable EL-FLOW Select mass flow meter/controller","Bronkhorst","SERIAL","pyserial","","9","T1b_serial_probe_tbd"
"community","busylight","Kuando/Plenom Busylight Status Indicator","Kuando/Plenom","USB_SDK","usb/dll","","9","T3u_usb_sdk_not_serial"
"community","bx2_a","BX53 Semi-Motorized Fluorescence Microscope | Evident Scientific | Olympus","Evident","VISA_SCPI","lantz/VISA","1UNIT?","9","T2_visa_needs_rs232_idn"
"community","byonoy_absorbance96_automate_backend","Specifications","Byonoy GmbH","ROBOT","robot/ros-sdk","","6","T3r_robot_sdk"
"community","camera_esp32_cam_serial","ESP32-CAM 开发板相机模块","Espressif Systems","SERIAL","pyserial","","17","T1b_serial_probe_tbd"
"community","camera_interface","Camera Interface","Open Source","SERIAL","pyserial","","4","T1b_serial_probe_tbd"
"community","camera_redis_daemon","Camera Redis Daemon","Open Source","SERIAL","pyserial","","2","T1b_serial_probe_tbd"
"community","camera_service","Generic Camera Service 相机","Open Source","UNKNOWN","","","83","T4_manual_review"
"community","catalog","Catalog","Open Source","UNKNOWN","","","2","T4_manual_review"
"community","cc","QuTech CC 中央控制器 分析仪器 控制器","QuTech","VISA_SCPI","scpi-framework","","2","T2_visa_needs_rs232_idn"
"community","cc1","Qubitekk CC1 Coincidence Counter","Qubitekk","VISA_SCPI","scpi-framework","GATE?","1","T2_visa_needs_rs232_idn"
"community","ccl","QuTech CC-Light 中央控制器 分析仪器 控制器","QuTech","VISA_SCPI","scpi-framework","*IDN?","11","T2_visa_needs_rs232_idn"
"community","cc_core","SOCOREX 825可调微量移液器","维根技术（北京）有限公司（WIGGENS）","UNKNOWN","","","60","T4_manual_review"
"community","cesar1312","str","Advanced Energy","SERIAL","pyserial","","2","T1b_serial_probe_tbd"
"community","channel_client","Channel Client","D-TACQ Solutions","TCP","socket","","0","T3_network_needs_ext"
"community","chemputersoftware__serial_device","chemputersoftware__serial_device","","SERIAL","pyserial","","6","T1b_serial_probe_tbd"
"community","cito_plus1310","String","CEM Corporation","SERIAL","pyserial","","9","T1b_serial_probe_tbd"
"community","clari_ostar_backend","BMG CLARIOstar 多功能酶标仪 酶标仪 酶标仪","BMG LABTECH","SERIAL","pyserial","","13","T1b_serial_probe_tbd"
"community","client","Client","Open Source","TCP","socket","","12","T3_network_needs_ext"
"community","clock_line","Shoreline 腔衰减相移式氮氧化物分析仪 CAPS-NO/NO2","北京崭晴环保科技有限公司","UNKNOWN","","","13","T4_manual_review"
"community","cmd_seq","FEI4 Command Sequencer","Open Source","UNKNOWN","","","13","T4_manual_review"
"community","cobalt_laser","cobalt_laser","","SERIAL","pyserial","","6","T1b_serial_probe_tbd"
"community","cobalt_laser_e","cobalt_laser_e","","SERIAL","pyserial","","418","T1b_serial_probe_tbd"
"community","cobolt0601","Cobolt 06-01 Series Diode Laser","Cobolt","VISA_SCPI","lantz/VISA","gsn?","19","T2_visa_needs_rs232_idn"
"community","cobolt0601_f2","Cobolt0601 F2","Cobolt AB (HÜBNER Photonics)","VISA_SCPI","lantz/VISA","","10","T2_visa_needs_rs232_idn"
"community","cobolt_debug_serial","Cobolt Debug Serial","Cobolt AB (HÜBNER Photonics)","UNKNOWN","","","6","T4_manual_review"
"community","cobolt_laser","Cobolt Laser","Cobolt AB (HÜBNER Photonics)","SERIAL","pyserial","","2","T1b_serial_probe_tbd"
"community","coherent","Coherent","Coherent Corp.","SERIAL","pyserial","?%s\r\n","19","T1_serial_probe_ready"
"community","coherent_obis_laser","coherent_obis_laser","","SERIAL","pyserial","","7","T1b_serial_probe_tbd"
"community","coherent_sapphire_laser","coherent_sapphire_laser","","SERIAL","pyserial","","19","T1b_serial_probe_tbd"
"community","communication","Generic Communication","Open Standard","SERIAL","pyserial","","5","T1b_serial_probe_tbd"
"community","communication_port","Communication Port","Open Standard","SERIAL","pyserial","","14","T1b_serial_probe_tbd"
"community","community_github_bamresearch_mapz_at_bam","Herolab RobotCen","Herolab","UNKNOWN","","","4","T4_manual_review"
"community","community_github_buchi_labortechnik_ag_openinterface_examples_python","Buchi Rotavapor R-300","Buchi","UNKNOWN","","","1","T4_manual_review"
"community","community_github_djorlando24_pylabdatalogger","A&D G系列","A&D","VISA_SCPI","lantz/VISA","","14","T2_visa_needs_rs232_idn"
"community","community_github_mcimech_bk891","BK Precision 891","BK Precision","UNKNOWN","","","20","T4_manual_review"
"community","community_github_pyhys_minimalmodbus","Eurotherm 3500/3504","Eurotherm","MODBUS","modbus","","15","T2m_modbus_probeable"
"community","community_github_zahner_elektrik_zahner_potentiostat","Zahner PP212/PP222/PP242","Zahner","UNKNOWN","","","20","T4_manual_review"
"community","community_strict_fwv1","FWv1","thorlabs","UNKNOWN","","","32","T4_manual_review"
"community","community_strict_lakeshore475","Lakeshore475","lakeshore","TCP","socket","","42","T3_network_needs_ext"
"community","community_strict_mdt69xa","MDT69xA","thorlabs","UNKNOWN","","","29","T4_manual_review"
"community","community_strict_picowattavs47","PicowattAVS47","picowatt","TCP","socket","","33","T3_network_needs_ext"
"community","com_port","COM Port","Open Standard","SERIAL","pyserial","","6","T1b_serial_probe_tbd"
"community","concrete_port","Concrete Port 设备通信端口","Open Standard","USB_SDK","camera/spectro-sdk","","7","T3u_usb_sdk_not_serial"
"community","connection","Generic Instrument Connection Handler","Open Standard","TCP","socket","","6","T3_network_needs_ext"
"community","controller","Controller","Open Source","USB_SDK","usb/dll","","5","T3u_usb_sdk_not_serial"
"community","control_service","Control Service 控制服务模块","Open Source","UNKNOWN","","","111","T4_manual_review"
"community","cool_led","Cool LED","CoolLED","SERIAL","pyserial","","1","T1b_serial_probe_tbd"
"community","core_client","SOCOREX 825可调微量移液器","维根技术（北京）有限公司（WIGGENS）","VISA_SCPI","lantz/VISA","","43","T2_visa_needs_rs232_idn"
"community","cornerstone7400","cornerstone7400","","SERIAL","pyserial","SHUTTER","418","T1_serial_probe_ready"
"community","create_joystick","iRobot Create Joystick","iRobot","UNKNOWN","","","18","T4_manual_review"
"community","crsf_joy_bridge","Crsf JOY Bridge","Open Source","SERIAL","pyserial","","5","T1b_serial_probe_tbd"
"community","cryo_tel_gt","GERSTEL 可选择性一维/二维气相色谱-嗅闻-质谱系统","GERSTEL（哲斯泰）","SERIAL","pyserial","SET TBAND","23","T1_serial_probe_ready"
"community","cvd_control","cvd_control","","SERIAL","pyserial","","66","T1b_serial_probe_tbd"
"community","cycler_interface","cycler_interface","","TCP","socket","","1","T3_network_needs_ext"
"community","cytation_backend","Agilent BioTek Cytation Multi-Mode Reader 读取器","Agilent (BioTek)","USB_SDK","camera/spectro-sdk","","17","T3u_usb_sdk_not_serial"
"community","cytomat_backend","Thermo Cytomat 自动化培养箱 培养箱 培养箱","Thermo Fisher Scientific","SERIAL","pyserial","ic","43","T1_serial_probe_ready"
"community","d435_rgb_stream","Intel RealSense D435 Rgb Stream","Intel RealSense","USB_SDK","camera/spectro-sdk","","3","T3u_usb_sdk_not_serial"
"community","data_device","Data Device","Open Source","SERIAL","pyserial","","8","T1b_serial_probe_tbd"
"community","data_source","DataRay 中红外光束质量分析仪","杭州谱镭光电技术有限公司","UNKNOWN","","","13","T4_manual_review"
"community","dds_quantity","Generic DDS Frequency/Phase/Amplitude","Open Source","UNKNOWN","","","38","T4_manual_review"
"community","dd_mq","QuTech QuTech DD MQ Module","QuTech","VISA_SCPI","scpi-framework","*IDN?","11","T2_visa_needs_rs232_idn"
"community","debug_echo_device","Debug Echo Device","Open Source","USB_SDK","usb/dll","","2","T3u_usb_sdk_not_serial"
"community","debug_physical_device","Debug Physical Device","Open Source","UNKNOWN","","","2","T4_manual_review"
"community","debyeflex3003","X-ray generator Seifert ISO-Debyeflex 3003","GE/Seifert","UNKNOWN","","","21","T4_manual_review"
"community","decadac","Qcodes/src/qcodes/instrument_drivers/Harvard/Decadac.py at main · microsoft/Qcodes","WattRex","VISA_SCPI","lantz/VISA","k;","10","T2_visa_needs_rs232_idn"
"community","default_writer","Generic Default Writer","Open Source","UNKNOWN","","","3","T4_manual_review"
"community","device","Device","Open Source","USB_SDK","usb/dll","","18","T3u_usb_sdk_not_serial"
"community","device_handle","Device Handle","Open Source","USB_SDK","usb/dll","","15","T3u_usb_sdk_not_serial"
"community","dexarm","dexarm","","SERIAL","pyserial","","39","T1b_serial_probe_tbd"
"community","dg1000_z","DG1000Z","Rigol","VISA_SCPI","lantz/VISA","","22","T2_visa_needs_rs232_idn"
"community","digital_io","Digital IO","National Instruments","SERIAL","pyserial","","9","T1b_serial_probe_tbd"
"community","dir_collection","dir_collection","","TCP","socket","Warning: inline data between tags?!\n","6","T3_network_needs_ext"
"community","dl3000","DL3000","Rigol","VISA_SCPI","lantz/VISA",":MEAS:VOLT:DC?","11","T2_visa_needs_rs232_idn"
"community","dlpc900_dmd","Texas Instruments DLPC900 数字微镜设备控制器","Texas Instruments","UNKNOWN","","","27","T4_manual_review"
"community","dmd","DMD","Texas Instruments","USB_SDK","usb/dll","","19","T3u_usb_sdk_not_serial"
"community","dmm","DMM","Open Source","TCP","network-framework","*IDN?","3","T3_network_needs_ext"
"community","doppler","Generic Doppler Ultrasound Device","Open Source","USB_SDK","camera/spectro-sdk","","37","T3u_usb_sdk_not_serial"
"community","dp800","DP800","Rigol","VISA_SCPI","lantz/VISA",":MEAS:VOLT?","10","T2_visa_needs_rs232_idn"
"community","dps_psu","DPS PSU","DPS (RD Tech)","SERIAL","pyserial","","11","T1b_serial_probe_tbd"
"community","driver_interface","driver_interface","","SERIAL","pyserial","","1","T1b_serial_probe_tbd"
"community","driver_socket","Metrohm Metrohm Autolab Driver Socket","Metrohm Autolab","TCP","socket","DEVICES_STATUS?","14","T3_network_needs_ext"
"community","ds1052e","RIGOL DS1052E Digital Oscilloscope","Rigol","VISA_SCPI","lantz/VISA","*IDN?","0","T2_visa_needs_rs232_idn"
"community","dsox","Keysight DSOX Series Oscilloscope 示波器","Keysight Technologies","VISA_SCPI","lantz/VISA","","1","T2_visa_needs_rs232_idn"
"community","dsox3xx4_a","DSOX3034A Oscilloscope: 350 MHz, 4 Channels","Keysight","VISA_SCPI","lantz/VISA","","1","T2_visa_needs_rs232_idn"
"community","d_1005","A&D GX-K/GF-K系列精密天平","A&D","SERIAL","pyserial","","5","T1b_serial_probe_tbd"
"community","d_1007","Tescan MIRA场发射扫描电子显微镜","Tescan","TCP","socket","","5","T3_network_needs_ext"
"community","d_1009","Kern PCB 6000-0精密电子天平","Kern","SERIAL","pyserial","","6","T1b_serial_probe_tbd"
"community","d_1010","Eldex Optos高精度HPLC泵","Eldex","UNKNOWN","","","10","T4_manual_review"
"community","d_1011","Universal Robots UR10e协作机器人","Universal Robots","TCP","socket","","10","T3_network_needs_ext"
"community","d_1012","Universal Robots UR16e重载协作机器人","Universal Robots","SERIAL","pyserial","","10","T1b_serial_probe_tbd"
"community","d_1013","Mecademic Meca500超紧凑六轴工业机器人","Mecademic","TCP","socket","","10","T3_network_needs_ext"
"community","d_1014","Hamilton Microlab VANTAGE自动化移液工作站","Hamilton","SERIAL","pyserial","","0","T1b_serial_probe_tbd"
"community","d_1015","Hamilton Microlab NIMBUS紧凑型移液工作站","Hamilton","SERIAL","pyserial","","0","T1b_serial_probe_tbd"
"community","d_1022","Shimadzu Nexera X2超高效液相色谱系统","Shimadzu","SERIAL","pyserial","","10","T1b_serial_probe_tbd"
"community","d_1025","Inheco ODTC甲板式热循环仪","Inheco","TCP","socket","","5","T3_network_needs_ext"
"community","d_1028","Lambda OMNICOLL可编程馏分收集器","Lambda","SERIAL","pyserial","","9","T1b_serial_probe_tbd"
"community","d_103","Clearpath Robotics Jackal无人地面车辆","Clearpath Robotics","SERIAL","pyserial","","0","T1b_serial_probe_tbd"
"community","d_1032","Clearpath Robotics Jackal小型户外无人地面车","Clearpath Robotics","SERIAL","pyserial","","0","T1b_serial_probe_tbd"
"community","d_1034","VICI Valco E90 Cheminert电动多通阀","VICI Valco","SERIAL","pyserial","","2","T1b_serial_probe_tbd"
"community","d_1035","Brookfield DV2T触屏旋转黏度计","Brookfield","TCP","socket","stepw","6","T3_network_needs_ext"
"community","d_1036","Hielscher UP200St超声波处理器","Hielscher","TCP","network/rest","","9","T3_network_needs_ext"
"community","d_1037","Syrris Atlas HD自动化化学反应器","Syrris","TCP","network-framework","","2","T3_network_needs_ext"
"community","d_1038","Mettler Toledo EasyMax 102自动化合成工作站","Mettler Toledo","SERIAL","pyserial","","6","T1b_serial_probe_tbd"
"community","d_1039","Mettler Toledo EasyMax 402自动化合成工作站","Mettler Toledo","SERIAL","pyserial","","6","T1b_serial_probe_tbd"
"community","d_104","Binder VD 115真空干燥箱","Binder","SERIAL","pyserial","","4","T1b_serial_probe_tbd"
"community","d_1041","Biotage Extrahera自动化固相萃取仪","Biotage","SERIAL","pyserial","","6","T1b_serial_probe_tbd"
"community","d_1042","Kessil PR160L LED光化学反应灯","Kessil","SERIAL","pyserial","","0","T1b_serial_probe_tbd"
"community","d_1043","HepatoChem EvoluChem PhotoRedOx 光化学反应器","HepatoChem","SERIAL","pyserial","","0","T1b_serial_probe_tbd"
"community","d_1044","Biotage Selekt 快速制备色谱系统","Biotage","SERIAL","pyserial","","6","T1b_serial_probe_tbd"
"community","d_1045","Heidolph Synthesis 1 平行合成反应仪","Heidolph","SERIAL","pyserial","","10","T1b_serial_probe_tbd"
"community","d_1046","Carbolite Gero CWF 1100 箱式电阻炉","Carbolite Gero","SERIAL","pyserial","","4","T1b_serial_probe_tbd"
"community","d_1048","Singer Instruments ROTOR+ 高通量微生物阵列针印机器人","Singer Instruments","ROBOT","robot/ros-sdk","","2","T3r_robot_sdk"
"community","d_105","VICI Valco Cheminert E90电动执行器","VICI Valco","SERIAL","pyserial","","2","T1b_serial_probe_tbd"
"community","d_1050","Thermo Scientific CryoExtra 高效深低温存储系统","Thermo Fisher","TCP","socket","","1","T3_network_needs_ext"
"community","d_1051","Scientific Industries Vortex-Genie 2 涡旋混合器","Scientific Industries","SERIAL","pyserial","","4","T1b_serial_probe_tbd"
"community","d_1052","IKA ElectraSyn 2.0 有机电合成反应器","IKA","SERIAL","pyserial","","10","T1b_serial_probe_tbd"
"community","d_1053","Qiagen QIAcube Connect 自动核酸纯化工作站","Qiagen","TCP","socket","","2","T3_network_needs_ext"
"community","d_1054","Thermo Scientific KingFisher Flex 磁珠自动纯化系统","Thermo Fisher","TCP","socket","","1","T3_network_needs_ext"
"community","d_1055","Anton Paar DMA 4500 M 数字密度计","Anton Paar","TCP","socket","stepw","6","T3_network_needs_ext"
"community","d_1056","Mettler Toledo DE40 数字密度计","Mettler Toledo","SERIAL","pyserial","","6","T1b_serial_probe_tbd"
"community","d_1057","TA Instruments SDT 650 同步热分析仪","TA Instruments","VISA_SCPI","lantz/VISA",":TRAC:ACT:STAR?","10","T2_visa_needs_rs232_idn"
"community","d_1058","Netzsch STA 449 F3 Jupiter 同步热分析仪","Netzsch","SERIAL","pyserial","","0","T1b_serial_probe_tbd"
"community","d_1059","Shimadzu GCMS-QP2020 NX 单四极杆气质联用仪","Shimadzu","SERIAL","pyserial","","10","T1b_serial_probe_tbd"
"community","d_106","Anton Paar MCR 302 模块化紧凑型流变仪","Anton Paar","TCP","socket","stepw","6","T3_network_needs_ext"
"community","d_1061","Branson SFX250/SFX550 数字超声波处理器","Branson","SERIAL","pyserial","","4","T1b_serial_probe_tbd"
"community","d_1062","Roche LightCycler 480 II 实时荧光定量PCR仪","Roche","TCP","socket","","5","T3_network_needs_ext"
"community","d_1064","Universal Robots UR 协作机械臂","Universal Robots","TCP","socket","","10","T3_network_needs_ext"
"community","d_1065","Hudson Robotics Sciclops 微孔板搬运机器人","Hudson Robotics","USB_SDK","usb/dll","","10","T3u_usb_sdk_not_serial"
"community","d_1066","Shimadzu RF-5301PC 荧光分光光度计","Shimadzu","SERIAL","pyserial","","10","T1b_serial_probe_tbd"
"community","d_1068","Ametek Princeton Applied Research VersaSTAT 电化学工作站","Signal Recovery","SW_AUTO","windows-sw-automation","","10","T3s_sw_automation"
"community","d_107","Binder VDL 115 安全真空干燥箱","Binder","SERIAL","pyserial","","4","T1b_serial_probe_tbd"
"community","d_1070","Kern PCB 2500 精密天平","Kern","SERIAL","pyserial","","6","T1b_serial_probe_tbd"
"community","d_108","Parr 4848 反应器控制器","Parr Instruments","TCP","network-framework","","2","T3_network_needs_ext"
"community","d_11","Thermo Scientific ThermoFlex 循环冷水机","Thermo Fisher","SERIAL","pyserial","","10","T1b_serial_probe_tbd"
"community","d_110","Biotage TurboVap 氮吹浓缩仪","Biotage","SERIAL","pyserial","","6","T1b_serial_probe_tbd"
"community","d_12","Binder MK 53 动态气候箱","Binder","UNKNOWN","","","8","T4_manual_review"
"community","d_13","Omega iServer DRi/DRE 网络温湿度监测器","Omega Engineering","SERIAL","pyserial","","1","T1b_serial_probe_tbd"
"community","d_134","TA Instruments DSC 2500 示差扫描量热仪","TA Instruments","VISA_SCPI","scpi-framework","","2","T2_visa_needs_rs232_idn"
"community","d_135","Mettler Toledo DSC 3 示差扫描量热仪","Mettler Toledo","UNKNOWN","","","10","T4_manual_review"
"community","d_136","Instron 5943/5944/5969 万能试验机","Instron","TCP","socket","stepw","6","T3_network_needs_ext"
"community","d_137","ZwickRoell zwickiLine 万能试验机","ZwickRoell","SERIAL","pyserial","","4","T1b_serial_probe_tbd"
"community","d_139","Sartorius Picus 2 电动移液器","Sartorius","TCP","socket","","0","T3_network_needs_ext"
"community","d_14","Prior Scientific ProScan III 多轴显微镜控制器","Prior Scientific","SERIAL","pyserial","","10","T1b_serial_probe_tbd"
"community","d_140","Integra VOYAGER II 电动移液器","Integra Biosciences","SERIAL","pyserial","","1","T1b_serial_probe_tbd"
"community","d_15","Prior Scientific ProScan 显微镜控制器","Prior Scientific","SERIAL","pyserial","","10","T1b_serial_probe_tbd"
"community","d_156","A&D GX-K/GF-K 系列精密工业天平","A&D","SERIAL","pyserial","","5","T1b_serial_probe_tbd"
"community","d_158","Kern PCB 系列精密天平","Kern","SERIAL","pyserial","","6","T1b_serial_probe_tbd"
"community","d_16","ASI MS-2000 XYZ自动化载物台","ASI","SERIAL","pyserial","","10","T1b_serial_probe_tbd"
"community","d_165","Tescan MIRA/VEGA 扫描电子显微镜","Tescan","TCP","socket","","5","T3_network_needs_ext"
"community","d_17","LUDL MAC6000 显微镜自动化控制器","LUDL","SERIAL","pyserial","","3","T1b_serial_probe_tbd"
"community","d_172","Andor Shamrock/Kymera 光谱仪","Andor","USB_SDK","usb/dll","","10","T3u_usb_sdk_not_serial"
"community","d_173","Acton/Princeton Instruments SpectraPro 2150i 光谱仪","Princeton Instruments","SERIAL","pyserial","?turret","10","T1_serial_probe_ready"
"community","d_174","Acton/Princeton Instruments SpectraPro 2300i 光谱仪","Princeton Instruments","SERIAL","pyserial","?turret","10","T1_serial_probe_ready"
"community","d_176","KNAUER Smartline Pump 100 等度HPLC泵","Knauer","TCP","network-framework","V?","7","T3_network_needs_ext"
"community","d_177","Teledyne SSI ReaXus LD Class低死体积双柱塞HPLC泵","SSI","SERIAL","pyserial","","10","T1b_serial_probe_tbd"
"community","d_178","name","SSI","UNKNOWN","","","5","T4_manual_review"
"community","d_18","Sutter Lambda 10-3 光学滤光轮控制器","Sutter Instrument","SERIAL","pyserial","","10","T1b_serial_probe_tbd"
"community","d_180","Linkam T96通用系统温度控制器","Linkam Scientific","SERIAL","pyserial","","10","T1b_serial_probe_tbd"
"community","d_181","Linkam TMS94温度控制器/程序升温仪","Linkam Scientific","SERIAL","pyserial","S","10","T1_serial_probe_ready"
"community","d_182","Linkam T95系统温度控制器","Linkam Scientific","SERIAL","pyserial","","10","T1b_serial_probe_tbd"
"community","d_183","Linkam T96热分析温度控制器","Linkam Scientific","SERIAL","pyserial","","10","T1b_serial_probe_tbd"
"community","d_184","Linkam TMS94热分析温度控制器","Linkam Scientific","SERIAL","pyserial","S","10","T1_serial_probe_ready"
"community","d_185","Linkam T95热分析系统温度控制器","Linkam Scientific","SERIAL","pyserial","","10","T1b_serial_probe_tbd"
"community","d_186","Keithley 236精密源表","Marconi Instruments","VISA_SCPI","lantz/VISA","*IDN?","0","T2_visa_needs_rs232_idn"
"community","d_187","Keithley 4200A-SCS半导体参数分析仪","Tektronix","VISA_SCPI","lantz/VISA","*IDN?","0","T2_visa_needs_rs232_idn"
"community","d_188","Agilent 4155C半导体参数分析仪","Agilent","UNKNOWN","","*IDN?","10","T4_manual_review"
"community","d_189","Keysight B2900系列精密源表","Keysight","TCP","socket","*IDN?","10","T3_network_needs_ext"
"community","d_19","Zaber X-ADR130 线性电机扫描显微镜台","Zaber","SERIAL","pyserial","","10","T1b_serial_probe_tbd"
"community","d_190","Keysight N6705A模块化直流电源分析仪","Keysight","TCP","socket","*IDN?","10","T3_network_needs_ext"
"community","d_193","BK Precision 178x系列可编程直流电源","BK Precision","SERIAL","pyserial","","10","T1b_serial_probe_tbd"
"community","d_194","EA PS 2000B系列可编程直流实验室电源","EA Elektro-Automatik","SERIAL","pyserial","","10","T1b_serial_probe_tbd"
"community","d_195","GW Instek GPP-4323四通道可编程直流电源","GW Instek","SERIAL","pyserial","*IDN?","10","T1_serial_probe_ready"
"community","d_196","HP 4141B八通道直流源/监测器","Keysight","TCP","socket","*IDN?","10","T3_network_needs_ext"
"community","d_197","HP 4142B模块化直流源/监测器","Keysight","TCP","socket","*IDN?","10","T3_network_needs_ext"
"community","d_198","HP 4145B半导体参数分析仪","Hewlett-Packard","TCP","socket","*IDN?","10","T3_network_needs_ext"
"community","d_199","iseg SHR高压源表","iseg Spezialelektronik","TCP","socket","*OPC?","10","T3_network_needs_ext"
"community","d_200","Keysight E3632A 双量程直流电源","Keysight","SERIAL","pyserial","*IDN?","10","T1_serial_probe_ready"
"community","d_201","Keysight N6705 直流功率分析仪","Keysight","TCP","socket","","8","T3_network_needs_ext"
"community","d_202","KORAD KD3005P 可编程线性直流电源","KORAD","SERIAL","pyserial","*IDN?","10","T1_serial_probe_ready"
"community","d_203","KORAD KWR100系列 可编程直流电源","KORAD","SERIAL","pyserial","*IDN%s?","10","T1_serial_probe_ready"
"community","d_204","Manson HCS-3000 可编程直流电源","Manson","SERIAL","pyserial","","10","T1b_serial_probe_tbd"
"community","d_205","Rohde & Schwarz HMP4000系列 多通道直流电源","Rohde & Schwarz","SERIAL","pyserial","*IDN?","10","T1_serial_probe_ready"
"community","d_206","Rohde & Schwarz NGE100B系列 直流电源","Rohde & Schwarz","VISA_SCPI","scpi-framework","","10","T2_visa_needs_rs232_idn"
"community","d_208","TDK-Lambda Genesys系列 可编程直流电源","TDK Lambda","SERIAL","pyserial","*IDN?","10","T1_serial_probe_ready"
"community","d_21","Wasatch Photonics WP-785X 拉曼光谱仪","Wasatch Photonics","UNKNOWN","","","10","T4_manual_review"
"community","d_210","Hameg HM8118 可编程LCR电桥","Rohde & Schwarz","SERIAL","pyserial","*IDN?","10","T1_serial_probe_ready"
"community","d_211","Keithley 590 CV分析仪","Agilent","UNKNOWN","","","10","T4_manual_review"
"community","d_214","Signal Recovery 7265 双相DSP锁相放大器","Signal Recovery","SERIAL","pyserial","","10","T1b_serial_probe_tbd"
"community","d_215","Signal Recovery 7280 宽带DSP锁相放大器","Signal Recovery","SERIAL","pyserial","","10","T1b_serial_probe_tbd"
"community","d_216","Agilent/Keysight 33600A系列 Trueform波形发生器","Keysight","UNKNOWN","","*IDN?","10","T4_manual_review"
"community","d_218","HP/Keysight 8114A 高功率脉冲发生器","Keysight","TCP","socket","*IDN?","10","T3_network_needs_ext"
"community","d_219","Keysight 81150A 脉冲函数任意噪声发生器","Keysight","TCP","socket","*IDN?","10","T3_network_needs_ext"
"community","d_22","Wasatch Photonics WP-532X 拉曼光谱仪","Wasatch Photonics","UNKNOWN","","","10","T4_manual_review"
"community","d_220","Red Pitaya STEMlab 125-14 多功能测量平台","RedPitaya","TCP","socket","*IDN?","10","T3_network_needs_ext"
"community","d_221","Rohde & Schwarz SMB100A 微波信号发生器","Rohde & Schwarz","TCP","socket","*IDN?","10","T3_network_needs_ext"
"community","d_222","Siglent SDG系列 函数/任意波形发生器","Siglent","TCP","socket","*IDN?","10","T3_network_needs_ext"
"community","d_223","Stanford Research Systems DG535 数字延迟/脉冲发生器","Stanford Research Systems","UNKNOWN","","","10","T4_manual_review"
"community","d_224","Rigol DHO1000系列 高分辨率数字示波器","Rigol","TCP","socket","TRIG:STAT?","7","T3_network_needs_ext"
"community","d_225","R&S HMO3004 数字示波器","Rohde & Schwarz","UNKNOWN","","*IDN?","7","T4_manual_review"
"community","d_226","R&S RTx 系列示波器","Rohde & Schwarz","TCP","socket","","10","T3_network_needs_ext"
"community","d_227","Keithley 194 高速电压表","Tektronix","UNKNOWN","","","8","T4_manual_review"
"community","d_228","Keysight 34401A 6.5位数字万用表","Keysight","SERIAL","pyserial","READ?","0","T1_serial_probe_ready"
"community","d_229","Keysight 34411A 6.5位高性能数字万用表","Keysight","TCP","socket","*IDN?","10","T3_network_needs_ext"
"community","d_23","Ocean Optics QE Pro 高灵敏度光谱仪","Ocean Optics","USB_SDK","camera/spectro-sdk","","3","T3u_usb_sdk_not_serial"
"community","d_230","Keysight 3458A 8.5位数字万用表","Keysight","UNKNOWN","","","7","T4_manual_review"
"community","d_231","Keysight 53200A系列 通用频率计数器/定时器","Keysight","TCP","socket","*IDN?","10","T3_network_needs_ext"
"community","d_232","Keysight B2981A 飞安/皮安计","Keysight","SERIAL","pyserial","*IDN?","0","T1_serial_probe_ready"
"community","d_233","Keithley 2000 6.5位数字万用表","Tektronix","SERIAL","pyserial","*IDN?","8","T1_serial_probe_ready"
"community","d_234","Keithley 2700 万用表/数据采集/开关系统","Tektronix","VISA_SCPI","lantz/VISA","*IDN?","0","T2_visa_needs_rs232_idn"
"community","d_235","Keithley 3706A 系统开关/万用表","Tektronix","TCP","socket","","9","T3_network_needs_ext"
"community","d_236","Keithley 617 可编程静电计","Tektronix","UNKNOWN","","","9","T4_manual_review"
"community","d_237","Keithley 6485 皮安计","Tektronix","SERIAL","pyserial","*IDN?","7","T1_serial_probe_ready"
"community","d_238","Keithley 6487 皮安计/电压源","Tektronix","SERIAL","pyserial","*IDN?","10","T1_serial_probe_ready"
"community","d_239","Keithley 740 系统扫描温度计","Tektronix","UNKNOWN","","","5","T4_manual_review"
"community","d_24","Ocean Optics USB2000+ 微型光纤光谱仪","Ocean Optics","USB_SDK","camera/spectro-sdk","","8","T3u_usb_sdk_not_serial"
"community","d_240","Keithley 199 系统数字万用表/扫描器","Racal-Dana","UNKNOWN","","","7","T4_manual_review"
"community","d_241","Advantest R6552 数字万用表","Advantest","UNKNOWN","","MD?","7","T4_manual_review"
"community","d_242","Fluke 8842A 5.5位数字万用表","Fluke","UNKNOWN","","","8","T4_manual_review"
"community","d_243","HP 3457A 数字万用表","Keysight","UNKNOWN","","ID?","7","T4_manual_review"
"community","d_244","Rigol DM3000系列 数字万用表","Rigol","TCP","socket","TRIG:STAT?","7","T3_network_needs_ext"
"community","d_245","Solartron 7001 数字万用表","Solartron","UNKNOWN","","","7","T4_manual_review"
"community","d_246","Racal-Dana 9015A 微波频率计","Racal-Dana","UNKNOWN","","","7","T4_manual_review"
"community","d_247","Datron 1061 自动校准数字万用表","Datron","UNKNOWN","","","7","T4_manual_review"
"community","d_248","R&S NRT 功率反射计","Rohde & Schwarz","SERIAL","pyserial","*IDN?","10","T1_serial_probe_ready"
"community","d_249","UNI-T UT61E 数字万用表","UNI-T","UNKNOWN","","","3","T4_manual_review"
"community","d_25","Ocean Optics HR4000 高分辨率光谱仪","Ocean Optics","USB_SDK","camera/spectro-sdk","","3","T3u_usb_sdk_not_serial"
"community","d_252","R&S ZNL 矢量网络分析仪","Rohde & Schwarz","TCP","socket","*IDN?","10","T3_network_needs_ext"
"community","d_253","HP 8593E 便携式频谱分析仪","Keysight","TCP","socket","*IDN?","10","T3_network_needs_ext"
"community","d_254","R&S FPC 频谱分析仪","Rohde & Schwarz","VISA_SCPI","lantz/VISA","*IDN?","10","T2_visa_needs_rs232_idn"
"community","d_255","Eurotherm 2200 温度控制器/编程器","Eurotherm","SERIAL","pyserial","","0","T1b_serial_probe_tbd"
"community","d_256","Eurotherm 2400 温度控制器/编程器","Eurotherm","SERIAL","pyserial","","0","T1b_serial_probe_tbd"
"community","d_257","Eurotherm 3200 温度/过程控制器","Eurotherm","SERIAL","pyserial","","0","T1b_serial_probe_tbd"
"community","d_258","Scientific Instruments Model 9700 低温温度控制器","Scientific Instruments","SERIAL","pyserial","*IDN?","10","T1_serial_probe_ready"
"community","d_259","Lauda Ecoline RE300 低温恒温循环槽","Lauda","SERIAL","pyserial","","5","T1b_serial_probe_tbd"
"community","d_26","Ocean Optics Maya2000 Pro 高灵敏度光谱仪","Ocean Optics (Ocean Insight)","USB_SDK","camera/spectro-sdk","","3","T3u_usb_sdk_not_serial"
"community","d_260","BelektroniG BTC-LAB 台式温度控制器","BelektroniG","SERIAL","pyserial","","10","T1b_serial_probe_tbd"
"community","d_261","CreaPhys RCU001 蒸发速率控制单元","MBRAUN","SERIAL","pyserial","","10","T1b_serial_probe_tbd"
"community","d_262","Accretech UF200/UF300 晶圆探针台","Accretech","VISA_SCPI","lantz/VISA","B","10","T2_visa_needs_rs232_idn"
"community","d_263","FormFactor Velox 探针台控制软件","FormFactor","UNKNOWN","","","10","T4_manual_review"
"community","d_265","Newport Oriel Cornerstone 260 单色仪","Newport","SERIAL","pyserial","","10","T1b_serial_probe_tbd"
"community","d_27","Ocean Optics Flame-S 微型光谱仪","Ocean Optics (Ocean Insight)","USB_SDK","camera/spectro-sdk","","3","T3u_usb_sdk_not_serial"
"community","d_270","Newport 1835-C 高性能光功率计","Newport","SERIAL","pyserial","*IDN?","3","T1_serial_probe_ready"
"community","d_271","Keysight 8163A 光波万用表系统","Keysight","TCP","socket","*IDN?","10","T3_network_needs_ext"
"community","d_272","Keysight N7744A 光多端口功率计","Keysight","TCP","socket","*IDN?","10","T3_network_needs_ext"
"community","d_273","Keysight N7778C 可调谐激光源","Keysight","TCP","socket","*IDN?","10","T3_network_needs_ext"
"community","d_274","Keysight N7770系列 可调谐激光源","Keysight","TCP","socket","*IDN?","10","T3_network_needs_ext"
"community","d_275","Keysight 81550A 单模可变光衰减器模块","Keysight","TCP","socket","*IDN?","10","T3_network_needs_ext"
"community","d_276","Keysight 81600B 可调谐激光源模块","Keysight","TCP","socket","*IDN?","10","T3_network_needs_ext"
"community","d_277","Keysight 81900A 光开关模块","Keysight","TCP","socket","*IDN?","10","T3_network_needs_ext"
"community","d_278","Artifex Engineering OPM150 光功率计","Artifex Engineering","SERIAL","pyserial","","10","T1b_serial_probe_tbd"
"community","d_279","Artifex Engineering TZA500 跨阻放大器","Artifex Engineering","SERIAL","pyserial","","10","T1b_serial_probe_tbd"
"community","d_28","Ocean HDX 高清光谱仪","Ocean Optics","USB_SDK","camera/spectro-sdk","","3","T3u_usb_sdk_not_serial"
"community","d_280","Photo Research PR-655 SpectraScan 光谱辐射计","Photo Research","SERIAL","pyserial","","10","T1b_serial_probe_tbd"
"community","d_281","Konica Minolta CS-100A 亮度色度计","Konica Minolta","SERIAL","pyserial","","8","T1b_serial_probe_tbd"
"community","d_286","Inficon SQM-160 薄膜沉积监控仪","Inficon","VISA_SCPI","lantz/VISA","","7","T2_visa_needs_rs232_idn"
"community","d_288","Inficon XTM/2 薄膜沉积监控仪","Inficon","VISA_SCPI","lantz/VISA","","6","T2_visa_needs_rs232_idn"
"community","d_289","Sycon STM-100 薄膜厚度/速率监控仪","Inficon","SERIAL","pyserial","","10","T1b_serial_probe_tbd"
"community","d_29","Ocean Optics NIRQuest 近红外光谱仪","Ocean Optics","USB_SDK","camera/spectro-sdk","","3","T3u_usb_sdk_not_serial"
"community","d_290","JEVATEC JEVAmet VCU 通用真空控制器","JEVATEC","SERIAL","pyserial","","10","T1b_serial_probe_tbd"
"community","d_291","PREVAC TM1x 薄膜厚度监控仪","PREVAC","UNKNOWN","","","10","T4_manual_review"
"community","d_292","PREVAC TMC13 薄膜厚度监控控制器","PREVAC","UNKNOWN","","","10","T4_manual_review"
"community","d_293","Leybold Combivac CM31 真空计控制器","Leybold","SERIAL","pyserial","","1","T1b_serial_probe_tbd"
"community","d_294","Rotrics DexArm 多功能桌面机械臂","Rotrics","SERIAL","pyserial","","10","T1b_serial_probe_tbd"
"community","d_295","Kern 572 精密天平","Kern","SERIAL","pyserial","","10","T1b_serial_probe_tbd"
"community","d_296","Kern 573 精密天平","Kern","SERIAL","pyserial","","10","T1b_serial_probe_tbd"
"community","d_299","OWIS PS 10-32 单轴位置控制单元","OWIS","SERIAL","pyserial","?CNT1","10","T1_serial_probe_ready"
"community","d_30","Ocean Optics STS 微型光谱仪","Ocean Optics","USB_SDK","camera/spectro-sdk","","3","T3u_usb_sdk_not_serial"
"community","d_300","Nanotec SMCI 步进电机控制器","Nanotec","SERIAL","pyserial","","10","T1b_serial_probe_tbd"
"community","d_302","MBRAUN SCU101 手套箱系统控制器","MBRAUN","SERIAL","pyserial","","10","T1b_serial_probe_tbd"
"community","d_305","Keithley 707A 半导体开关矩阵主机","Tektronix","UNKNOWN","","","10","T4_manual_review"
"community","d_306","Keithley 707B 半导体开关矩阵主机","Tektronix","TCP","socket","*IDN?","10","T3_network_needs_ext"
"community","d_307","Keysight 34980A 多功能开关/测量单元","Keysight","TCP","socket","","9","T3_network_needs_ext"
"community","d_308","Keysight B2200A 飞安级低漏电开关主机","Keysight","UNKNOWN","","*IDN?","10","T4_manual_review"
"community","d_309","Keysight E5250A 低漏电开关主机","Keysight","UNKNOWN","","*IDN?","9","T4_manual_review"
"community","d_31","Ocean Optics HR2000+ 高分辨率光谱仪","Ocean Optics","USB_SDK","camera/spectro-sdk","","8","T3u_usb_sdk_not_serial"
"community","d_310","NF CA5351 可编程电流放大器","NF Corporation","TCP","socket","*OPC?","6","T3_network_needs_ext"
"community","d_311","Rohde & Schwarz NGP800 直流电源","Rohde & Schwarz","VISA_SCPI","scpi-framework","","10","T2_visa_needs_rs232_idn"
"community","d_312","OmniCure S2000 UV点固化系统","PCO","SERIAL","pyserial","","10","T1b_serial_probe_tbd"
"community","d_313","GQ GMC-300E Plus 盖革计数器辐射监测仪","GQ Electronics","SERIAL","pyserial","","2","T1b_serial_probe_tbd"
"community","d_315","Acton FA-448 电动滤光片轮","Princeton Instruments","UNKNOWN","","?Filter","10","T4_manual_review"
"community","d_317","Bentham 610 恒流稳定灯电源","Bentham","UNKNOWN","","*IDN?","10","T4_manual_review"
"community","d_318","DPS 3005 可编程降压直流电源模块","RD/Ruideng","SERIAL","pyserial","*IDN?","10","T1_serial_probe_ready"
"community","d_319","Lambda ZUP 可编程直流电源","TDK-Lambda","SERIAL","pyserial","*IDN?","10","T1_serial_probe_ready"
"community","d_320","Pico Technology TC-08 热电偶温度记录仪","Pico Technology","TCP","socket","","10","T3_network_needs_ext"
"community","d_321","Optris CT 系列红外测温仪","Optris","SERIAL","pyserial","","10","T1b_serial_probe_tbd"
"community","d_322","Voltcraft K204 四通道热电偶温度记录仪","Voltcraft","SERIAL","pyserial","","4","T1b_serial_probe_tbd"
"community","d_323","PyroScience FireSting-O2 光纤溶氧仪","PyroScience","SERIAL","pyserial","","10","T1b_serial_probe_tbd"
"community","d_324","Opsens Solutions CoreSens 光纤传感器信号调理器","Opsens Solutions","UNKNOWN","","*IDN?","10","T4_manual_review"
"community","d_326","Keithley 2100 6.5位USB数字万用表","Tektronix","VISA_SCPI","lantz/VISA","*IDN?","10","T2_visa_needs_rs232_idn"
"community","d_327","Keithley 2110 5.5位双显示数字万用表","Tektronix","VISA_SCPI","lantz/VISA","*IDN?","5","T2_visa_needs_rs232_idn"
"community","d_328","Keithley 2701 以太网万用表/数据采集系统","Tektronix","VISA_SCPI","lantz/VISA","*IDN?","4","T2_visa_needs_rs232_idn"
"community","d_329","Keithley 2750 万用表/开关系统","Tektronix","VISA_SCPI","lantz/VISA","*IDN?","4","T2_visa_needs_rs232_idn"
"community","d_330","Andor Shamrock 500i 成像光谱仪","Andor","USB_SDK","usb/dll","","10","T3u_usb_sdk_not_serial"
"community","d_332","Amplitude Satsuma 工业飞秒激光器","Amplitude Systems","SERIAL","pyserial","","9","T1b_serial_probe_tbd"
"community","d_333","ASI Cheetah3 混合像素探测器","Amsterdam Scientific Instruments","TCP","network/rest","","0","T3_network_needs_ext"
"community","d_341","Teledyne LeCroy WaveRunner 9104 数字示波器","Teledyne LeCroy","VISA_SCPI","lantz/VISA","","10","T2_visa_needs_rs232_idn"
"community","d_343","Newport ESP100 通用运动控制器/驱动器","Newport","VISA_SCPI","lantz/VISA","","9","T2_visa_needs_rs232_idn"
"community","d_346","Newport SMC100 单轴运动控制器","Newport","VISA_SCPI","lantz/VISA","","9","T2_visa_needs_rs232_idn"
"community","d_348","Physik Instrumente E-816 压电控制器计算机接口子模块","Physik Instrumente","SERIAL","pyserial","","0","T1b_serial_probe_tbd"
"community","d_349","Physik Instrumente C-863 Mercury DC电机伺服控制器","Physik Instrumente","SERIAL","pyserial","","0","T1b_serial_probe_tbd"
"community","d_35","JEOL JSM-7800F 肖特基场发射扫描电子显微镜","JEOL","UNKNOWN","","","10","T4_manual_review"
"community","d_350","C-663 Mercury Step步进电机控制器","Physik Instrumente","SERIAL","pyserial","","0","T1b_serial_probe_tbd"
"community","d_351","E-545 PInano压电控制器","Physik Instrumente","SERIAL","pyserial","","0","T1b_serial_probe_tbd"
"community","d_352","C-862 Mercury直流电机控制器","Physik Instrumente","SERIAL","pyserial","","0","T1b_serial_probe_tbd"
"community","d_354","BIO2.100双轴超低轮廓纳米定位平台","PiezoConcept","SERIAL","pyserial","","9","T1b_serial_probe_tbd"
"community","d_355","DSP7265双相DSP锁相放大器","Signal Recovery","SERIAL","pyserial","","10","T1b_serial_probe_tbd"
"community","d_361","MFF101电动滤光片翻转架","Thorlabs","USB_SDK","camera/spectro-sdk","","10","T3u_usb_sdk_not_serial"
"community","d_363","BBD201单通道台式三相无刷直流伺服控制器","Thorlabs","USB_SDK","camera/spectro-sdk","","10","T3u_usb_sdk_not_serial"
"community","d_365","TDC001 T-Cube直流伺服电机控制器","Thorlabs","USB_SDK","camera/spectro-sdk","","10","T3u_usb_sdk_not_serial"
"community","d_366","KDC101 K-Cube直流伺服电机控制器","Thorlabs","USB_SDK","camera/spectro-sdk","","10","T3u_usb_sdk_not_serial"
"community","d_367","Thorlabs KPA101 K-Cube位置对准控制器","Thorlabs","USB_SDK","camera/spectro-sdk","","10","T3u_usb_sdk_not_serial"
"community","d_369","Thorlabs CCS100 紧凑型CCD光谱仪","Thorlabs","USB_SDK","camera/spectro-sdk","","10","T3u_usb_sdk_not_serial"
"community","d_370","Thorlabs CCS175 紧凑型CCD光谱仪","Thorlabs","USB_SDK","camera/spectro-sdk","","10","T3u_usb_sdk_not_serial"
"community","d_371","Thorlabs CCS200 紧凑型CCD光谱仪","Thorlabs","USB_SDK","camera/spectro-sdk","","10","T3u_usb_sdk_not_serial"
"community","d_372","Thorlabs DCC3240M 高灵敏度USB 3.0 CMOS相机","Thorlabs","USB_SDK","camera/spectro-sdk","","10","T3u_usb_sdk_not_serial"
"community","d_373","Uniblitz VLM1 电磁光学快门","Uniblitz","SERIAL","pyserial","","9","T1b_serial_probe_tbd"
"community","d_374","Zaber T-NA 微型电动线性致动器","Zaber","SERIAL","pyserial","","4","T1b_serial_probe_tbd"
"community","d_377","Alcatel ACM 1000 真空计控制器","Alcatel","SERIAL","pyserial","BAU","10","T1_serial_probe_ready"
"community","d_38","Bruker D8 Advance X射线衍射仪","Bruker","SERIAL","pyserial","","10","T1b_serial_probe_tbd"
"community","d_383","QSI 600系列科学级CCD相机","QSI","UNKNOWN","","","10","T4_manual_review"
"community","d_386","Attocube ANC150压电步进运动控制器","Attocube","SERIAL","pyserial","","10","T1b_serial_probe_tbd"
"community","d_39","BMG LABTECH CLARIOstar Plus 多功能酶标仪","BMG LABTECH","SERIAL","pyserial","","1","T1b_serial_probe_tbd"
"community","d_395","igus dryve D1电机控制系统","Igus","TCP","socket","","10","T3_network_needs_ext"
"community","d_397","Newport ESP300通用运动控制器/驱动器","Newport","SERIAL","pyserial","","10","T1b_serial_probe_tbd"
"community","d_402","Alicat MC系列质量流量控制器","Alicat Scientific","UNKNOWN","","","6","T4_manual_review"
"community","d_403","Comet cito Plus 1310 射频发生器","Comet","SERIAL","pyserial","","7","T1b_serial_probe_tbd"
"community","d_404","Dressler Cesar 1312 射频等离子发生器","Advanced Energy","SERIAL","pyserial","","6","T1b_serial_probe_tbd"
"community","d_405","Gentec-EO BLU 无线激光功率计","Gentec","VISA_SCPI","scpi-framework","*GAN","8","T2_visa_needs_rs232_idn"
"community","d_406","HCP TC038 温度控制器","HCP","VISA_SCPI","scpi-framework","","5","T2_visa_needs_rs232_idn"
"community","d_407","HCP TC038D 温度控制器","HCP","VISA_SCPI","scpi-framework","","5","T2_visa_needs_rs232_idn"
"community","d_408","Holzworth HS9000系列多通道射频合成器","Holzworth","TCP","socket","*IDN?","6","T3_network_needs_ext"
"community","d_409","HP E3631A 80W三路输出直流电源","Keysight","SERIAL","pyserial","*IDN?","10","T1_serial_probe_ready"
"community","d_410","Keithley 2182A 双通道纳伏表","Tektronix","VISA_SCPI","scpi-framework","","3","T2_visa_needs_rs232_idn"
"community","d_411","Lake Shore 475 DSP高斯计","Lake Shore","VISA_SCPI","scpi-framework","RDGFIELD?","6","T2_visa_needs_rs232_idn"
"community","d_412","MingHe MHS-5200A 双通道DDS信号发生器","MingHe","VISA_SCPI","scpi-framework","","5","T2_visa_needs_rs232_idn"
"community","d_414","Newport ESP-301 三轴集成运动控制器/驱动器","Newport","VISA_SCPI","scpi-framework","TB?","6","T2_visa_needs_rs232_idn"
"community","d_415","Ondax SureLock LM系列波长稳定激光模块","Coherent","VISA_SCPI","scpi-framework","rstli?","7","T2_visa_needs_rs232_idn"
"community","d_416","Pfeiffer TPG 361 单通道真空规控制器","Pfeiffer Vacuum","UNKNOWN","","","0","T4_manual_review"
"community","d_417","Pfeiffer TPG 362 双通道真空规控制器","Pfeiffer Vacuum","UNKNOWN","","","0","T4_manual_review"
"community","d_418","Phase Matrix QuickSyn FSW-0020 频率合成器","Phase Matrix","VISA_SCPI","scpi-framework","04.","6","T2_visa_needs_rs232_idn"
"community","d_419","Picowatt AVS-47B 交流电阻桥","Picowatt","VISA_SCPI","scpi-framework","RES?","1","T2_visa_needs_rs232_idn"
"community","d_42","Admiral Instruments Squidstat Plus/Prime 电化学工作站","Admiral Instruments","SERIAL","pyserial","","3","T1b_serial_probe_tbd"
"community","d_420","Sunpower CryoTel GT 斯特林低温制冷机","Sunpower","SERIAL","pyserial","SET TBAND","6","T1_serial_probe_ready"
"community","d_421","Tektronix AWG2000系列任意波形发生器","Tektronix","TCP","socket","DAT:STOP?","7","T3_network_needs_ext"
"community","d_422","Tektronix TDS5XX系列数字示波器","Tektronix","TCP","socket","DAT:STOP?","7","T3_network_needs_ext"
"community","d_425","Delta Elektronika PSC-ETH 以太网通信模块","Delta Elektronika","TCP","socket","*IDN?","8","T3_network_needs_ext"
"community","d_426","Glassman FR系列高压直流电源","Glassman","VISA_SCPI","scpi-framework","V","7","T2_visa_needs_rs232_idn"
"community","d_430","Dwyer 16C系列1/16 DIN温度控制器","Dwyer","SERIAL","pyserial","","1","T1b_serial_probe_tbd"
"community","d_431","Ekspla NT340系列高能量宽调谐纳秒激光器","Ekspla","SERIAL","pyserial","W0/?","3","T1_serial_probe_ready"
"community","d_432","Horiba MicroHR短焦距成像光谱仪","Horiba","USB_SDK","usb/dll","","4","T3u_usb_sdk_not_serial"
"community","d_441","Omega D8200 USB数据采集接口模块","Omega Engineering","SERIAL","pyserial","","1","T1b_serial_probe_tbd"
"community","d_442","Omega Platinum系列PID温度/过程控制器","Omega Engineering","SERIAL","pyserial","","1","T1b_serial_probe_tbd"
"community","d_445","Seek Thermal Compact智能手机热像仪","Seek Thermal","USB_SDK","usb/dll","","2","T3u_usb_sdk_not_serial"
"community","d_446","Spectra-Physics Millennia eV连续波DPSS绿色激光器","Spectra-Physics","SERIAL","pyserial","?IDN\r","3","T1_serial_probe_ready"
"community","d_447","Thorlabs BSC201单通道台式步进电机控制器","Thorlabs","SERIAL","pyserial","","4","T1b_serial_probe_tbd"
"community","d_448","Thorlabs BSC203三通道台式步进电机控制器","Thorlabs","SERIAL","pyserial","","4","T1b_serial_probe_tbd"
"community","d_45","Mettler Toledo AG204 分析天平","Mettler Toledo","SERIAL","pyserial","","4","T1b_serial_probe_tbd"
"community","d_452","Thorlabs MPC320电动光纤偏振控制器","Thorlabs","SERIAL","pyserial","","4","T1b_serial_probe_tbd"
"community","d_454","Thorlabs PAX1000系列高动态范围偏振分析仪","Thorlabs","SERIAL","pyserial","","4","T1b_serial_probe_tbd"
"community","d_456","VICI Valco两位多通阀","VICI Valco","SERIAL","pyserial","","2","T1b_serial_probe_tbd"
"community","d_457","Zaber Binary协议电机控制器","Zaber","SERIAL","pyserial","","4","T1b_serial_probe_tbd"
"community","d_458","eDAQ IsoPod隔离式传感器数据记录仪","eDAQ","SERIAL","pyserial","","4","T1b_serial_probe_tbd"
"community","d_46","Ohaus Explorer EX225D/AD 半微量天平","Ohaus","SERIAL","pyserial","","5","T1b_serial_probe_tbd"
"community","d_47","Ohaus Defender 5000 (D52) 工业台秤","Ohaus","SERIAL","pyserial","","8","T1b_serial_probe_tbd"
"community","d_475","AMI Model 430 超导磁铁电源程控器","American Magnetics","TCP","socket","PSwitch?","10","T3_network_needs_ext"
"community","d_481","Model 4G 双极性超导磁铁电源","Cryomagnetics","VISA_SCPI","scpi-framework","UNITS?","3","T2_visa_needs_rs232_idn"
"community","d_482","TM620 低温温度监测仪","Cryomagnetics","VISA_SCPI","scpi-framework","MEAS? A","1","T2_visa_needs_rs232_idn"
"community","d_484","83650A 合成扫频信号发生器","Keysight","VISA_SCPI","scpi-framework","","3","T2_visa_needs_rs232_idn"
"community","d_485","8753D RF矢量网络分析仪","Keysight","VISA_SCPI","scpi-framework","OPC?;PRES","5","T2_visa_needs_rs232_idn"
"community","d_49","Harvard Apparatus PHD 2000 注射泵","Harvard Apparatus","SERIAL","pyserial","","9","T1b_serial_probe_tbd"
"community","d_492","DMM6500 6.5位触摸屏数字万用表","Tektronix","VISA_SCPI","scpi-framework","","0","T2_visa_needs_rs232_idn"
"community","d_493","DMM7510 7.5位图形采样万用表","Tektronix","VISA_SCPI","scpi-framework","","0","T2_visa_needs_rs232_idn"
"community","d_519","Keysight N5222B PNA微波矢量网络分析仪","Keysight","TCP","socket","*IDN?","10","T3_network_needs_ext"
"community","d_520","Keysight N5230C PNA-L微波网络分析仪","Keysight","TCP","socket","*IDN?","10","T3_network_needs_ext"
"community","d_521","Keysight N5232B PNA-L微波矢量网络分析仪","Keysight","TCP","socket","*IDN?","10","T3_network_needs_ext"
"community","d_522","Keysight N5245A PNA-X微波矢量网络分析仪","Keysight","TCP","socket","*IDN?","10","T3_network_needs_ext"
"community","d_523","Keysight N6705B模块化直流电源分析仪","Keysight","TCP","socket","*IDN?","10","T3_network_needs_ext"
"community","d_531","Quantum Design DynaCool 物性测量系统","Quantum Design","VISA_SCPI","lantz/VISA","*IDN?","6","T2_visa_needs_rs232_idn"
"community","d_532","Rigol DG1062Z 函数/任意波形发生器","Rigol","VISA_SCPI","scpi-framework","","2","T2_visa_needs_rs232_idn"
"community","d_533","Rigol DG4000系列 函数/任意波形发生器","Rigol","VISA_SCPI","scpi-framework","","2","T2_visa_needs_rs232_idn"
"community","d_537","Rigol DS1074Z 数字示波器","Rigol","VISA_SCPI","scpi-framework","","2","T2_visa_needs_rs232_idn"
"community","d_54","Inficon IC/5 薄膜沉积控制器","Inficon","VISA_SCPI","lantz/VISA","","6","T2_visa_needs_rs232_idn"
"community","d_56","Inficon SQM-160/SQC-310 薄膜监控仪/控制器","Inficon","VISA_SCPI","lantz/VISA","","7","T2_visa_needs_rs232_idn"
"community","d_566","Ametek 7270 DSP锁相放大器","Signal Recovery","VISA_SCPI","scpi-framework","","3","T2_visa_needs_rs232_idn"
"community","d_568","Copper Mountain S5048 矢量网络分析仪","Copper Mountain","VISA_SCPI","scpi-framework","*OPC?;SYST:PRES","5","T2_visa_needs_rs232_idn"
"community","d_569","Cryogenic SMS120C 超导磁铁电源","Cryogenic","VISA_SCPI","lantz/VISA","GET VL","2","T2_visa_needs_rs232_idn"
"community","d_570","Cryomagnetics LM-500 液态低温液位计","Cryomagnetics","VISA_SCPI","scpi-framework","MEAS? 1","3","T2_visa_needs_rs232_idn"
"community","d_571","Cryomagnetics Model 4G 超导磁铁电源","Cryomagnetics","VISA_SCPI","scpi-framework","UNITS?","3","T2_visa_needs_rs232_idn"
"community","d_573","Gentec Maestro 激光功率能量计","Gentec","VISA_SCPI","scpi-framework","*VER","3","T2_visa_needs_rs232_idn"
"community","d_574","Holzworth HS9000 多通道射频合成器","Holzworth","TCP","socket","*IDN?","6","T3_network_needs_ext"
"community","d_575","Holzworth HS9008B 多通道相位相干射频合成器","Holzworth","VISA_SCPI","lantz/VISA",":{}:FREQ?","9","T2_visa_needs_rs232_idn"
"community","d_577","HP 8594E 便携式频谱分析仪","Keysight","VISA_SCPI","scpi-framework","ID?","3","T2_visa_needs_rs232_idn"
"community","d_58","Huber CC-505 冷热循环器","Huber","SERIAL","pyserial","","7","T1b_serial_probe_tbd"
"community","d_586","Lighthouse Photonics Sprout-G 连续波DPSS绿光激光器","Lighthouse Photonics","VISA_SCPI","scpi-framework","","4","T2_visa_needs_rs232_idn"
"community","d_59","Julabo HL-4 HighTech可编程加热循环器","Julabo","SERIAL","pyserial","version","10","T1_serial_probe_ready"
"community","d_591","Oxford Instruments ILM200 智能低温液位计","Oxford Instruments","VISA_SCPI","lantz/VISA","*IDN?","8","T2_visa_needs_rs232_idn"
"community","d_593","Oxford Instruments Kelvinox IGH 稀释制冷机智能气体处理系统","Oxford Instruments","VISA_SCPI","lantz/VISA","*IDN?","9","T2_visa_needs_rs232_idn"
"community","d_594","Oxford Instruments Proteox 无液氦稀释制冷机","Oxford Instruments","TCP","socket","get_MAG_VEC","10","T3_network_needs_ext"
"community","d_595","PeakTech 15xx系列线性稳压直流电源","PeakTech","VISA_SCPI","lantz/VISA","*IDN?","4","T2_visa_needs_rs232_idn"
"community","d_596","Rigol DP932 三路输出可编程直流电源","Rigol","VISA_SCPI","scpi-framework","","9","T2_visa_needs_rs232_idn"
"community","d_597","Rigol DSG3136B 射频信号发生器","Rigol","VISA_SCPI","scpi-framework","*IDN?","3","T2_visa_needs_rs232_idn"
"community","d_598","Rohde & Schwarz FSV3013 信号与频谱分析仪","Rohde & Schwarz","VISA_SCPI","scpi-framework",":FETCH:POW:ACP?","4","T2_visa_needs_rs232_idn"
"community","d_605","Rohde & Schwarz SMR40 微波信号发生器","Rohde & Schwarz","VISA_SCPI","scpi-framework","SOUR:FREQ?","10","T2_visa_needs_rs232_idn"
"community","d_606","Rohde & Schwarz SMW200A 矢量信号发生器","Rohde & Schwarz","VISA_SCPI","scpi-framework","*IDN?","7","T2_visa_needs_rs232_idn"
"community","d_607","Rohde & Schwarz ZVL13 矢量网络分析仪","Rohde & Schwarz","VISA_SCPI","scpi-framework","INST?","5","T2_visa_needs_rs232_idn"
"community","d_608","Santec TSL-570 高性能可调谐激光器","Santec","VISA_SCPI","scpi-framework","","8","T2_visa_needs_rs232_idn"
"community","d_609","Santec TSL-580 高性能可调谐激光器","Santec","VISA_SCPI","scpi-framework","","8","T2_visa_needs_rs232_idn"
"community","d_61","Julabo Presto A40 高动态温控系统","Julabo","SERIAL","pyserial","GET_BATH_TEMP","10","T1_serial_probe_ready"
"community","d_610","Andor Shamrock SR750 切尔尼-特纳光谱仪","Andor","USB_SDK","usb/dll","","10","T3u_usb_sdk_not_serial"
"community","d_612","Stanford Research Systems SIM928 隔离直流电压源","Stanford Research Systems","VISA_SCPI","scpi-framework","*IDN?","10","T2_visa_needs_rs232_idn"
"community","d_613","Stanford Research Systems SR844 射频锁相放大器","Stanford Research Systems","SERIAL","pyserial","","6","T1b_serial_probe_tbd"
"community","d_614","Tektronix AFG3000系列任意函数发生器","Tektronix","VISA_SCPI","scpi-framework","","5","T2_visa_needs_rs232_idn"
"community","d_615","Tektronix AWG520 任意波形发生器","Tektronix","VISA_SCPI","scpi-framework","AWGC:RSTATE?","10","T2_visa_needs_rs232_idn"
"community","d_616","Tektronix FCA3100系列频率计数器/定时器/分析仪","Tektronix","VISA_SCPI","scpi-framework","","5","T2_visa_needs_rs232_idn"
"community","d_62","Lauda Proline RP 845 制冷加热循环浴","Lauda","SERIAL","pyserial","","5","T1b_serial_probe_tbd"
"community","d_623","Rohde & Schwarz ZNLE3 矢量网络分析仪","Rohde & Schwarz","SERIAL","pyserial","*IDN?","10","T1_serial_probe_ready"
"community","d_624","Rohde & Schwarz ZNLE4 矢量网络分析仪","Rohde & Schwarz","SERIAL","pyserial","*IDN?","10","T1_serial_probe_ready"
"community","d_625","Rohde & Schwarz ZNLE6 矢量网络分析仪","Rohde & Schwarz","SERIAL","pyserial","*IDN?","10","T1_serial_probe_ready"
"community","d_626","ERA Instruments ERASynth+ 开源射频信号发生器","ERA Instruments","VISA_SCPI","lantz/VISA","","10","T2_visa_needs_rs232_idn"
"community","d_627","ERA Instruments ERASynth++ 开源射频信号发生器","ERA Instruments","VISA_SCPI","lantz/VISA","","10","T2_visa_needs_rs232_idn"
"community","d_628","Valon 5015 高精度频率合成器","Valon","VISA_SCPI","lantz/VISA","","1","T2_visa_needs_rs232_idn"
"community","d_63","Lauda LOOP L250 帕尔贴循环恒温器","Lauda","SERIAL","pyserial","","0","T1b_serial_probe_tbd"
"community","d_630","Thorlabs KBD101 K-Cube无刷直流伺服电机控制器","Thorlabs","SERIAL","pyserial","*IDN?","10","T1_serial_probe_ready"
"community","d_635","Thorlabs BPC001 单通道台式压电控制器","Thorlabs","SERIAL","pyserial","*IDN?","10","T1_serial_probe_ready"
"community","d_636","Thorlabs BPC002 双通道台式压电控制器","Thorlabs","SERIAL","pyserial","*IDN?","10","T1_serial_probe_ready"
"community","d_639","Thorlabs BNT001 台式NanoTrak控制器","Thorlabs","SERIAL","pyserial","*IDN?","10","T1_serial_probe_ready"
"community","d_64","Thermo NESLAB RTE-740/RTE-111 制冷加热循环浴","Thermo Scientific","SERIAL","pyserial","","10","T1b_serial_probe_tbd"
"community","d_640","Thorlabs BMS001 单通道台式步进电机控制器","Thorlabs","SERIAL","pyserial","*IDN?","10","T1_serial_probe_ready"
"community","d_641","Thorlabs BMS002 双通道台式步进电机控制器","Thorlabs","SERIAL","pyserial","*IDN?","10","T1_serial_probe_ready"
"community","d_642","Thorlabs BDC101 单通道台式直流伺服电机控制器","Thorlabs","SERIAL","pyserial","*IDN?","10","T1_serial_probe_ready"
"community","d_643","Thorlabs TPA101 T-Cube光束位置对准器","Thorlabs","SERIAL","pyserial","*IDN?","10","T1_serial_probe_ready"
"community","d_644","Thorlabs TQD001 T-Cube PSD自动对准四象限探测器控制器","Thorlabs","SERIAL","pyserial","*IDN?","10","T1_serial_probe_ready"
"community","d_645","Thorlabs MFF102 电动滤光片翻转架","Thorlabs","SERIAL","pyserial","*IDN?","10","T1_serial_probe_ready"
"community","d_646","Thorlabs KLS101 K-Cube LED/光源驱动器","Thorlabs","SERIAL","pyserial","*IDN?","10","T1_serial_probe_ready"
"community","d_647","Thorlabs KNA101 K-Cube NanoTrak自动对准控制器","Thorlabs","SERIAL","pyserial","*IDN?","10","T1_serial_probe_ready"
"community","d_648","Thorlabs KSG101 K-Cube应变片读数器","Thorlabs","SERIAL","pyserial","*IDN?","10","T1_serial_probe_ready"
"community","d_65","Masterflex L/S 蠕动泵系统","Masterflex","SERIAL","pyserial","","10","T1b_serial_probe_tbd"
"community","d_650","T-Cube步进电机控制器","Thorlabs","SERIAL","pyserial","","10","T1b_serial_probe_tbd"
"community","d_651","T-Cube压电控制器","Thorlabs","SERIAL","pyserial","","10","T1b_serial_probe_tbd"
"community","d_652","T-Cube应变仪读数器","Thorlabs","VISA_SCPI","scpi-framework","","6","T2_visa_needs_rs232_idn"
"community","d_653","T-Cube无刷直流电机控制器","Thorlabs","SERIAL","pyserial","","10","T1b_serial_probe_tbd"
"community","d_655","单通道压电控制器","Thorlabs","SERIAL","pyserial","","10","T1b_serial_probe_tbd"
"community","d_656","模块化机架步进电机控制器","Thorlabs","SERIAL","pyserial","","10","T1b_serial_probe_tbd"
"community","d_657","模块化机架压电控制器","Thorlabs","SERIAL","pyserial","","10","T1b_serial_probe_tbd"
"community","d_658","纳米定位器控制器","Thorlabs","SERIAL","pyserial","","10","T1b_serial_probe_tbd"
"community","d_659","直流伺服电机控制器","Thorlabs","SERIAL","pyserial","","10","T1b_serial_probe_tbd"
"community","d_660","T-Cube激光二极管控制器","Thorlabs","SERIAL","pyserial","","10","T1b_serial_probe_tbd"
"community","d_661","T-Cube惯性电机控制器","Thorlabs","VISA_SCPI","scpi-framework","","6","T2_visa_needs_rs232_idn"
"community","d_662","紧凑型光功率计","Thorlabs","VISA_SCPI","scpi-framework","SYST:SENSOR:IDN?","4","T2_visa_needs_rs232_idn"
"community","d_663","3通道开环压电控制器","Thorlabs","SERIAL","pyserial","*IDN?","10","T1_serial_probe_ready"
"community","d_664","4通道开环压电控制器","Thorlabs","SERIAL","pyserial","*IDN?","10","T1_serial_probe_ready"
"community","d_665","电动双位置滑块","Thorlabs","SERIAL","pyserial","","10","T1b_serial_probe_tbd"
"community","d_666","电动4位置滤光片滑块","Thorlabs","SERIAL","pyserial","","10","T1b_serial_probe_tbd"
"community","d_667","电动旋转台","Thorlabs","SERIAL","pyserial","","10","T1b_serial_probe_tbd"
"community","d_67","Watson-Marlow 520/530 蠕动泵","Watson-Marlow","VISA_SCPI","lantz/VISA","<1,RS,??>","9","T2_visa_needs_rs232_idn"
"community","d_68","Gilson Minipuls 3 蠕动泵","Gilson","SERIAL","pyserial","","10","T1b_serial_probe_tbd"
"community","d_681","Lake Shore 218低温温度监测仪","Lake Shore","SERIAL","pyserial","INPUT? {}","9","T1_serial_probe_ready"
"community","d_682","Lake Shore 235低温温度控制器","Lake Shore","SERIAL","pyserial","INPUT? {}","9","T1_serial_probe_ready"
"community","d_683","Laser Quantum Finesse DPSS泵浦激光器","Laser Quantum","UNKNOWN","","SERIAL?","10","T4_manual_review"
"community","d_684","Lighthouse Photonics Sprout-G绿光泵浦激光器","Lighthouse Photonics","VISA_SCPI","scpi-framework","","4","T2_visa_needs_rs232_idn"
"community","d_687","Sirah Matisse连续波单频可调谐环形激光器","Sirah","VISA_SCPI","lantz/VISA","ERROR:CODE?","10","T2_visa_needs_rs232_idn"
"community","d_697","Trinamic TMCM-1110 StepRocker单轴步进电机控制器/驱动器","Trinamic","SERIAL","pyserial","","10","T1b_serial_probe_tbd"
"community","d_698","Trinamic TMCM-3110三轴步进电机控制器/驱动器模块","Trinamic","SERIAL","pyserial","","10","T1b_serial_probe_tbd"
"community","d_699","Trinamic TMCM-6110六轴步进电机控制器/驱动器模块","Trinamic","SERIAL","pyserial","","10","T1b_serial_probe_tbd"
"community","d_70","ThalesNano H-Cube 连续流动加氢反应器","ThalesNano","TCP","network-framework","TC1?","8","T3_network_needs_ext"
"community","d_703","E5071C ENA Vector Network Analyzer","Keysight","UNKNOWN","",":OUTPUT:STATE?","10","T4_manual_review"
"community","d_704","LM-510 Liquid Level Monitor","Cryomagnetics","SERIAL","pyserial","CHAN?","10","T1_serial_probe_ready"
"community","d_705","PS 2000 B Series DC Laboratory Power Supply","Elektro-Automatik","UNKNOWN","","","10","T4_manual_review"
"community","d_709","TF-100 Tunable Filter","OZOptics","SERIAL","pyserial","W?","10","T1_serial_probe_ready"
"community","d_71","Uniqsis FlowSyn 流动化学反应系统","Uniqsis","TCP","socket","","2","T3_network_needs_ext"
"community","d_710","DD-100 Variable Attenuator","OZOptics","SERIAL","pyserial","W?","10","T1_serial_probe_ready"
"community","d_711","EPC-04 Electronic Polarization Controller","OZOptics","SERIAL","pyserial","W?","10","T1_serial_probe_ready"
"community","d_712","E5CC Temperature Controller","Omron","SERIAL","pyserial","","6","T1b_serial_probe_tbd"
"community","d_714","TPG261 Single-Channel Vacuum Gauge Controller","Pfeiffer","UNKNOWN","","","0","T4_manual_review"
"community","d_715","TPG262 Dual-Channel Vacuum Gauge Controller","Pfeiffer","UNKNOWN","","","0","T4_manual_review"
"community","d_72","VICI Valco 多位置选择阀","VICI Valco","SERIAL","pyserial","","2","T1b_serial_probe_tbd"
"community","d_723","Conrad USB/Serial Relay Board","Conrad","SERIAL","pyserial","","6","T1b_serial_probe_tbd"
"community","d_725","Silicon Software microEnable系列图像采集卡","Silicon Software","USB_SDK","usb/dll","","10","T3u_usb_sdk_not_serial"
"community","d_726","BitFlow Axion/Aon/Neon系列Camera Link图像采集卡","BitFlow","USB_SDK","usb/dll","","10","T3u_usb_sdk_not_serial"
"community","d_73","IDEX MX Series II 多位置选择阀","IDEX Health & Science","SERIAL","pyserial","","8","T1b_serial_probe_tbd"
"community","d_730","Omicron DeepStar系列高速调制半导体激光器","Coherent","SERIAL","pyserial","","5","T1b_serial_probe_tbd"
"community","d_731","Coherent OBIS智能激光模块系列","Coherent","SERIAL","pyserial","","6","T1b_serial_probe_tbd"
"community","d_732","Coherent Sapphire光泵半导体激光器","Coherent","SERIAL","pyserial","","7","T1b_serial_probe_tbd"
"community","d_734","CoolLED pE-300系列显微镜LED光源","CoolLED","SERIAL","pyserial","","7","T1b_serial_probe_tbd"
"community","d_735","CoolLED pE-4000通用型16波长LED荧光光源","CoolLED","SERIAL","pyserial","","7","T1b_serial_probe_tbd"
"community","d_736","LUDL MAC2000模块化显微镜自动化控制器","LUDL","SERIAL","pyserial","","10","T1b_serial_probe_tbd"
"community","d_737","Lumencor Spectra III 固态光源引擎","Lumencor","SERIAL","pyserial","","5","T1b_serial_probe_tbd"
"community","d_738","Prior ProScanIII 显微镜自动化控制器","Prior Scientific","SERIAL","pyserial","","10","T1b_serial_probe_tbd"
"community","d_739","Zaber Nucleus X-LCA4 四通道LED控制器","Zaber","SERIAL","pyserial","","10","T1b_serial_probe_tbd"
"community","d_740","Aurox Clarity 无激光共聚焦模块","Aurox","UNKNOWN","","","10","T4_manual_review"
"community","d_741","Thorlabs ELL12 六位电动光学滑块","Thorlabs","SERIAL","pyserial","","1","T1b_serial_probe_tbd"
"community","d_746","Andor Kymera 328i 智能多模式光谱仪","Andor","USB_SDK","usb/dll","","10","T3u_usb_sdk_not_serial"
"community","d_748","Omicron LuxX 高性能半导体激光器","Omicron","SERIAL","pyserial","","10","T1b_serial_probe_tbd"
"community","d_749","Omicron LuxX+ 增强型半导体激光器","Omicron","SERIAL","pyserial","","10","T1b_serial_probe_tbd"
"community","d_75","IKA RV 10 旋转蒸发仪","IKA","SERIAL","pyserial","","10","T1b_serial_probe_tbd"
"community","d_750","Omicron PhoxX Diode Laser","Omicron","SERIAL","pyserial","","10","T1b_serial_probe_tbd"
"community","d_751","Omicron BrixX Diode Laser","Omicron","SERIAL","pyserial","","10","T1b_serial_probe_tbd"
"community","d_752","Omicron LedHUB LED Light Engine","Omicron","SERIAL","pyserial","","10","T1b_serial_probe_tbd"
"community","d_753","Lumencor SPECTRA X Light Engine","Lumencor","SERIAL","pyserial","","5","T1b_serial_probe_tbd"
"community","d_754","Hamamatsu C10600 FESCA-200 Streak Camera","Hamamatsu","SERIAL","pyserial","","10","T1b_serial_probe_tbd"
"community","d_756","Thermo Fisher BeamShift Controller","Thermo Fisher","TCP","socket","","10","T3_network_needs_ext"
"community","d_758","Tescan VEGA SEM","Tescan","TCP","socket","","5","T3_network_needs_ext"
"community","d_759","Zeiss SmartSEM","Zeiss","SERIAL","pyserial","","10","T1b_serial_probe_tbd"
"community","d_76","Universal Robots UR3 协作机器人","Universal Robots","TCP","socket","","10","T3_network_needs_ext"
"community","d_762","PI E-725 Digital Piezo Controller","Physik Instrumente","SERIAL","pyserial","","10","T1b_serial_probe_tbd"
"community","d_763","PI E-709 Digital Piezo Controller","Physik Instrumente","SERIAL","pyserial","","10","T1b_serial_probe_tbd"
"community","d_766","Princeton Instruments SpectraPro SP-2150i Spectrograph","Princeton Instruments","SERIAL","pyserial","?turret","10","T1_serial_probe_ready"
"community","d_767","Princeton Instruments SpectraPro SP-2300i Spectrograph","Princeton Instruments","SERIAL","pyserial","?turret","10","T1_serial_probe_ready"
"community","d_768","Princeton Instruments SpectraPro SP-2500i Spectrograph","Princeton Instruments","SERIAL","pyserial","?turret","10","T1_serial_probe_ready"
"community","d_769","Princeton Instruments SpectraPro SP-2750i Spectrograph","Princeton Instruments","SERIAL","pyserial","?turret","10","T1_serial_probe_ready"
"community","d_77","Universal Robots UR5 协作机器人","Universal Robots","TCP","socket","","10","T3_network_needs_ext"
"community","d_770","Newport ESP301 Motion Controller/Driver, 3-Axis, USB, RS232","Newport","VISA_SCPI","scpi-framework","TB?","6","T2_visa_needs_rs232_idn"
"community","d_771","Trinamic TMCM-1140 Stepper Motor Controller/Driver Module","Trinamic","SERIAL","pyserial","","10","T1b_serial_probe_tbd"
"community","d_772","Trinamic TMCM-3214 3-Axis Stepper Motor Controller","Trinamic","SERIAL","pyserial","","10","T1b_serial_probe_tbd"
"community","d_773","Trinamic TMCM-1211 STEPROCKER Stepper Motor Controller/Driver Module","Trinamic","SERIAL","pyserial","","10","T1b_serial_probe_tbd"
"community","d_776","PicoQuant SymPhoTime 64 时间分辨荧光分析软件","PicoQuant","USB_SDK","usb/dll","","10","T3u_usb_sdk_not_serial"
"community","d_777","PiezoMotor PMD401 Piezo LEGS压电电机控制器","PiezoMotor","SERIAL","pyserial","","10","T1b_serial_probe_tbd"
"community","d_778","PiezoMotor PMD301 Piezo LEGS压电电机控制器","PiezoMotor","SERIAL","pyserial","","10","T1b_serial_probe_tbd"
"community","d_78","Universal Robots UR10 协作机器人","Universal Robots","TCP","socket","","10","T3_network_needs_ext"
"community","d_780","Orsay Physics FIB Server 聚焦离子束系统","Tescan","TCP","socket","","8","T3_network_needs_ext"
"community","d_785","NI PCIe-6361 X系列多功能数据采集卡","National Instruments","DAQ_GPIO","daq/gpio","AO","9","T3d_daq_gpio_local"
"community","d_786","NI PCIe-6363 X系列多功能数据采集卡","National Instruments","DAQ_GPIO","daq/gpio","AO","9","T3d_daq_gpio_local"
"community","d_788","Active Technologies ARB Rider AWG-401x 任意波形发生器","Active Technologies","VISA_SCPI","lantz/VISA","","4","T2_visa_needs_rs232_idn"
"community","d_79","Universal Robots UR3e 协作机器人","Universal Robots","TCP","socket","","10","T3_network_needs_ext"
"community","d_790","Advantest R3767CG 矢量网络分析仪","Marconi Instruments","VISA_SCPI","scpi-framework","*IDN?","0","T2_visa_needs_rs232_idn"
"community","d_791","Advantest R6245 直流电压/电流源监测器","Advantest","VISA_SCPI","scpi-framework","*IDN?","0","T2_visa_needs_rs232_idn"
"community","d_792","Advantest R6246 双通道直流电压/电流源监测器","Advantest","VISA_SCPI","scpi-framework","*IDN?","0","T2_visa_needs_rs232_idn"
"community","d_793","Agilent/Keysight 33500系列 Trueform波形发生器","Keysight","VISA_SCPI","lantz/VISA","*OPC?","7","T2_visa_needs_rs232_idn"
"community","d_795","Agilent/Keysight 34450A 5.5位数字万用表","Keysight","VISA_SCPI","scpi-framework","","9","T2_visa_needs_rs232_idn"
"community","d_796","Agilent/Keysight 4284A 精密LCR表","Keysight","VISA_SCPI","lantz/VISA","STAT:OPER?","5","T2_visa_needs_rs232_idn"
"community","d_797","Agilent/Keysight 4294A 精密阻抗分析仪","Keysight","VISA_SCPI","scpi-framework","OUTPERRO?","2","T2_visa_needs_rs232_idn"
"community","d_798","Agilent/Keysight 8257D PSG模拟信号发生器","Keysight","VISA_SCPI","scpi-framework","","10","T2_visa_needs_rs232_idn"
"community","d_799","Agilent/Keysight 8722ES 矢量网络分析仪","Keysight","VISA_SCPI","lantz/VISA","POIN?","8","T2_visa_needs_rs232_idn"
"community","d_8","Sartorius EA/EB/GD/GE/TE系列电子天平","Sartorius","SERIAL","pyserial","","5","T1b_serial_probe_tbd"
"community","d_80","Universal Robots UR5e 协作机器人","Universal Robots","TCP","socket","","10","T3_network_needs_ext"
"community","d_800","Keysight B2981A 飞安/皮安电流计","Keysight","SERIAL","pyserial","*IDN?","0","T1_serial_probe_ready"
"community","d_801","Keysight B2983B 皮安表/飞安表","Keysight","VISA_SCPI","scpi-framework","","0","T2_visa_needs_rs232_idn"
"community","d_802","Keysight B2985B 静电计/高阻计","Keysight","VISA_SCPI","scpi-framework","","0","T2_visa_needs_rs232_idn"
"community","d_803","Keysight B2987B 静电计/高阻计（电池供电型）","Keysight","VISA_SCPI","scpi-framework","","0","T2_visa_needs_rs232_idn"
"community","d_804","Keysight E4408B ESA-L 基础频谱分析仪","Keysight","VISA_SCPI","scpi-framework",":TRACE:DATA? TRACE%d;","3","T2_visa_needs_rs232_idn"
"community","d_805","Keysight E5062A ENA-L RF网络分析仪","Keysight","VISA_SCPI","lantz/VISA","CALC{ch}:PARameter:COUNt?","7","T2_visa_needs_rs232_idn"
"community","d_806","Keysight N8975A 噪声系数分析仪","Keysight","VISA_SCPI","lantz/VISA","","6","T2_visa_needs_rs232_idn"
"community","d_807","Aim-TTi LD400P 可编程直流电子负载","Aim-TTi","VISA_SCPI","lantz/VISA","","1","T2_visa_needs_rs232_idn"
"community","d_808","AMI Model 430 磁铁电源编程器","American Magnetics","TCP","socket","PSwitch?","10","T3_network_needs_ext"
"community","d_809","AnaPico APSIN12G 模拟信号发生器","Anapico","VISA_SCPI","scpi-framework","","2","T2_visa_needs_rs232_idn"
"community","d_81","UR5e协作机械臂","Universal Robots","TCP","socket","","3","T3_network_needs_ext"
"community","d_810","Andeen-Hagerling AH2500A 超精密自动电容电桥","Andeen-Hagerling","VISA_SCPI","scpi-framework","","2","T2_visa_needs_rs232_idn"
"community","d_811","Anritsu MG3692C 微波信号发生器","Anritsu","VISA_SCPI","scpi-framework",":OUTPUT?","4","T2_visa_needs_rs232_idn"
"community","d_812","Anritsu MS2090A Field Master Pro 便携式频谱分析仪","Anritsu","VISA_SCPI","scpi-framework","","3","T2_visa_needs_rs232_idn"
"community","d_813","Anritsu MS4642B VectorStar 矢量网络分析仪","Anritsu","VISA_SCPI","scpi-framework","","1","T2_visa_needs_rs232_idn"
"community","d_814","Anritsu MS4644B VectorStar 矢量网络分析仪","Anritsu","VISA_SCPI","scpi-framework","","1","T2_visa_needs_rs232_idn"
"community","d_815","Anritsu MS4645B VectorStar 矢量网络分析仪","Anritsu","VISA_SCPI","scpi-framework","","1","T2_visa_needs_rs232_idn"
"community","d_816","Anritsu MS4647B VectorStar 矢量网络分析仪","Anritsu","VISA_SCPI","scpi-framework","","1","T2_visa_needs_rs232_idn"
"community","d_817","Anritsu MS9710C 光谱分析仪","Anritsu","VISA_SCPI","scpi-framework","*OPC?","7","T2_visa_needs_rs232_idn"
"community","d_818","Anritsu MS9740A 光谱分析仪","Anritsu","VISA_SCPI","scpi-framework","","1","T2_visa_needs_rs232_idn"
"community","d_819","BK Precision 9130B 三路输出可编程直流电源","BK Precision","VISA_SCPI","scpi-framework","MEASure:SCALar:VOLTage:DC?","1","T2_visa_needs_rs232_idn"
"community","d_82","UR10e工业机械臂","Universal Robots","TCP","socket","","3","T3_network_needs_ext"
"community","d_820","Danfysik System 8500 电流稳定高性能电源","Danfysik","VISA_SCPI","scpi-framework","PO","9","T2_visa_needs_rs232_idn"
"community","d_821","Delta Elektronika SM70-45D 可编程直流电源","Delta Elektronika","VISA_SCPI","scpi-framework","","5","T2_visa_needs_rs232_idn"
"community","d_823","Eurotest HPP-120-256 高压直流电源","Eurotest","VISA_SCPI","lantz/VISA","","6","T2_visa_needs_rs232_idn"
"community","d_824","F.W. Bell 5080 手持式高斯计","F.W. Bell","SERIAL","pyserial",":UNIT:FLUX?","4","T1_serial_probe_ready"
"community","d_825","HP 33120A 函数/任意波形发生器","Keysight","VISA_SCPI","scpi-framework","","1","T2_visa_needs_rs232_idn"
"community","d_826","HP 34401A 6½位数字万用表","Keysight","VISA_SCPI","lantz/VISA","","4","T2_visa_needs_rs232_idn"
"community","d_827","HP 3437A 系统电压表","Keysight","VISA_SCPI","scpi-framework","","6","T2_visa_needs_rs232_idn"
"community","d_828","HP 3478A 5½位数字万用表","Keysight","VISA_SCPI","scpi-framework","","8","T2_visa_needs_rs232_idn"
"community","d_829","HP 8560A 便携式频谱分析仪","Keysight","VISA_SCPI","lantz/VISA","","4","T2_visa_needs_rs232_idn"
"community","d_83","UR16e重载协作机械臂","Universal Robots","SERIAL","pyserial","","10","T1b_serial_probe_tbd"
"community","d_830","HP 8561B 便携式频谱分析仪","Keysight","VISA_SCPI","lantz/VISA","","4","T2_visa_needs_rs232_idn"
"community","d_832","HP 8753E RF矢量网络分析仪","Keysight","VISA_SCPI","lantz/VISA","*IDN?","9","T2_visa_needs_rs232_idn"
"community","d_833","HP 11713A 衰减器/开关驱动器","Keysight","VISA_SCPI","scpi-framework","","3","T2_visa_needs_rs232_idn"
"community","d_834","HP 6632A 系统直流电源","Keysight","VISA_SCPI","lantz/VISA","","4","T2_visa_needs_rs232_idn"
"community","d_835","HP 6633A 系统直流电源","Keysight","VISA_SCPI","lantz/VISA","","4","T2_visa_needs_rs232_idn"
"community","d_836","HP 6634A 系统直流电源","Keysight","VISA_SCPI","lantz/VISA","","4","T2_visa_needs_rs232_idn"
"community","d_837","ILX Lightwave LDP-3811 脉冲激光二极管驱动器","Newport","VISA_SCPI","scpi-framework","","7","T2_visa_needs_rs232_idn"
"community","d_838","INFICON SQM-160 薄膜沉积速率/厚度监控仪","Inficon","VISA_SCPI","lantz/VISA","","7","T2_visa_needs_rs232_idn"
"community","d_839","IPG Photonics YAR 掺镱连续光纤放大器","IPG Photonics","VISA_SCPI","lantz/VISA","RERR","6","T2_visa_needs_rs232_idn"
"community","d_84","Meca500六轴工业机器人","Mecademic","TCP","socket","","10","T3_network_needs_ext"
"community","d_840","Keithley 2200系列可编程直流电源","Tektronix","TCP","socket","","3","T3_network_needs_ext"
"community","d_841","Keithley 2260B系列可编程直流电源","Tektronix","TCP","socket","","3","T3_network_needs_ext"
"community","d_842","Keithley 2281S动态电池模拟器","Tektronix","TCP","socket","","3","T3_network_needs_ext"
"community","d_843","Keithley 2306双通道电池/充电器模拟器","Tektronix","TCP","socket","","3","T3_network_needs_ext"
"community","d_844","Keithley 2510 TEC源表","Tektronix","VISA_SCPI","scpi-framework","","8","T2_visa_needs_rs232_idn"
"community","d_846","Keithley DMM6500 6.5位触屏数字万用表","Tektronix","VISA_SCPI","scpi-framework","","0","T2_visa_needs_rs232_idn"
"community","d_847","Keithley DAQ6510数据采集与记录万用表系统","Tektronix","TCP","socket","","3","T3_network_needs_ext"
"community","d_848","Keysight 81160A脉冲/函数/任意/噪声发生器","Keysight","VISA_SCPI","scpi-framework","","0","T2_visa_needs_rs232_idn"
"community","d_849","Keysight DSOX1102G InfiniiVision示波器","Keysight","VISA_SCPI","scpi-framework",":channel%d?","9","T2_visa_needs_rs232_idn"
"community","d_85","Hamilton Vantage液体处理工作站","Hamilton","SERIAL","pyserial","","0","T1b_serial_probe_tbd"
"community","d_850","Keysight E36312A三路输出可编程直流电源","Keysight","VISA_SCPI","scpi-framework","","0","T2_visa_needs_rs232_idn"
"community","d_851","Keysight N5767A系统直流电源","Keysight","VISA_SCPI","scpi-framework","","0","T2_visa_needs_rs232_idn"
"community","d_852","Keysight N7776C高功率低SSE可调谐激光源","Keysight","VISA_SCPI","scpi-framework","","0","T2_visa_needs_rs232_idn"
"community","d_853","Kuhne Electronic KUSG 245-250A微波信号发生器","Kuhne Electronic","VISA_SCPI","lantz/VISA","r?","7","T2_visa_needs_rs232_idn"
"community","d_854","Lake Shore 211温度监控仪","Lake Shore","VISA_SCPI","scpi-framework","","0","T2_visa_needs_rs232_idn"
"community","d_855","Lake Shore 224温度监控仪","Lake Shore","VISA_SCPI","scpi-framework","","0","T2_visa_needs_rs232_idn"
"community","d_856","Lake Shore 421高斯计","Lake Shore","VISA_SCPI","scpi-framework","","0","T2_visa_needs_rs232_idn"
"community","d_857","Lake Shore 425高斯计","Lake Shore","VISA_SCPI","scpi-framework","","0","T2_visa_needs_rs232_idn"
"community","d_859","MKS 937B数字组合真空计控制器","MKS Instruments","VISA_SCPI","lantz/VISA","","0","T2_visa_needs_rs232_idn"
"community","d_86","Hamilton Nimbus液体处理工作站","Hamilton","SERIAL","pyserial","","0","T1b_serial_probe_tbd"
"community","d_860","MKS 974B QuadMag三合一真空传感器","MKS Instruments","VISA_SCPI","lantz/VISA","","1","T2_visa_needs_rs232_idn"
"community","d_861","Novanta FPU60激光电源单元","Novanta","VISA_SCPI","scpi-framework","TIMERS?","3","T2_visa_needs_rs232_idn"
"community","d_864","Parker GV6伺服电机控制器","Parker","VISA_SCPI","scpi-framework","TASF","9","T2_visa_needs_rs232_idn"
"community","d_865","Pendulum CNT-91定时器/计数器/分析仪","Pendulum","VISA_SCPI","scpi-framework","FORM:SMAX?","5","T2_visa_needs_rs232_idn"
"community","d_866","Philips PM6669高精度频率计数器","Racal-Dana","VISA_SCPI","scpi-framework","++spoll","5","T2_visa_needs_rs232_idn"
"community","d_868","Racal-Dana 1992通用频率计数器","Racal-Dana","VISA_SCPI","lantz/VISA","","9","T2_visa_needs_rs232_idn"
"community","d_869","Rigol DG800系列任意波形发生器","Rigol","VISA_SCPI","scpi-framework","","0","T2_visa_needs_rs232_idn"
"community","d_870","Rohde & Schwarz FSL频谱分析仪","Rohde & Schwarz","VISA_SCPI","scpi-framework","","10","T2_visa_needs_rs232_idn"
"community","d_871","Rohde & Schwarz FSW信号与频谱分析仪","Rohde & Schwarz","VISA_SCPI","scpi-framework","","10","T2_visa_needs_rs232_idn"
"community","d_872","Rohde & Schwarz SFM电视测试发射机","Rohde & Schwarz","VISA_SCPI","scpi-framework","","10","T2_visa_needs_rs232_idn"
"community","d_873","Siglent SPD1305X线性可编程直流电源","Siglent","VISA_SCPI","scpi-framework","C{ch}:WF? ALL","2","T2_visa_needs_rs232_idn"
"community","d_874","Siglent SDS1072CML数字示波器","Siglent","VISA_SCPI","scpi-framework","C{ch}:WF? ALL","2","T2_visa_needs_rs232_idn"
"community","d_875","SDS1000X-HD系列数字示波器","Siglent","VISA_SCPI","scpi-framework",":WAVeform:PREamble?","4","T2_visa_needs_rs232_idn"
"community","d_878","XRV系列工业X射线发生器","Spellman","VISA_SCPI","lantz/VISA","30","8","T2_visa_needs_rs232_idn"
"community","d_879","LDC500激光二极管控制器","Stanford Research Systems","VISA_SCPI","scpi-framework","","4","T2_visa_needs_rs232_idn"
"community","d_880","SG380系列射频信号发生器","Stanford Research Systems","VISA_SCPI","scpi-framework","OPTN? 2","6","T2_visa_needs_rs232_idn"
"community","d_882","CXN射频溅射电源","TC Power Conversion","VISA_SCPI","lantz/VISA","","5","T2_visa_needs_rs232_idn"
"community","d_885","AFG3152C任意函数发生器","Tektronix","VISA_SCPI","scpi-framework","*OPC?","4","T2_visa_needs_rs232_idn"
"community","d_889","PRO8000模块化激光驱动器","Thorlabs","VISA_SCPI","scpi-framework","","3","T2_visa_needs_rs232_idn"
"community","d_890","Smartline V1真空计","Thyracont","VISA_SCPI","lantz/VISA","","3","T2_visa_needs_rs232_idn"
"community","d_891","VSH系列真空变送器","Thyracont","VISA_SCPI","lantz/VISA","","10","T2_visa_needs_rs232_idn"
"community","d_892","VSM真空测量仪","Thyracont","VISA_SCPI","lantz/VISA","","10","T2_visa_needs_rs232_idn"
"community","d_893","VSP真空传感器","Thyracont","VISA_SCPI","lantz/VISA","","10","T2_visa_needs_rs232_idn"
"community","d_894","VSR系列真空变送器","Thyracont","VISA_SCPI","lantz/VISA","","10","T2_visa_needs_rs232_idn"
"community","d_898","AQ6373可见光波长光谱分析仪","Yokogawa","VISA_SCPI","scpi-framework","OS;E","9","T2_visa_needs_rs232_idn"
"community","d_899","AQ6373B可见光波长光谱分析仪","Yokogawa","VISA_SCPI","scpi-framework","OS;E","9","T2_visa_needs_rs232_idn"
"community","d_900","Yokogawa AQ6375 Long Wavelength Optical Spectrum Analyzer","Yokogawa","VISA_SCPI","scpi-framework","OS;E","9","T2_visa_needs_rs232_idn"
"community","d_901","Yokogawa AQ6375B Long Wavelength Optical Spectrum Analyzer","Yokogawa","VISA_SCPI","scpi-framework","OS;E","9","T2_visa_needs_rs232_idn"
"community","d_93","Shimadzu Nexera X2超高效液相色谱仪","Shimadzu","SERIAL","pyserial","","10","T1b_serial_probe_tbd"
"community","d_96","Inheco ODTC在线热循环仪","Inheco","TCP","socket","","5","T3_network_needs_ext"
"community","d_99","Lambda OMNICOLL馏分收集器","Lambda","SERIAL","pyserial","","9","T1b_serial_probe_tbd"
"community","e3631_a","E3631A 80W Triple Output Power Supply, 6V, 5A & ±25V, 1A [Obsolete]","Keysight","VISA_SCPI","lantz/VISA","MEAS:VOLT?","10","T2_visa_needs_rs232_idn"
"community","echo_device","Echo Device","Open Source","USB_SDK","usb/dll","","2","T3u_usb_sdk_not_serial"
"community","eeprom","Generic Eeprom","Open Standard","USB_SDK","camera/spectro-sdk","","46","T3u_usb_sdk_not_serial"
"community","ee_prom_feature","prominent/德国普罗名特  电磁隔膜计量泵","上海骊葆科学仪器有限公司","UNKNOWN","","","4","T4_manual_review"
"community","emc20","Emc20","EMC Microcollections","SERIAL","pyserial","M","2","T1_serial_probe_ready"
"community","endpoint","Endpoint","Open Source","USB_SDK","usb/dll","","3","T3u_usb_sdk_not_serial"
"community","enumerate","Enumerate","Open Source","VISA_SCPI","lantz/VISA","*IDN?","12","T2_visa_needs_rs232_idn"
"community","era_synth","Exception","ERA Instruments","SERIAL","pyserial","","12","T1b_serial_probe_tbd"
"community","esp300","esp300","","SERIAL","pyserial","","418","T1b_serial_probe_tbd"
"community","esp32_camera","Esp32 Camera","Espressif Systems","USB_SDK","camera/spectro-sdk","","17","T3u_usb_sdk_not_serial"
"community","esp32_device","Esp32 Device","Espressif Systems","SERIAL","pyserial","","2","T1b_serial_probe_tbd"
"community","ets2090","Positioners Archives","ETS-Lindgren","VISA_SCPI","scpi-framework","*OPC?","5","T2_visa_needs_rs232_idn"
"community","eurotherm2408","eurotherm2408","","SERIAL","pyserial","","55","T1b_serial_probe_tbd"
"community","eurotherm__instrument","eurotherm__instrument","","SERIAL","pyserial","","454","T1b_serial_probe_tbd"
"community","exr","Keysight EXR Series Real-Time Oscilloscope 示波器","Keysight Technologies","VISA_SCPI","lantz/VISA","","0","T2_visa_needs_rs232_idn"
"community","extended_request_support","Extended Request Support","Open Source","SERIAL","pyserial","","32","T1b_serial_probe_tbd"
"community","ex_rxx4_a","Expert Benchtop Oscilloscopes","Keysight","VISA_SCPI","lantz/VISA","","0","T2_visa_needs_rs232_idn"
"community","ex_rxx8_a","Expert Benchtop Oscilloscopes","Keysight","VISA_SCPI","lantz/VISA","","0","T2_visa_needs_rs232_idn"
"community","feature_identification_device","Generic Feature Identification Device","Open Source","USB_SDK","camera/spectro-sdk","","151","T3u_usb_sdk_not_serial"
"community","feetech_motors_bus","Feetech RC Model Feetech Motors Bus","Feetech RC Model","SERIAL","pyserial","","16","T1b_serial_probe_tbd"
"community","fiber_shaker","fiber_shaker","","SERIAL","pyserial","","418","T1b_serial_probe_tbd"
"community","fibsem","Electron microscopy","Thermo Fisher","USB_SDK","camera/spectro-sdk","","44","T3u_usb_sdk_not_serial"
"community","file","file","","UNKNOWN","","","2","T4_manual_review"
"community","file_communicator","Generic File Communicator","Open Source","VISA_SCPI","scpi-framework","","9","T2_visa_needs_rs232_idn"
"community","file_device","file_device","","UNKNOWN","","*IDN?","1210","T4_manual_review"
"community","file_io","File IO","Open Source","UNKNOWN","","","8","T4_manual_review"
"community","file_member","file_member","","TCP","socket","Warning: inline data between tags?!\n","418","T3_network_needs_ext"
"community","file_watcher","File Watcher","Open Source","TCP","socket","","9","T3_network_needs_ext"
"community","filter_wheel","Filter Wheel","Open Source","SERIAL","pyserial","","5","T1b_serial_probe_tbd"
"community","fire_sting","fire_sting","","SERIAL","pyserial","","1210","T1b_serial_probe_tbd"
"community","flash_firmware","Flash Firmware","Open Source","SERIAL","pyserial","","0","T1b_serial_probe_tbd"
"community","fluke3000","Fluke 3000 FC Series Wireless Multimeter","Fluke","VISA_SCPI","scpi-framework","","7","T2_visa_needs_rs232_idn"
"community","frame_grabber","Frame Grabber","Open Source","TCP","socket","","3","T3_network_needs_ext"
"community","ftp_base_wrapper","韩国ilSHinBioBase 进口深冷冻箱 GUDERO CHEST系列","Jeio Tech Co., Ltd - 上海代表处","TCP","network/rest","","8","T3_network_needs_ext"
"community","ftp_wrapper","Newport Corporation Ftp Wrapper 驱动封装 自动化设备 驱动封装","Newport Corporation (MKS)","TCP","network/rest","","7","T3_network_needs_ext"
"community","function_generator","Generic Laboratory Function Generator 函数信号发生器","Open Source","VISA_SCPI","scpi-framework","","8","T2_visa_needs_rs232_idn"
"community","func_gen","WIGGENS  WHT-150恒温恒湿箱","维根技术（北京）有限公司（WIGGENS）","VISA_SCPI","lantz/VISA","*IDN?","33","T2_visa_needs_rs232_idn"
"community","furnace","furnace","","SERIAL","pyserial","","4","T1b_serial_probe_tbd"
"community","fw102_b","fw102_b","","SERIAL","pyserial","pos?\r","418","T1_serial_probe_ready"
"community","g2_v_sunbrick","g2_v_sunbrick","","SERIAL","pyserial","","185","T1b_serial_probe_tbd"
"community","galil","Galil 运动控制器 自动化设备 Galil","Galil Motion Control","UNKNOWN","","","18","T4_manual_review"
"community","gatan_socket","gatan_socket","","TCP","socket","","54","T3_network_needs_ext"
"community","gauge_serial","Generic Serial Vacuum Gauge 真空","Open Source","TCP","network/rest","","2","T3_network_needs_ext"
"community","gcode_client","UFACTORY Gcode Client 客户端 机械臂 气相色谱仪","UFACTORY (xArm)","TCP","socket","","3","T3_network_needs_ext"
"community","general_purpose_udp_multicast_bus","Open Standard General Purpose UDP Multicast Bus","Open Standard","TCP","socket","","4","T3_network_needs_ext"
"community","gev_device","Open Standard Device","Open Standard (GigE Vision)","UNKNOWN","","","0","T4_manual_review"
"community","gh_advantest_r624x","Products and Solutions｜ADVANTEST CORPORATION","Advantest","VISA_SCPI","lantz/VISA","*IDN?","13","T2_visa_needs_rs232_idn"
"community","gh_ad_g","A&D G系列","A&D","VISA_SCPI","lantz/VISA","*IDN?","14","T2_visa_needs_rs232_idn"
"community","gh_agilent_4156","4156C Precision Semiconductor Parameter Analyzer [Obsolete]","Keysight","VISA_SCPI","scpi-framework",":PAGE:SCON:MEAS:SING; *OPC?","7","T2_visa_needs_rs232_idn"
"community","gh_agilent_b298x","B2985A Electrometer / High Resistance Meter, 0.01 fA [Discontinued]","Keysight","VISA_SCPI","scpi-framework","","20","T2_visa_needs_rs232_idn"
"community","gh_agilent_e4980","Benchtop LCR Meters: E4980A","Keysight","VISA_SCPI","scpi-framework","","20","T2_visa_needs_rs232_idn"
"community","gh_agilent_e4980a","str","Keysight","SERIAL","pyserial","","11","T1b_serial_probe_tbd"
"community","gh_agilent_e5270b","Current-Voltage Analyzers: E5270B","Keysight","VISA_SCPI","scpi-framework","","20","T2_visa_needs_rs232_idn"
"community","gh_agilent_hplc_chemstation","1260 Infinity III 液相色谱系统","Agilent","UNKNOWN","","","17","T4_manual_review"
"community","gh_agilent_vspin","Agilent V-Spin Microplate Centrifuge","Agilent","SERIAL","pyserial","","17","T1b_serial_probe_tbd"
"community","gh_aja_dcxs","AJA International, Inc. Sputtering Tools and Systems","AJA","VISA_SCPI","lantz/VISA","","2","T2_visa_needs_rs232_idn"
"community","gh_aja_international_dcxs_750","AJA International, Inc. Sputtering Tools and Systems","AJA","VISA_SCPI","lantz/VISA","","2","T2_visa_needs_rs232_idn"
"community","gh_andeen_hagerling_ah2500a","Andeen-Hagerling AH 2500A Capacitance Bridge","Andeen-Hagerling","VISA_SCPI","scpi-framework","","2","T2_visa_needs_rs232_idn"
"community","gh_andeen_hagerling_ah2700a","Andeen-Hagerling AH 2700A Capacitance Bridge","Andeen-Hagerling","VISA_SCPI","scpi-framework","*IDN?","2","T2_visa_needs_rs232_idn"
"community","gh_andeen_hagerling_ah_2500a","Andeen-Hagerling AH 2500A Capacitance Bridge","Andeen-Hagerling","VISA_SCPI","scpi-framework","","2","T2_visa_needs_rs232_idn"
"community","gh_andeen_hagerling_ah_2700a","Andeen-Hagerling AH 2700A Capacitance Bridge","Andeen-Hagerling","VISA_SCPI","scpi-framework","*IDN?","2","T2_visa_needs_rs232_idn"
"community","gh_applied_biosystems_quantstudio_3","QuantStudio&trade; 3 Real-Time PCR System, 96-well, 0.2 mL, laptop","Thermo Fisher","TCP","network/rest","","5","T3_network_needs_ext"
"community","gh_applied_biosystems_quantstudio_5","QuantStudio&trade; 5 Real-Time PCR System, 96-well, 0.2 mL, desktop","Thermo Fisher","TCP","network/rest","","5","T3_network_needs_ext"
"community","gh_applied_biosystems_quantstudio_6_flex","QuantStudio 6 and 7 Flex Real-Time PCR Systems","Thermo Fisher","TCP","network/rest","","5","T3_network_needs_ext"
"community","gh_applied_biosystems_viia_7","Applied Biosystems Real-Time PCR Instruments","Thermo Fisher","TCP","network/rest","","5","T3_network_needs_ext"
"community","gh_arbin_mits_pro","Battery Test Equipment","Arbin","TCP","socket","","2","T3_network_needs_ext"
"community","gh_avantes_avaspec_2048_2","You searched for","Avantes","UNKNOWN","","","49","T4_manual_review"
"community","gh_azenta_a4s","Azenta a4S","Azenta","SERIAL","pyserial","","0","T1b_serial_probe_tbd"
"community","gh_biotek_cytation_5","BioTek Cytation 5","Agilent","SERIAL","pyserial","","17","T1b_serial_probe_tbd"
"community","gh_biotek_el406","BioTek EL406 Washer Dispenser","Agilent","UNKNOWN","","","20","T4_manual_review"
"community","gh_bk_precision_891","Model 891","BK Precision","SERIAL","pyserial","*IDN?","37","T1_serial_probe_ready"
"community","gh_boston_micromachines_","Deformable Mirrors for Wavefront Control","Boston Micromachines","SERIAL","pyserial","","25","T1b_serial_probe_tbd"
"community","gh_brooks_xpeel","Brooks XPeel","Brooks","SERIAL","pyserial","","20","T1b_serial_probe_tbd"
"community","gh_bruker_vertex_80v","VERTEX Research FT-IR Spectrometer","Bruker","UNKNOWN","","CLOSE_OPUS","21","T4_manual_review"
"community","gh_chemyx_fusion","Fusion 100X Precision Dosing Two-Channel Infusion Syringe Pump","Chemyx","SERIAL","pyserial","","7","T1b_serial_probe_tbd"
"community","gh_ch_instruments_chi1205b","CH Instruments CHI1205B","CH Instruments","UNKNOWN","","","13","T4_manual_review"
"community","gh_ch_instruments_chi601e","CH Instruments CHI601E","CH Instruments","UNKNOWN","","","13","T4_manual_review"
"community","gh_ch_instruments_chi760e","CH Instruments CHI760E","CH Instruments","UNKNOWN","","","13","T4_manual_review"
"community","gh_cincinnati_sub_zero_ezt_570i","EZT-570 Touch Screen Controller","Cincinnati Sub-Zero","UNKNOWN","","","12","T4_manual_review"
"community","gh_dobot_magician","Magician Robot","Dobot","SERIAL","pyserial","","10","T1b_serial_probe_tbd"
"community","gh_dwyer_16b","Dwyer Series 16B Temperature Controller","Dwyer","SERIAL","pyserial","","17","T1b_serial_probe_tbd"
"community","gh_epson_scara_rc90","Epson SCARA","Epson","TCP","network-framework","ResetRobotStatus","6","T3_network_needs_ext"
"community","gh_espec_","Environmental Test Chambers | Products | Products & Services","Espec","SERIAL","pyserial","","63","T1b_serial_probe_tbd"
"community","gh_espec_p300","Bench-Top Type Temperature (& Humidity) Chamber | Environmental Test Chambers","Espec","SERIAL","pyserial","","63","T1b_serial_probe_tbd"
"community","gh_eurotherm_2408","Eurotherm 2408","Eurotherm","SERIAL","pyserial","","6","T1b_serial_probe_tbd"
"community","gh_eurotherm_2416","Eurotherm 2416","Eurotherm","SERIAL","pyserial","","12","T1b_serial_probe_tbd"
"community","gh_eurotherm_3216","3216 IGES file","Eurotherm","SERIAL","pyserial","","4","T1b_serial_probe_tbd"
"community","gh_eurotherm_3500","Eurotherm 3500/3504","Eurotherm","MODBUS","modbus","","1","T2m_modbus_probeable"
"community","gh_fanuc_m_900ib","FANUC M-900iB/700","FANUC","TCP","socket","","44","T3_network_needs_ext"
"community","gh_gilson_402","Gilson 402 Syringe Pump","Gilson","TCP","network-framework","SELECT guid FROM sketches WHERE guid = ?","18","T3_network_needs_ext"
"community","gh_harvard_apparatus_pump_11","Standard Infuse/Withdraw PHD 22/2000 Syringe Pumps","Harvard Apparatus","SERIAL","pyserial","","9","T1b_serial_probe_tbd"
"community","gh_heidolph_mr_hei_connect","Heidolph MR Hei-Connect Magnetic Stirrer","Heidolph","SERIAL","pyserial","","5","T1b_serial_probe_tbd"
"community","gh_hioki_im3536","Hioki IM3536","Hioki","UNKNOWN","","*IDN?","2","T4_manual_review"
"community","gh_hp_5890_gc__5971","气质联用系统","Agilent","UNKNOWN","","","19","T4_manual_review"
"community","gh_idex_rheodyne_mx_series_ii","Rheodyne MX II Stand-Alone Valves","IDEX Health & Science","SERIAL","pyserial","","8","T1b_serial_probe_tbd"
"community","gh_ika_eurostar_60","EUROSTAR 60 digital","IKA","SERIAL","pyserial","","3","T1b_serial_probe_tbd"
"community","gh_ika_matrix_orbital","MATRIX Orbital","IKA","SERIAL","pyserial","","3","T1b_serial_probe_tbd"
"community","gh_ika_plate_rct_digital","Magnetrührer Heizrührer Laborrührer Rührer Mischen","IKA","SERIAL","pyserial","","10","T1b_serial_probe_tbd"
"community","gh_ika_rct_5_digital","RCT 5 digital","IKA","SERIAL","pyserial","","3","T1b_serial_probe_tbd"
"community","gh_illumina_hiseq_2500","Sequencing platforms","Illumina","UNKNOWN","","","22","T4_manual_review"
"community","gh_imagine_optic_mirao_52e","Imagine Optic Mirao 52e","Imagine Optic","SERIAL","pyserial","","25","T1b_serial_probe_tbd"
"community","gh_intellemetrics_il800","IL570 Overview","Intellemetrics","SERIAL","pyserial","","4","T1b_serial_probe_tbd"
"community","gh_iorodeo_rodeostat","Rodeostat: open source potentiostat","IoRodeo","SERIAL","pyserial","","57","T1b_serial_probe_tbd"
"community","gh_ismatec_reglo_icc","Ismatec Reglo ICC","Ismatec","UNKNOWN","","1#","33","T4_manual_review"
"community","gh_jenway_6305","Cole Parmer® Lab Equipment and Cole Parmer® Essentials Supplies","Jenway","SERIAL","pyserial","","13","T1b_serial_probe_tbd"
"community","gh_julabo_fp51_sl","Julabo FP51-SL","Julabo","SERIAL","pyserial","VERSION","30","T1_serial_probe_ready"
"community","gh_kd_scientific_legato_100","Legato® 100 Syringe Pump","KD Scientific","SERIAL","pyserial","","13","T1b_serial_probe_tbd"
"community","gh_keithley_2400","Keithley 2400 Standard Series SMU","Tektronix","VISA_SCPI","scpi-framework","","30","T2_visa_needs_rs232_idn"
"community","gh_keithley_2401","Keithley 2400 Standard Series SMU","Tektronix","VISA_SCPI","scpi-framework",":READ?","3","T2_visa_needs_rs232_idn"
"community","gh_keithley_2450","Keithley 2450","Tektronix","VISA_SCPI","scpi-framework","","17","T2_visa_needs_rs232_idn"
"community","gh_keithley_2600","2600B Series SMU","Tektronix","VISA_SCPI","scpi-framework","","21","T2_visa_needs_rs232_idn"
"community","gh_keithley_2601b","2600B Series SMU","Tektronix","VISA_SCPI","scpi-framework","*IDN?","1","T2_visa_needs_rs232_idn"
"community","gh_keithley_2602b","2600B Series SMU","Tektronix","VISA_SCPI","scpi-framework","*IDN?","1","T2_visa_needs_rs232_idn"
"community","gh_keithley_2604b","2600B Series SMU","Tektronix","VISA_SCPI","scpi-framework","*IDN?","1","T2_visa_needs_rs232_idn"
"community","gh_keithley_2614b","2600B Series SMU","Tektronix","VISA_SCPI","scpi-framework","*IDN?","1","T2_visa_needs_rs232_idn"
"community","gh_keithley_2636b","2600B Series SMU","Tektronix","VISA_SCPI","scpi-framework","*IDN?","1","T2_visa_needs_rs232_idn"
"community","gh_keithley_6220","Keithley 6220","Tektronix","VISA_SCPI","scpi-framework","","10","T2_visa_needs_rs232_idn"
"community","gh_keithley_6221","Keithley 6221","Tektronix","VISA_SCPI","scpi-framework","","21","T2_visa_needs_rs232_idn"
"community","gh_keithley_6430","Keithley 6430","Tektronix","VISA_SCPI","scpi-framework",":READ?","4","T2_visa_needs_rs232_idn"
"community","gh_keithley_6514","Keithley 6514","Tektronix","VISA_SCPI","scpi-framework","FETC?","3","T2_visa_needs_rs232_idn"
"community","gh_keithley_6517b","Keithley 6517B","Tektronix","VISA_SCPI","scpi-framework","","14","T2_visa_needs_rs232_idn"
"community","gh_kern_eoc","KERN & SOHN: Der Experte für Waagen, Mikroskope & Messgeräte","Kern","SERIAL","pyserial","","1","T1b_serial_probe_tbd"
"community","gh_keysight_b1500","B1500A Semiconductor Device Parameter Analyzer / Semiconductor Characterization","Keysight","VISA_SCPI","scpi-framework","","18","T2_visa_needs_rs232_idn"
"community","gh_keysight_b2962a","B2962A 6.5-Digit Low Noise Power Source [Discontinued]","Keysight","VISA_SCPI","scpi-framework","","18","T2_visa_needs_rs232_idn"
"community","gh_keysight_e4980a","Benchtop LCR Meters: E4980A","Keysight","VISA_SCPI","scpi-framework","","18","T2_visa_needs_rs232_idn"
"community","gh_knauer_k_120","Knauer K-120","Knauer","TCP","network-framework","V?","2","T3_network_needs_ext"
"community","gh_lakeshore_331","Model 331 Cryogenic Temperature Controller","Lake Shore","VISA_SCPI","scpi-framework","","5","T2_visa_needs_rs232_idn"
"community","gh_lakeshore_336","Model 336 cryogenic temperature controller","Lake Shore","VISA_SCPI","scpi-framework","RDGFIELD?","1","T2_visa_needs_rs232_idn"
"community","gh_lakeshore_340","Model 340 Cryogenic Temperature Controller","Lake Shore","VISA_SCPI","scpi-framework","RDGFIELD?","1","T2_visa_needs_rs232_idn"
"community","gh_lakeshore_370","Model 370 AC Resistance Bridge","Lake Shore","VISA_SCPI","scpi-framework","RDGFIELD?","1","T2_visa_needs_rs232_idn"
"community","gh_lakeshore_model_325","Model 325 cryogenic temperature controller","Lake Shore","VISA_SCPI","scpi-framework","","30","T2_visa_needs_rs232_idn"
"community","gh_lakeshore_model_335","Model 335 cryogenic temperature controller","Lake Shore","VISA_SCPI","lantz/VISA","","10","T2_visa_needs_rs232_idn"
"community","gh_lake_shore_m81","M81-SSM Synchronous Source Measure System","Lake Shore","VISA_SCPI","scpi-framework","","14","T2_visa_needs_rs232_idn"
"community","gh_liconic_stx88","The Storex STX Line","LiCONiC","TCP","socket","","19","T3_network_needs_ext"
"community","gh_maccor_macnet","Next Generation Battery Tester","Maccor","TCP","socket","","2","T3_network_needs_ext"
"community","gh_magritek_spinsolve","null","Magritek","UNKNOWN","","","18","T4_manual_review"
"community","gh_masterflex_cole_parmer_l","Masterflex (Cole-Parmer) L/S 07523系列","Masterflex","SERIAL","pyserial","","21","T1b_serial_probe_tbd"
"community","gh_metrohm_autolab_pgstat","Metrohm Autolab PGSTAT Potentiostat","Metrohm Autolab","SW_AUTO","windows-sw-automation","","13","T3s_sw_automation"
"community","gh_mettler_toledo_mt_sics","str","Mettler Toledo","VISA_SCPI","scpi-framework","TAC","5","T2_visa_needs_rs232_idn"
"community","gh_mettler_toledo_quantos_q2","Mettler Toledo Quantos Q2","Mettler Toledo","SERIAL","pyserial","","22","T1b_serial_probe_tbd"
"community","gh_mettler_toledo_xs204mt_sics","Analytical Balances","Mettler Toledo","SERIAL","pyserial","","13","T1b_serial_probe_tbd"
"community","gh_mettler_toledo_xs204_mt_sics","Mettler Toledo XS204","Mettler Toledo","SERIAL","pyserial","","13","T1b_serial_probe_tbd"
"community","gh_molecular_devices_imagexpress_pico","ImageXpress Pico Automated Cell Imaging System","Molecular Devices","ROBOT","robot/ros-sdk","","12","T3r_robot_sdk"
"community","gh_montana_instruments_cryostation","str","Montana Instruments","SERIAL","pyserial","","11","T1b_serial_probe_tbd"
"community","gh_neware_bts_8_0","Neware BTS 8.0系列","Neware","TCP","socket","","16","T3_network_needs_ext"
"community","gh_nikon_ti2_e","ECLIPSE Ti2 Series","Nikon","USB_SDK","usb/dll","","30","T3u_usb_sdk_not_serial"
"community","gh_novocontrol_alpha_analyzer","Run1","Novocontrol","UNKNOWN","","","13","T4_manual_review"
"community","gh_omega_iseries","OMEGA iSeries Temperature/Process Controller","Omega Engineering","SERIAL","pyserial","","2","T1b_serial_probe_tbd"
"community","gh_openids_openids_v1","INDUCTION LAUNCHER","OpenIDS","SERIAL","pyserial","","10","T1b_serial_probe_tbd"
"community","gh_opentrons_temperature_module","Opentrons Temperature Module","Opentrons","SERIAL","pyserial","M115","9","T1_serial_probe_ready"
"community","gh_oxford_instruments_itc503","Oxford Instruments ITC503","Oxford Instruments","VISA_SCPI","scpi-framework","","3","T2_visa_needs_rs232_idn"
"community","gh_oxford_instruments_triton","Oxford Instruments Triton","Oxford Instruments","VISA_SCPI","scpi-framework","*IDN?","2","T2_visa_needs_rs232_idn"
"community","gh_palmsens_palmsens4","PalmSens4","PalmSens","SW_AUTO","windows-sw-automation","","22","T3s_sw_automation"
"community","gh_pco_pco_edge_4_2","pco.edge Cooled sCMOS Cameras","PCO","USB_SDK","usb/dll","","5","T3u_usb_sdk_not_serial"
"community","gh_polyscience_4100","Refrigerated/Heated Circulating Baths","PolyScience","TCP","socket","","13","T3_network_needs_ext"
"community","gh_polyscience_advanced_digital","Refrigerated/Heated Circulating Baths","PolyScience","TCP","socket","","13","T3_network_needs_ext"
"community","gh_precise_automation_pf400","Precise Automation PF400","Precise Automation","TCP","network-framework","","46","T3_network_needs_ext"
"community","gh_quantum_design_opticool","Quantum Design OptiCool","Quantum Design","VISA_SCPI","lantz/VISA","*IDN?","5","T2_visa_needs_rs232_idn"
"community","gh_radwag_r","Look again","Radwag","SERIAL","pyserial","*IDN?","18","T1_serial_probe_ready"
"community","gh_renishaw_invia_qontor","Renishaw: inVia confocal Raman microscope","Renishaw","UNKNOWN","","","2","T4_manual_review"
"community","gh_sartorius_ea","Laboratory Balances & Scales","Sartorius","SERIAL","pyserial","","5","T1b_serial_probe_tbd"
"community","gh_sartorius_entris","Entris® II Laboratory Balances","Sartorius","UNKNOWN","","","3","T4_manual_review"
"community","gh_sartorius_miras","Weighing Solutions","Sartorius","UNKNOWN","","","3","T4_manual_review"
"community","gh_sartorius_quintix","Sartorius Quintix","Sartorius","SERIAL","pyserial","","9","T1b_serial_probe_tbd"
"community","gh_sartorius_rline","Sartorius rLINE","Sartorius","SERIAL","pyserial","","11","T1b_serial_probe_tbd"
"community","gh_shimadzu_cbm_20a","null","Shimadzu","TCP","network/rest","","7","T3_network_needs_ext"
"community","gh_specs_xrc1000","UXC 1000","SPECS","SERIAL","pyserial","","2","T1b_serial_probe_tbd"
"community","gh_ssi_teledyne_next_generation","MX Class","SSI","SERIAL","pyserial","","6","T1b_serial_probe_tbd"
"community","gh_stanford_research_systems_cs580","CS580 Current Source","Stanford Research Systems","VISA_SCPI","scpi-framework","*IDN?","3","T2_visa_needs_rs232_idn"
"community","gh_stanford_research_systems_ctc100","Cryogenic Temperature Controller - CTC100","Stanford Research Systems","VISA_SCPI","scpi-framework","{}.units?","5","T2_visa_needs_rs232_idn"
"community","gh_teledyne_isco_260d","Teledyne Isco 260D","Teledyne Isco","SERIAL","pyserial","","32","T1b_serial_probe_tbd"
"community","gh_thermotek_t255p","Thermotek","Thermotek","VISA_SCPI","lantz/VISA","U","5","T2_visa_needs_rs232_idn"
"community","gh_thermotron_3800","8800 Controller","Thermotron","VISA_SCPI","scpi-framework","","4","T2_visa_needs_rs232_idn"
"community","gh_thermo_fisher_titan","null","Thermo Fisher","TCP","socket","","72","T3_network_needs_ext"
"community","gh_thorlabs_kiralux","Thorlabs Kiralux/Zelux","Thorlabs","UNKNOWN","","*IDN?","16","T4_manual_review"
"community","gh_thorlabs_tc200","TC200DiscontinuedTemperature Controller, 120 VAC Power Cord","Thorlabs","VISA_SCPI","scpi-framework","*IDN?","1","T2_visa_needs_rs232_idn"
"community","gh_watlow_ez_zone_pm","DISCONTINUED: EZ-ZONE® PM Panel Mount Controller","Watlow","MODBUS","modbus","","7","T2m_modbus_probeable"
"community","gh_wpi_al1000","Search","WPI","SERIAL","pyserial","","13","T1b_serial_probe_tbd"
"community","gh_yaskawa_motoman_fs100","FS100","Yaskawa","TCP","socket","","1","T3_network_needs_ext"
"community","gh_yokogawa_gs200","Yokogawa GS200 DC Voltage/Current Source","Yokogawa","VISA_SCPI","scpi-framework",":SENS?","34","T2_visa_needs_rs232_idn"
"community","gh_zahner_zennium","Precision, flexibility, reliability, and performance","Zahner","TCP","socket","","10","T3_network_needs_ext"
"community","gh_zeiss_merlin","ZEISS GeminiSEM​","Zeiss","UNKNOWN","","","47","T4_manual_review"
"community","gh_zke_ebc_a05","无法访问此网站","ZKE","SERIAL","pyserial","","0","T1b_serial_probe_tbd"
"community","glassman_fr","Glassman Glassman Fr","Glassman (XP Power)","VISA_SCPI","scpi-framework","V","15","T2_visa_needs_rs232_idn"
"community","gnss_base_service","韩国ilSHinBioBase 进口深冷冻箱 GUDERO CHEST系列","Jeio Tech Co., Ltd - 上海代表处","UNKNOWN","","","31","T4_manual_review"
"community","gpib_communicator","Generic Gpib Communicator GPIB设备","National Instruments","VISA_SCPI","scpi-framework","+ver","11","T2_visa_needs_rs232_idn"
"community","gpio_pca9554","NXP Semiconductors Use basil implementation of i2c","NXP Semiconductors","UNKNOWN","","","1","T4_manual_review"
"community","grblboard","Open GRBL Controller Board 控制器","Open Source (GRBL)","SERIAL","pyserial","","17","T1b_serial_probe_tbd"
"community","grbl_com_serial","Grbl COM Serial","GRBL (Open Source)","SERIAL","pyserial","","9","T1b_serial_probe_tbd"
"community","grbl_controller","Grbl Controller","GRBL (Open Source)","SERIAL","pyserial","","11","T1b_serial_probe_tbd"
"community","grbl_driver","Open GRBL Motor Driver","Open Source (GRBL)","SERIAL","pyserial","?","25","T1_serial_probe_ready"
"community","gripper","Generic Robotic Gripper 夹爪","Open Source","SERIAL","pyserial","","20","T1b_serial_probe_tbd"
"community","gripper_controller","Robotiq 夹爪控制器 机械臂 控制器","Robotiq Inc.","MODBUS","modbus","","7","T2m_modbus_probeable"
"community","gsioc","gsioc","","SERIAL","pyserial","","5","T1b_serial_probe_tbd"
"community","gsioc_interface","gsioc_interface","","SERIAL","pyserial","","6","T1b_serial_probe_tbd"
"community","gsv3_usb","Customized sensors - perfectly integrated into your component.","ME-Systeme GmbH","SERIAL","pyserial","","1","T1b_serial_probe_tbd"
"community","gs_usb_bus","GS USB BUS","Open Standard","USB_SDK","usb/dll","","2","T3u_usb_sdk_not_serial"
"community","hamamatsu_h11890_device","Hamamatsu H11890 Device","Hamamatsu Photonics","UNKNOWN","","","16","T4_manual_review"
"community","hamilton_heater_shaker_backend","Hamilton Heater Shaker Backend 后端模块 恒温摇床 后端控制器","Hamilton Company","ROBOT","robot/ros-sdk","","13","T3r_robot_sdk"
"community","hamilton_heater_shaker_box","便携式植物表型平台KeyBox","上海泽泉科技股份有限公司","ROBOT","robot/ros-sdk","","13","T3r_robot_sdk"
"community","hamilton_tcp_backend","Hamilton Tcp Backend 后端模块 移液工作站 后端控制器","Hamilton Company","TCP","socket","","9","T3_network_needs_ext"
"community","hamilton_tilt_module_backend","Hamilton Tilt Module Backend 后端模块 移液工作站 后端控制器","Hamilton Company","SERIAL","pyserial","","23","T1b_serial_probe_tbd"
"community","handle","Generic Handle","Open Source","USB_SDK","usb/dll","","16","T3u_usb_sdk_not_serial"
"community","hardpotato__instrument","hardpotato__instrument","","UNKNOWN","","","8","T4_manual_review"
"community","hardpotato__serial","hardpotato__serial","","SERIAL","pyserial","","10","T1b_serial_probe_tbd"
"community","harvester","Harvester","Open Source (GenICam)","USB_SDK","camera/spectro-sdk","","19","T3u_usb_sdk_not_serial"
"community","hdlc","Hdlc","Open Standard (HDLC)","UNKNOWN","","","8","T4_manual_review"
"community","hd_device","Zurich Zurich Instruments HD Device","Zurich Instruments","VISA_SCPI","lantz/VISA","*IDN?","49","T2_visa_needs_rs232_idn"
"community","heraeus_cytomat_backend","Thermo Heraeus Cytomat 培养箱 培养箱 培养箱","Thermo Fisher Scientific","SERIAL","pyserial","","16","T1b_serial_probe_tbd"
"community","hp3325a","3325A Synthesizer/Function Generator [Obsolete]","Keysight","VISA_SCPI","scpi-framework","*IDN?","4","T2_visa_needs_rs232_idn"
"community","hp3456a","HP 3456A 6½-Digit Digital Multimeter","Keysight","VISA_SCPI","scpi-framework","","4","T2_visa_needs_rs232_idn"
"community","hp3488_a","3488A Switch/Control Unit Operating, Programming, and Configuration Manual","Keysight","VISA_SCPI","scpi-framework","","1","T2_visa_needs_rs232_idn"
"community","hp437_b","437B High Performance Single Channel Average Power Meter [Obsolete]","Keysight","VISA_SCPI","scpi-framework","?","15","T2_visa_needs_rs232_idn"
"community","hp4395_a","HP 4395A Network/Spectrum/Impedance Analyzer","Keysight","VISA_SCPI","lantz/VISA","*IDN?","12","T2_visa_needs_rs232_idn"
"community","hp59501_b","59501B D/A CONVERTER [Obsolete]","Keysight","VISA_SCPI","scpi-framework","*ID?","1","T2_visa_needs_rs232_idn"
"community","hp6624a","6624A DC Power Supply, Quad-Output, 2 Outputs at 7V/5A, 2 Outputs at 20V/2A,","Keysight","VISA_SCPI","scpi-framework","","1","T2_visa_needs_rs232_idn"
"community","hp6632b","6632B 100 Watt System Power Supply, 20V, 5A [Obsolete]","Keysight","SERIAL","pyserial","SYST:ERR?","3","T1_serial_probe_ready"
"community","hp6652a","str","Keysight","VISA_SCPI","scpi-framework","*IDN?","2","T2_visa_needs_rs232_idn"
"community","hp8116_a","HP 8116A 50 MHz Pulse/Function Generator","Keysight","VISA_SCPI","scpi-framework","SOURce:FUNCtion:SHAPe?","1","T2_visa_needs_rs232_idn"
"community","hp85645_a","85645A 300 kHz to 26.5 GHz tracking source [Obsolete]","Keysight","VISA_SCPI","scpi-framework","SOURce:FREQuency:MODE?","4","T2_visa_needs_rs232_idn"
"community","hp8657_a","Technical Support: 8657A Synthesized Signal Generator, 100 kHz to 1040 MHz","Keysight","VISA_SCPI","lantz/VISA","","4","T2_visa_needs_rs232_idn"
"community","hp8714_es_wrapper","HP 8714ES RF网络分析仪","Keysight","TCP","network-framework","OUTP:STAT?","26","T3_network_needs_ext"
"community","hp8901_b","HP 8901B 调制分析仪","Keysight","VISA_SCPI","scpi-framework","ID","2","T2_visa_needs_rs232_idn"
"community","hp8903_b","Hp8903 B","Hewlett-Packard","VISA_SCPI","scpi-framework","CST","0","T2_visa_needs_rs232_idn"
"community","hri","Generic High Resolution Imager","Open Source","VISA_SCPI","lantz/VISA","{} !RFGAIN","19","T2_visa_needs_rs232_idn"
"community","http_connection","http_connection","","SERIAL","pyserial","","117","T1b_serial_probe_tbd"
"community","http_rule_pusher","http_rule_pusher","","TCP","socket","","418","T3_network_needs_ext"
"community","http_task_pusher","http_task_pusher","","TCP","socket","","418","T3_network_needs_ext"
"community","h_pe3631a","Hewlett-Packard HP E3631A Triple Output Power Supply 电源","Hewlett-Packard (Keysight)","VISA_SCPI","scpi-framework","SOUR:VOLT?","9","T2_visa_needs_rs232_idn"
"community","i2c","Open Standard I2C","Open Standard","UNKNOWN","","","10","T4_manual_review"
"community","i7540d","I-7540D","ICP DAS","TCP","socket","","9","T3_network_needs_ext"
"community","ieee488","Open Standard IEEE 488 functions","Open Standard (IEEE 488)","VISA_SCPI","lantz/VISA","*IDN?","7","T2_visa_needs_rs232_idn"
"community","ieee4882_driver","Generic Ieee4882 Driver","Open Standard (IEEE 488.2)","VISA_SCPI","lantz/VISA","*IDN?","25","T2_visa_needs_rs232_idn"
"community","image_acquirer","Image Acquirer","Open Source","USB_SDK","camera/spectro-sdk","","33","T3u_usb_sdk_not_serial"
"community","incubator_stx","incubator_stx","","TCP","socket","","7","T3_network_needs_ext"
"community","inheco_incubator_shaker_stack_backend","Inheco CPAC加热和制冷模块","皕赫科学仪器（上海）有限公司","SERIAL","pyserial","","70","T1b_serial_probe_tbd"
"community","inheco_incubator_shaker_unit","Inheco CPAC加热和制冷模块","皕赫科学仪器（上海）有限公司","SERIAL","pyserial","","68","T1b_serial_probe_tbd"
"community","inheco_tec_control_box","CPAC – Cold Plate Air Cooled Heater/Cooler","Inheco","ROBOT","robot/ros-sdk","","5","T3r_robot_sdk"
"community","innova300_c","Coherent Innova 300C 氩离子激光器 分析仪器 激光器","Coherent Corp.","VISA_SCPI","lantz/VISA","PRINT {}","14","T2_visa_needs_rs232_idn"
"community","instrument_db","Instrument DB","Open Source","TCP","socket","","34","T3_network_needs_ext"
"community","instrument_drivers__device","instrument_drivers__device","","TCP","socket","*IDN?","32","T3_network_needs_ext"
"community","instrument_drivers__scpi","instrument_drivers__scpi","","TCP","socket","*IDN?","185","T3_network_needs_ext"
"community","instru_socket","Instru Socket","Open Source","SERIAL","pyserial","","2","T1b_serial_probe_tbd"
"community","integer_id_rule","integer_id_rule","","TCP","socket","","418","T3_network_needs_ext"
"community","io_slave","io_slave","","SERIAL","pyserial","","5","T1b_serial_probe_tbd"
"community","io_slave_always_open","io_slave_always_open","","SERIAL","pyserial","","418","T1b_serial_probe_tbd"
"community","ip_connection","ip_connection","","TCP","socket","","1210","T3_network_needs_ext"
"community","iq","IQ","Open Source","UNKNOWN","","<?xml version=\","8","T4_manual_review"
"community","iseg_hv","Iseg HV","ISEG Spezialelektronik","SERIAL","pyserial","","61","T1b_serial_probe_tbd"
"community","isotcp_connection","Generic Isotcp Connection","Open Standard","TCP","socket","","5","T3_network_needs_ext"
"community","it63_xx","It63 XX","ITECH Electronics","SERIAL","pyserial","*IDN?","7","T1_serial_probe_ready"
"community","it8500","ITECH IT8500+ 可编程直流电子负载","ITECH Electronics","VISA_SCPI","lantz/VISA","MEAS:VOLT:DC?","10","T2_visa_needs_rs232_idn"
"community","iv__combined__backend","Generic I-V Combined Measurement Backend 后端控制器","Open Source","VISA_SCPI","lantz/VISA","","5","T2_visa_needs_rs232_idn"
"community","ix2","Olympus IX2系列倒置研究显微镜","Evident","VISA_SCPI","lantz/VISA","1UNIT?","9","T2_visa_needs_rs232_idn"
"community","ixbx","Olympus IX/BX 系列显微镜 光学显微镜 显微镜","Olympus (Evident)","VISA_SCPI","lantz/VISA","1UNIT?","10","T2_visa_needs_rs232_idn"
"community","i_backend","I Backend","Open Source","USB_SDK","usb/dll","","25","T3u_usb_sdk_not_serial"
"community","i_chrome_mle","I Chrome MLE","TOPTICA Photonics","SERIAL","pyserial","","1","T1b_serial_probe_tbd"
"community","i_stream","I Stream","Open Source","SERIAL","pyserial","","3","T1b_serial_probe_tbd"
"community","ja_socket","JA Socket","Open Source","TCP","socket","*IDN?","7","T3_network_needs_ext"
"community","ja_visa","JA Visa","Open Source","VISA_SCPI","lantz/VISA","*IDN?","8","T2_visa_needs_rs232_idn"
"community","julabo1000_f","Discontinued products MAGIO MS-1000F","Julabo","UNKNOWN","","","15","T4_manual_review"
"community","julabo_f32_hd","Discontinued products F32-HL","Julabo","UNKNOWN","","","7","T4_manual_review"
"community","julabo_fp50","Discontinued products FP50-HL","Julabo","UNKNOWN","","","11","T4_manual_review"
"community","k2015","K2015","Keithley Instruments","SERIAL","pyserial","*IDN?","6","T1_serial_probe_ready"
"community","kaxxxxp","Korad KAxxxxP 可编程直流电源 实验设备 电源","Korad Technology","VISA_SCPI","lantz/VISA","VOUT1?","9","T2_visa_needs_rs232_idn"
"community","keithley195","Keithley 195/195A System Digital Multimeter","Tektronix","VISA_SCPI","scpi-framework","","5","T2_visa_needs_rs232_idn"
"community","keithley485","Keithley 485 Autoranging Picoammeter","Tektronix","VISA_SCPI","scpi-framework","U0X","3","T2_visa_needs_rs232_idn"
"community","keithley580","Model 580 Micro-ohmmeter Specifications Rev. A","Tektronix","VISA_SCPI","scpi-framework","","10","T2_visa_needs_rs232_idn"
"community","keithley6220","Keithley 6220 DC Precision Current Source","Tektronix","VISA_SCPI","scpi-framework","","1","T2_visa_needs_rs232_idn"
"community","keithley6514","Keithley 6514 System Electrometer","Tektronix","VISA_SCPI","scpi-framework","FETC?","3","T2_visa_needs_rs232_idn"
"community","keithley79996","Keithley Instruments & Products","Tektronix","VISA_SCPI","scpi-framework","","0","T2_visa_needs_rs232_idn"
"community","kel10_x","KEL100 Series DC Electronic Load","KORAD","VISA_SCPI","lantz/VISA",":MEAS:VOLT?","11","T2_visa_needs_rs232_idn"
"community","keyboard_listener","Keyboard Listener","Open Source","SERIAL","pyserial","","4","T1b_serial_probe_tbd"
"community","keysight","Keysight 仪器通用接口 分析仪器 Keysight","Keysight Technologies","VISA_SCPI","lantz/VISA","DISPlay:BOOKmark1:XPOSition?","44","T2_visa_needs_rs232_idn"
"community","keysight_dsox2024_a_wrapper","Keysight InfiniiVision DSOX2024A Digital Storage Oscilloscope","Keysight","TCP","network-framework",":WAV:PRE?","20","T3_network_needs_ext"
"community","keysight_field_fox","Keysight FieldFox N9914A 手持式RF分析仪","Keysight","VISA_SCPI","scpi-framework","SENS:SWE:POIN?","3","T2_visa_needs_rs232_idn"
"community","keysight_infinii_vision_x","Keysight Infinii Vision X","Keysight Technologies","VISA_SCPI","lantz/VISA","*IDN?","5","T2_visa_needs_rs232_idn"
"community","keysight_n90nn_b","Expert Signal Analyzers: N9030B","Keysight","VISA_SCPI","scpi-framework",":INST:SEL?","3","T2_visa_needs_rs232_idn"
"community","kvaser_bus","Kvaser Bus","Kvaser","SERIAL","pyserial","","4","T1b_serial_probe_tbd"
"community","lakeshore336","Model 336 cryogenic temperature controller","Lake Shore","SERIAL","pyserial","","2","T1b_serial_probe_tbd"
"community","lakeshore340","Model 340 Cryogenic Temperature Controller","Lake Shore","VISA_SCPI","scpi-framework","","2","T2_visa_needs_rs232_idn"
"community","lakeshore350","Model 350 cryogenic temperature controller","Lake Shore","VISA_SCPI","lantz/VISA","*IDN?","8","T2_visa_needs_rs232_idn"
"community","lakeshore370","Model 370 AC Resistance Bridge","Lake Shore","VISA_SCPI","scpi-framework","","2","T2_visa_needs_rs232_idn"
"community","lambda103","PerkinElmer Lambda 103 紫外-可见分光光度计","PerkinElmer","VISA_SCPI","lantz/VISA","","7","T2_visa_needs_rs232_idn"
"community","laser_power_control","Laser Power Control","Open Source","VISA_SCPI","lantz/VISA","","7","T2_visa_needs_rs232_idn"
"community","lcc25","str","Thorlabs","VISA_SCPI","scpi-framework","*IDN?","5","T2_visa_needs_rs232_idn"
"community","lcr__backend","Generic LCR Meter Measurement Backend 后端控制器","Open Source","VISA_SCPI","lantz/VISA","*IDN?","12","T2_visa_needs_rs232_idn"
"community","leoni_switch","National National Instruments Leoni Switch","National Instruments (NI)","TCP","socket","","6","T3_network_needs_ext"
"community","lib_ftdi","艾立本Aliben- LT.D00台式激光诱导击穿光谱仪","成都艾立本科技有限公司","SERIAL","pyserial","","36","T1b_serial_probe_tbd"
"community","light_crafter","light_crafter","","TCP","socket","","418","T3_network_needs_ext"
"community","liquid_classes","Generic Liquid Classes","Open Source","UNKNOWN","","","58","T4_manual_review"
"community","liquid_level","Tecan Tecan Group Liquid Level","Tecan Group","SERIAL","pyserial","","5","T1b_serial_probe_tbd"
"community","live_plot_client","Live Plot","Open Source","UNKNOWN","","","13","T4_manual_review"
"community","li_ha","Tecan Tecan LiHa Liquid Handling Arm","Tecan Group","ROBOT","robot/ros-sdk","","59","T3r_robot_sdk"
"community","lm","Thorlabs Laser Module 模块 分析仪器 激光器","Thorlabs","VISA_SCPI","scpi-framework","rstli?","15","T2_visa_needs_rs232_idn"
"community","localisation_rule","localisation_rule","","TCP","socket","","144","T3_network_needs_ext"
"community","local_client","Local Client","Open Source","TCP","network/rest","","4","T3_network_needs_ext"
"community","local_web_controller","Local WEB Controller","Open Source","TCP","network/rest","","5","T3_network_needs_ext"
"community","logged_pv","Logged PV","EPICS (Argonne National Lab)","TCP","network-framework","","8","T3_network_needs_ext"
"community","logo","Siemens LOGO! PLC控制器","Siemens","MODBUS","modbus-tcp","","3","T2m_modbus_probeable"
"community","loopback_communicator","Generic Loopback Communicator","Open Source","VISA_SCPI","scpi-framework","","9","T2_visa_needs_rs232_idn"
"community","lumiloop_ls_probe","Lumiloop LS Probe","Lumiloop GmbH","VISA_SCPI","scpi-framework","","4","T2_visa_needs_rs232_idn"
"community","machine","Jubilee Jubilee Multi-Tool Motion Platform","Jubilee","SERIAL","pyserial","","38","T1b_serial_probe_tbd"
"community","maestro","Maestro","Pololu","SERIAL","pyserial","","6","T1b_serial_probe_tbd"
"community","marconi_instruments203_n","Marconi 2030/2031/203N 信号发生器","Marconi Instruments","VISA_SCPI","scpi-framework","*IDN?","2","T2_visa_needs_rs232_idn"
"community","masterflex_backend","Masterflex&reg; B/T&reg; 变速气动泵 ","艾万拓生命科学","SERIAL","pyserial","","7","T1b_serial_probe_tbd"
"community","masterflex_serial","Masterflex Serial","Cole-Parmer (Masterflex)","SERIAL","pyserial","","31","T1b_serial_probe_tbd"
"community","matchbox_laser","matchbox_laser","","SERIAL","pyserial","","418","T1b_serial_probe_tbd"
"community","mat_compatible_h5","反应釜 乳化反应釜KINEMATICA乳化反应釜 RT2 ","KINEMATICA ASiA LIMITED","UNKNOWN","","","11","T4_manual_review"
"community","maui","Teledyne LeCroy MAUI Oscilloscope 示波器","Teledyne LeCroy","VISA_SCPI","lantz/VISA","*IDN?","50","T2_visa_needs_rs232_idn"
"community","mc1","Qubitekk MC1 Motor Controller","Qubitekk","VISA_SCPI","scpi-framework","POSI?","4","T2_visa_needs_rs232_idn"
"community","mc2000","mc2000","","SERIAL","pyserial","","418","T1b_serial_probe_tbd"
"community","measurement","Generic Measurement Instrument Interface 接口模块","Open Source","VISA_SCPI","lantz/VISA","*IDN?","47","T2_visa_needs_rs232_idn"
"community","mercury","Oxford Instruments Mercury iTC 低温温度控制器","Oxford Instruments","UNKNOWN","","","15","T4_manual_review"
"community","mercury_stepper","mercury_stepper","","SERIAL","pyserial","TMN?","418","T1_serial_probe_ready"
"community","message_based_driver","Generic Message Based Driver","Open Source","VISA_SCPI","lantz/VISA","","12","T2_visa_needs_rs232_idn"
"community","message_server_interface","message_server_interface","","TCP","socket","","1210","T3_network_needs_ext"
"community","message_visa_driver","Generic Message Visa Driver","National Instruments (VISA)","VISA_SCPI","lantz/VISA","","5","T2_visa_needs_rs232_idn"
"community","meter_care_lite","Meter Care Lite","Mettler Toledo","SERIAL","pyserial","","1","T1b_serial_probe_tbd"
"community","mfc","mfc","","SERIAL","pyserial","","66","T1b_serial_probe_tbd"
"community","mgt508","MGT508 14GB DRAM expansion","D-TACQ Solutions","TCP","socket","","2","T3_network_needs_ext"
"community","mgt_dram_pull_client","MGT Dram Pull Client","D-TACQ Solutions","TCP","socket","","0","T3_network_needs_ext"
"community","mhs5200","wd5gnr/mhs5200a: Shell script and awk program (and spreadsheet) to allow","WattRex","VISA_SCPI","scpi-framework","","8","T2_visa_needs_rs232_idn"
"community","mi6960","Marconi 6960B RF功率计","Marconi Instruments","VISA_SCPI","scpi-framework","?","1","T2_visa_needs_rs232_idn"
"community","microscope","Generic Laboratory Microscope 显微镜","Open Source","TCP","socket","","72","T3_network_needs_ext"
"community","micro_fpga","Micro Fpga","Open Hardware","UNKNOWN","","","40","T4_manual_review"
"community","mighty_mini","Mighty Mini","Mighty Mini (Open Source)","SERIAL","pyserial","","3","T1b_serial_probe_tbd"
"community","minipump","Generic Miniature Pump 泵","Open Source","SERIAL","pyserial","","5","T1b_serial_probe_tbd"
"community","minitel","Minitel","France Telecom","SERIAL","pyserial","","24","T1b_serial_probe_tbd"
"community","mini_las_evo","SDL Atlas 自动起球评级系统","锡莱-亚太拉斯有限公司 SDL Atlas Ltd.","VISA_SCPI","lantz/VISA","DM?","15","T2_visa_needs_rs232_idn"
"community","mi_wave5nn","MI Wave5nn","Mi-Wave","VISA_SCPI","scpi-framework","","1","T2_visa_needs_rs232_idn"
"community","modbus_adu","Modbus ADU","Modbus (Open Standard)","SERIAL","pyserial","","12","T1b_serial_probe_tbd"
"community","modbus_adu_cs","Modbus ADU CS","Modbus (Open Standard)","SERIAL","pyserial","","6","T1b_serial_probe_tbd"
"community","modbus_client","Modbus Client","Modbus (Open Standard)","MODBUS","modbus","","27","T2m_modbus_probeable"
"community","modbus_serial_client","Modbus Serial Client","Modbus (Open Standard)","SERIAL","pyserial","","13","T1b_serial_probe_tbd"
"community","modbus_serial_worker","Modbus Serial Worker","Modbus (Open Standard)","SERIAL","pyserial","","2","T1b_serial_probe_tbd"
"community","modbus_server","Modbus Server","Modbus (Open Standard)","MODBUS","modbus","","17","T2m_modbus_probeable"
"community","modbus_tcp_client","Modbus TCP Client","Modbus (Open Standard)","SERIAL","pyserial","","0","T1b_serial_probe_tbd"
"community","molecular_devices_backend","Molecular Molecular Devices Instrument","Molecular Devices","SERIAL","pyserial","","19","T1b_serial_probe_tbd"
"community","motor_control","Motor Control","Open Source","VISA_SCPI","lantz/VISA","","11","T2_visa_needs_rs232_idn"
"community","mp285","MP-285 Motorized Micromanipulator","Sutter Instrument","SERIAL","pyserial","","15","T1b_serial_probe_tbd"
"community","mp71025_x","Generic MP71025-X Motion Controller 运动控制器","Multicomp Pro","VISA_SCPI","lantz/VISA","VOUT?","9","T2_visa_needs_rs232_idn"
"community","mpbcw_laser","mpbcw_laser","","SERIAL","pyserial","","418","T1b_serial_probe_tbd"
"community","mpi_sentio_prober","mpi_sentio_prober","","TCP","socket","*RCS?","1210","T3_network_needs_ext"
"community","mqtt_client","Mqtt Client","Open Standard (MQTT)","TCP","socket","","20","T3_network_needs_ext"
"community","mso5k","Mso5k","RIGOL Technologies","TCP","network-framework","*IDN?","19","T3_network_needs_ext"
"community","msox","Keysight MSOX Series Mixed Signal Oscilloscope 示波器","Keysight Technologies","VISA_SCPI","lantz/VISA","","1","T2_visa_needs_rs232_idn"
"community","msox3000","Keysight InfiniiVision MSOX3000 X-Series Mixed Signal Oscilloscope","Keysight","VISA_SCPI","lantz/VISA","MEASure:RESults?","41","T2_visa_needs_rs232_idn"
"community","mstp_director","Generic Mstp Director","Open Standard (BACnet)","SERIAL","pyserial","","17","T1b_serial_probe_tbd"
"community","mstp_multiplexer","Generic Mstp Multiplexer","Open Standard (BACnet)","SERIAL","pyserial","","17","T1b_serial_probe_tbd"
"community","mtsics","String","Mettler-Toledo","VISA_SCPI","scpi-framework","TAC","12","T2_visa_needs_rs232_idn"
"community","multi_mca_detector","Generic Multi-Channel Analyzer (MCA) Detector 探测器","Generic (EPICS)","TCP","network-framework","","30","T3_network_needs_ext"
"community","multi_rate_cyclic_send_task","Multi Rate Cyclic Send Task","Open Source","TCP","socket","","0","T3_network_needs_ext"
"community","multi_xmap","XIA XMAP 多元素探测器 X射线衍射仪 探测器","XIA LLC","TCP","network-framework","","43","T3_network_needs_ext"
"community","mxr","Keysight MXR Series Real-Time Oscilloscope 示波器","Keysight Technologies","VISA_SCPI","lantz/VISA","","2","T2_visa_needs_rs232_idn"
"community","mx_rxx4_a","Infiniium MXR-Series","Keysight","VISA_SCPI","lantz/VISA","","2","T2_visa_needs_rs232_idn"
"community","mx_rxx8_a","Infiniium MXR-Series","Keysight","VISA_SCPI","lantz/VISA","","2","T2_visa_needs_rs232_idn"
"community","mx_valve","IDEX MXII Multi-Position Valve 阀门","IDEX Health & Science","SERIAL","pyserial","","8","T1b_serial_probe_tbd"
"community","n8700","Advanced ATE System Power Supplies","Keysight","VISA_SCPI","lantz/VISA","MEAS:VOLT?","10","T2_visa_needs_rs232_idn"
"community","n9020b","Essential Signal Analyzers: N9020B","Keysight","VISA_SCPI","lantz/VISA","","29","T2_visa_needs_rs232_idn"
"community","nanocom","Nanocom","Nanocom","UNKNOWN","","","6","T4_manual_review"
"community","nanonis_tcp","Nanonis TCP","Specs Zurich (Nanonis)","TCP","socket","","15","T3_network_needs_ext"
"community","nano_scan","NanoScan™ 2s Si/3.5/1.8 Silicon Scanning 1.8 µm Slit Beam Profiler","Ophir","SERIAL","pyserial","","21","T1b_serial_probe_tbd"
"community","nano_scan_z","Prior Scientific Nano Scan Z","Prior Scientific","VISA_SCPI","lantz/VISA","BAUD","15","T2_visa_needs_rs232_idn"
"community","narda601","EMF Monitors","Narda Safety Test Solutions","SERIAL","pyserial","","6","T1b_serial_probe_tbd"
"community","native_pin","PINE Electrochemistry 电化学工作站接口","Pine Research","DAQ_GPIO","daq/gpio","","11","T3d_daq_gpio_local"
"community","netclient","Netclient","Open Source","TCP","socket","","7","T3_network_needs_ext"
"community","newport","Newport","Newport Corporation","USB_SDK","usb/dll","","3","T3u_usb_sdk_not_serial"
"community","newport2832c","Newport 2832-C Dual-Channel Optical Power Meter","Newport","VISA_SCPI","lantz/VISA","ECHO?","25","T2_visa_needs_rs232_idn"
"community","newport_esp301","Newport ESP301 运动控制器","Newport Corporation","VISA_SCPI","scpi-framework","TB?","57","T2_visa_needs_rs232_idn"
"community","newport_xps","default","Newport Corporation","TCP","socket","","49","T3_network_needs_ext"
"community","new_10","Hamilton Microlab STAR 全自动移液工作站","Hamilton","SW_AUTO","windows-sw-automation","","10","T3s_sw_automation"
"community","new_2","PepSy 开源自动化多肽合成仪","PepSy (Open Source)","SERIAL","pyserial","","0","T1b_serial_probe_tbd"
"community","new_4","MBraun LABmaster 惰性气体手套箱工作站","MBRAUN","SERIAL","pyserial","","10","T1b_serial_probe_tbd"
"community","new_5","IKA RET control-visc 加热磁力搅拌器","IKA","SERIAL","pyserial","","1","T1b_serial_probe_tbd"
"community","new_8","Knauer AZURA GPC/SEC 凝胶渗透色谱系统","Knauer","TCP","network-framework","V?","7","T3_network_needs_ext"
"community","new_scale_mpm","NEW Scale MPM","New Scale Technologies","UNKNOWN","","","6","T4_manual_review"
"community","next_gen_pump","next_gen_pump","","SERIAL","pyserial","","17","T1b_serial_probe_tbd"
"community","ni_do_device","National National Instruments Ni Do Device","National Instruments (NI)","DAQ_GPIO","daq/gpio","","4","T3d_daq_gpio_local"
"community","ni_do_hw","National National Instruments Ni Do Hw","National Instruments (NI)","DAQ_GPIO","daq/gpio","","5","T3d_daq_gpio_local"
"community","ni_xne_tcan_bus","NI-XNET CAN总线","National Instruments","SERIAL","pyserial","","3","T1b_serial_probe_tbd"
"community","nobo","Glen Nobo Energy Control Hub","Glen Dimplex","TCP","socket","","40","T3_network_needs_ext"
"community","node_server","node_server","","TCP","socket","","418","T3_network_needs_ext"
"community","obis_laser","Obis Laser","Coherent (OBIS)","SERIAL","pyserial","","6","T1b_serial_probe_tbd"
"community","ocean_device","Ocean Insight 光纤光谱仪 分析仪器 光谱仪","Ocean Insight (Ocean Optics)","USB_SDK","camera/spectro-sdk","","3","T3u_usb_sdk_not_serial"
"community","oi_spectrometer","OI Spectrometer","Ocean Insight","USB_SDK","usb/dll","","16","T3u_usb_sdk_not_serial"
"community","olympus_ix81_halogen_lamp","olympus_ix81_halogen_lamp","","SERIAL","pyserial","","418","T1b_serial_probe_tbd"
"community","online_display","online_display","","UNKNOWN","","","4","T4_manual_review"
"community","opentrons_temperature_module_usb_backend","Opentrons Temperature Module Usb Backend 后端模块 温控设备 后端控制器","Opentrons","SERIAL","pyserial","","6","T1b_serial_probe_tbd"
"community","opentrons_thermocycler_usb_backend","Opentrons Thermocycler Usb Backend 后端模块 PCR仪 后端控制器","Opentrons","SERIAL","pyserial","","25","T1b_serial_probe_tbd"
"community","open_bci_board","OpenBCI Brain-Computer Interface Board 控制板 分析仪器 接口模块","OpenBCI","SERIAL","pyserial","","20","T1b_serial_probe_tbd"
"community","open_flexure_stage","OpenFlexure Nano Motor Stage 电机 自动化设备 位移台","OpenFlexure","SERIAL","pyserial","light_sensor_gain?","14","T1_serial_probe_ready"
"community","open_plc_role_ruleset","Generic Open Plc Role Ruleset PLC控制器","OpenPLC Project","TCP","socket","","9","T3_network_needs_ext"
"community","oscilloscope","Generic Oscilloscope 示波器","Open Source","VISA_SCPI","lantz/VISA","","11","T2_visa_needs_rs232_idn"
"community","oscilloscope_device","Oscilloscope Device","Open Source","SERIAL","pyserial","WFMPRE:XINCR?\n","14","T1_serial_probe_ready"
"community","owis","OWIS 精密位移台 自动化设备 位移台","OWIS GmbH","SERIAL","pyserial","","6","T1b_serial_probe_tbd"
"community","oxford_itc503","Oxford Instruments ITC503 Intelligent Temperature Controller","Oxford Instruments","VISA_SCPI","scpi-framework","","2","T2_visa_needs_rs232_idn"
"community","oxxius_controller","Oxxius 激光器控制器 分析仪器 控制器","Oxxius SA","SERIAL","pyserial","","27","T1b_serial_probe_tbd"
"community","o_scope","Generic Digital Oscilloscope 示波器","Open Source","UNKNOWN","","*IDN?","18","T4_manual_review"
"community","partner","Generic Partner","Open Source","TCP","socket","","21","T3_network_needs_ext"
"community","pcan_basic","PEAK PCAN CAN总线适配器","PEAK-System Technik","SERIAL","pyserial","","14","T1b_serial_probe_tbd"
"community","pcan_bus","Pcan BUS","PEAK-System Technik","SERIAL","pyserial","","14","T1b_serial_probe_tbd"
"community","persistent_object","Persistent Object","Open Source","UNKNOWN","","","64","T4_manual_review"
"community","persistent_property","Persistent Property","Open Source","UNKNOWN","","","7","T4_manual_review"
"community","petite_fleur_chiller","petite_fleur_chiller","","SERIAL","pyserial","","117","T1b_serial_probe_tbd"
"community","pfeiffer_rs485_serial","Pfeiffer Rs485 Serial","Pfeiffer Vacuum","SERIAL","pyserial","","3","T1b_serial_probe_tbd"
"community","phd2000","Phd2000","Harvard Apparatus","SERIAL","pyserial","","2","T1b_serial_probe_tbd"
"community","phoxx_laser","phoxx_laser","","SERIAL","pyserial","LOn","19","T1_serial_probe_ready"
"community","pica_launcher_app","G2301 Gas Concentration Analyzer","Picarro, Inc.","VISA_SCPI","lantz/VISA","","13","T2_visa_needs_rs232_idn"
"community","picomotor_stage","Newport Picomotor Piezo Stage 电机 自动化设备 位移台","Newport (MKS)","UNKNOWN","","*IDN?","7","T4_manual_review"
"community","picosecond_delayer","picosecond_delayer","","SERIAL","pyserial","","21","T1b_serial_probe_tbd"
"community","pico_motor_controller8742","单光子计数器（TCSPC）德国picoquant","武汉东隆科技有限公司","SERIAL","pyserial","*IDN?","34","T1_serial_probe_ready"
"community","piezo_c867","piezo_c867","","SERIAL","pyserial","*IDN?","15","T1_serial_probe_ready"
"community","piezo_c867_t","piezo_c867_t","","SERIAL","pyserial","*IDN?","35","T1_serial_probe_ready"
"community","piezo_channel","Piezo Channel 压电通道控制器","Thorlabs","VISA_SCPI","scpi-framework","","31","T2_visa_needs_rs232_idn"
"community","piezo_e255","piezo_e255","","SERIAL","pyserial","","33","T1b_serial_probe_tbd"
"community","piezo_e662","piezo_e662","","SERIAL","pyserial","POS?\n","418","T1_serial_probe_ready"
"community","piezo_e709","piezo_e709","","SERIAL","pyserial","*IDN?","33","T1_serial_probe_ready"
"community","piezo_e709_t","piezo_e709_t","","SERIAL","pyserial","*IDN?","35","T1_serial_probe_ready"
"community","piezo_e816","piezo_e816","","SERIAL","pyserial","POS? A\n","418","T1_serial_probe_ready"
"community","piezo_e816b","piezo_e816b","","SERIAL","pyserial","POS? A\n","418","T1_serial_probe_ready"
"community","piezo_e816_t","piezo_e816_t","","SERIAL","pyserial","*IDN?","418","T1_serial_probe_ready"
"community","pipette_controller","pipette_controller","","SERIAL","pyserial","","163","T1b_serial_probe_tbd"
"community","pi_gpio_factory","Physik Physik Instrumente Pi Gpio Factory","Physik Instrumente (PI)","DAQ_GPIO","daq/gpio","","9","T3d_daq_gpio_local"
"community","pi_gpio_hardware_spi","nGauge 原子力显微镜（AFM）｜芯片式AFM｜纳米表面形貌分析仪｜ICSPI便携式原子力显微镜","复纳科学仪器（上海）有限公司","DAQ_GPIO","daq/gpio","","9","T3d_daq_gpio_local"
"community","pi_gpio_software_spi","nGauge 原子力显微镜（AFM）｜芯片式AFM｜纳米表面形貌分析仪｜ICSPI便携式原子力显微镜","复纳科学仪器（上海）有限公司","DAQ_GPIO","daq/gpio","","9","T3d_daq_gpio_local"
"community","plc","Generic Programmable Logic Controller 控制器","Open Source","TCP","network/rest","","14","T3_network_needs_ext"
"community","pm100_usb","Thorlabs PM100USB Power and Energy Meter Interface","Thorlabs","VISA_SCPI","scpi-framework","SYST:SENSOR:IDN?","1","T2_visa_needs_rs232_idn"
"community","port","Communication Port 通用通信端口","Open Standard","SERIAL","pyserial","","8","T1b_serial_probe_tbd"
"community","port_reader","Port Reader","Open Source","SERIAL","pyserial","","5","T1b_serial_probe_tbd"
"community","powermeter1830c","Newport 1830-C 光功率计 分析仪器 功率计","Newport Corporation","VISA_SCPI","lantz/VISA","A?","17","T2_visa_needs_rs232_idn"
"community","power_meter1830c","Newport 1830-C Optical Power Meter","Newport","VISA_SCPI","lantz/VISA","A?","14","T2_visa_needs_rs232_idn"
"community","power_supply_device","Generic Programmable Power Supply 电源","Open Source","VISA_SCPI","lantz/VISA","*IDN?","1","T2_visa_needs_rs232_idn"
"community","pressure_trans","pressure_trans","","SERIAL","pyserial","","460","T1b_serial_probe_tbd"
"community","prior","Prior","Prior Scientific","SERIAL","pyserial","","9","T1b_serial_probe_tbd"
"community","priorarclampshutter","priorarclampshutter","","SERIAL","pyserial","","4","T1b_serial_probe_tbd"
"community","prior_lumen","prior_lumen","","SERIAL","pyserial","","33","T1b_serial_probe_tbd"
"community","proplc","Generic Process Control PLC PLC控制器","Open Source","TCP","network/rest","","5","T3_network_needs_ext"
"community","proxy","proxy","","UNKNOWN","","","1210","T4_manual_review"
"community","pro_scan_iii","PRO Scan III","Prior Scientific","SERIAL","pyserial","","1","T1b_serial_probe_tbd"
"community","psc_eth","String","Pfeiffer Vacuum","TCP","socket","*IDN?","12","T3_network_needs_ext"
"community","pseudoclock","Generic Pseudo-Clock Timing Module","Open Source","UNKNOWN","","","13","T4_manual_review"
"community","ptc","Tecan Tecan Group Ptc","Tecan Group","SERIAL","pyserial","","19","T1b_serial_probe_tbd"
"community","pump","Pump","Open Source","SERIAL","pyserial","","9","T1b_serial_probe_tbd"
"community","put_ftp","PUT FTP","Open Standard (FTP)","TCP","socket","","2","T3_network_needs_ext"
"community","pv_logger","PV Logger","EPICS (Argonne National Lab)","TCP","network-framework","","9","T3_network_needs_ext"
"community","pwm_steering","PWM Steering","Open Source","SERIAL","pyserial","","4","T1b_serial_probe_tbd"
"community","pwm_throttle","PWM Throttle","Open Source","SERIAL","pyserial","","4","T1b_serial_probe_tbd"
"community","pylontech","Pylontech","Pylontech","SERIAL","pyserial","","12","T1b_serial_probe_tbd"
"community","pylontech_rs485","Pylontech Rs485","Pylontech","SERIAL","pyserial","","7","T1b_serial_probe_tbd"
"community","pylon_com","Pylon COM","Basler AG","SERIAL","pyserial","","2","T1b_serial_probe_tbd"
"community","pyroelectric_backend","Generic Pyroelectric Measurement Backend 后端控制器","Open Source","VISA_SCPI","lantz/VISA","*IDN?","15","T2_visa_needs_rs232_idn"
"community","pyro_io","pyro_io","","SERIAL","pyserial","","46","T1b_serial_probe_tbd"
"community","python_microscopy__streamer","python_microscopy__streamer","","TCP","socket","","13","T3_network_needs_ext"
"community","py_opticon_socket_client","Generic Py Opticon Socket Client","Open Source","TCP","socket","","6","T3_network_needs_ext"
"community","py_spec_client","PY Spec Client","Open Source","UNKNOWN","","","9","T4_manual_review"
"community","qcc","QuTech QCC 中央控制器 分析仪器 控制器","QuTech","VISA_SCPI","scpi-framework","*IDN?","11","T2_visa_needs_rs232_idn"
"community","qu_tech_awg__module","QuTech Qu Tech Awg","QuTech","VISA_SCPI","scpi-framework","wlist:name? %d","22","T2_visa_needs_rs232_idn"
"community","qu_tech__control_box","mtiggelman/SPI-rack: Python drivers for the QuTech SPI-rack","WattRex","VISA_SCPI","scpi-framework","","28","T2_visa_needs_rs232_idn"
"community","qu_tech__duplexer","QuTech Qu Tech Duplexer","QuTech","TCP","socket","","7","T3_network_needs_ext"
"community","qwg","QuTech QuTech QWG Qubit Waveform Generator","QuTech","VISA_SCPI","scpi-framework","","3","T2_visa_needs_rs232_idn"
"community","qwg_core","SOCOREX 825可调微量移液器","维根技术（北京）有限公司（WIGGENS）","UNKNOWN","","AWGC:RMO?","52","T4_manual_review"
"community","qxafs__scan","EPICS Quick XAFS Scan Controller 控制器","EPICS / Synchrotron","TCP","network-framework","","8","T3_network_needs_ext"
"community","qx_client","QuTech QuTech QX Quantum Computer Client","QuTech","TCP","socket","","12","T3_network_needs_ext"
"community","q_dac2","QDevil QDAC-II 24通道超低噪声精密DAC","QDevil","VISA_SCPI","lantz/VISA","syst:err:all?","80","T2_visa_needs_rs232_idn"
"community","racal1992","Racal 1992 通用计数器","Fluke","VISA_SCPI","scpi-framework","T2","4","T2_visa_needs_rs232_idn"
"community","rail","rail","","TCP","socket","","14","T3_network_needs_ext"
"community","raw2_disk","RAW2 Disk","Open Source","UNKNOWN","","","3","T4_manual_review"
"community","raw_broadcast_udp_client","Generic Raw Broadcast Udp Client","Open Standard","TCP","socket","","38","T3_network_needs_ext"
"community","raw_client","RAW Client","Open Source","TCP","socket","","2","T3_network_needs_ext"
"community","ra_scmu200_audio","R&S CMU200","Rohde & Schwarz","VISA_SCPI","scpi-framework","SOURce:AFGenerator:PRIMary:LEVel?","1","T2_visa_needs_rs232_idn"
"community","reader","Reader","Open Source","USB_SDK","usb/dll","","6","T3u_usb_sdk_not_serial"
"community","real_usb_device","Wasatch Photonics USB光谱仪 分析仪器 光谱仪","Wasatch Photonics","USB_SDK","camera/spectro-sdk","","9","T3u_usb_sdk_not_serial"
"community","recipe_pusher","recipe_pusher","","TCP","socket","","1","T3_network_needs_ext"
"community","recipe_rule","recipe_rule","","TCP","socket","","418","T3_network_needs_ext"
"community","recorder","Metrohm Autolab 数据记录仪 电化学工作站 记录器","Metrohm Autolab","UNKNOWN","","","10","T4_manual_review"
"community","register_interface","Register Interface","Open Source","SERIAL","pyserial","","4","T1b_serial_probe_tbd"
"community","remote_microscope","Generic Remote Microscope Controller 显微镜","Open Source","TCP","socket","","73","T3_network_needs_ext"
"community","resources","Generic Resources","Open Source","UNKNOWN","","","3","T4_manual_review"
"community","rest_pi_camera","Rest PI Camera","Raspberry Pi Foundation","TCP","socket","","12","T3_network_needs_ext"
"community","ric","Acrichi PTC-86全自动固液一体吹扫捕集仪","北京聚芯追风科技有限公司","SERIAL","pyserial","","9","T1b_serial_probe_tbd"
"community","rigol","RIGOL Rigol","RIGOL Technologies","VISA_SCPI","lantz/VISA","DISPlay:BOOKmark1:XPOSition?","44","T2_visa_needs_rs232_idn"
"community","rigol1054z","RIGOL DS1054Z 50MHz 4-Channel Digital Oscilloscope","Rigol","UNKNOWN","","*IDN?","20","T4_manual_review"
"community","rigol_ds1000_series","DS1000Z-E","Rigol","VISA_SCPI","scpi-framework",":ACQ:AVER?","4","T2_visa_needs_rs232_idn"
"community","rigol_ds4043","DHO4000","Rigol","VISA_SCPI","lantz/VISA","TIM:OFFS?","2","T2_visa_needs_rs232_idn"
"community","rigol_dsa800_wrapper","DSA800","Rigol","TCP","network-framework","*OPC?","30","T3_network_needs_ext"
"community","robotell_bus","Robotell BUS","Robotell","SERIAL","pyserial","","10","T1b_serial_probe_tbd"
"community","robotiq_gripper","Robotiq 机器人夹爪 机械臂 夹爪","Robotiq Inc.","TCP","socket","","14","T3_network_needs_ext"
"community","robo_hat_controller","Robotics Masters Robo Hat","Robotics Masters","SERIAL","pyserial","","5","T1b_serial_probe_tbd"
"community","robo_hat_driver","Robotics Masters Robo Hat","Robotics Masters","SERIAL","pyserial","","6","T1b_serial_probe_tbd"
"community","rohde_schwarz_nrvs","Rohde Schwarz Nrvs","Rohde & Schwarz","VISA_SCPI","scpi-framework","ZV","5","T2_visa_needs_rs232_idn"
"community","rohde_schwarz_shm52","Test and measurement","Rohde & Schwarz","VISA_SCPI","scpi-framework","RF?","3","T2_visa_needs_rs232_idn"
"community","rotary_encoder","Rotary Encoder","Open Source","SERIAL","pyserial","","3","T1b_serial_probe_tbd"
"community","routable","Routable","Open Source","SERIAL","pyserial","","8","T1b_serial_probe_tbd"
"community","rp_lidar","RP Lidar","SLAMTEC","SERIAL","pyserial","","3","T1b_serial_probe_tbd"
"community","rp_lidar2","RP Lidar2","SLAMTEC","SERIAL","pyserial","","5","T1b_serial_probe_tbd"
"community","rs_hmp4040","R&S®HMP4000 Power supply series","Rohde & Schwarz","UNKNOWN","","*IDN?","16","T4_manual_review"
"community","rs_instrument","Rohde & Schwarz 通用仪器接口","String","VISA_SCPI","lantz/VISA","*IDN?","104","T2_visa_needs_rs232_idn"
"community","rtde","Universal Real-Time Data Exchange Protocol","Universal Robots","SERIAL","pyserial","","13","T1b_serial_probe_tbd"
"community","rto1024_scope","R&amp;S®RTO2000 oscilloscope","Rohde & Schwarz","VISA_SCPI","scpi-framework","STOP;*OPC?","2","T2_visa_needs_rs232_idn"
"community","rto_scope","Rohde R&S RTO Series Real-Time Oscilloscope 示波器","Rohde & Schwarz","VISA_SCPI","lantz/VISA","*IDN?","49","T2_visa_needs_rs232_idn"
"community","rt__backend__active","Generic RT Measurement Backend (Active) 后端控制器","Open Source","VISA_SCPI","lantz/VISA","*IDN?","14","T2_visa_needs_rs232_idn"
"community","rt__backend__passive","Generic RT Measurement Backend (Passive) 后端控制器","Open Source","VISA_SCPI","lantz/VISA","*IDN?","10","T2_visa_needs_rs232_idn"
"community","rule","rule","","TCP","socket","","144","T3_network_needs_ext"
"community","rule_server","rule_server","","TCP","socket","","9","T3_network_needs_ext"
"community","r_py_lidar","Slamtec RPLiDAR Laser Range Scanner 扫描仪","Slamtec","SERIAL","pyserial","","24","T1b_serial_probe_tbd"
"community","safe_buffer_access","B.safe 高效液相色谱（HPLC）溶剂供应套装","上海骊葆科学仪器有限公司","UNKNOWN","","","46","T4_manual_review"
"community","sc10","str","Thorlabs","VISA_SCPI","scpi-framework","id?","4","T2_visa_needs_rs232_idn"
"community","scanner_interface","Scanner Interface","Open Source","SERIAL","pyserial","","2","T1b_serial_probe_tbd"
"community","scan_file","Sonoscan超声波扫描显微镜","聚擘国际贸易（上海）有限公司","TCP","network-framework","","14","T3_network_needs_ext"
"community","scene","Scene","Open Source","UNKNOWN","","","16","T4_manual_review"
"community","scientifica_control_thread","Scientifica Control Thread","Scientifica","UNKNOWN","","","11","T4_manual_review"
"community","scpi","Generic SCPI Instrument Interface 接口模块","Open Standard (SCPI)","TCP","socket","*IDN?","22","T3_network_needs_ext"
"community","scpi_device","scpi_device","","UNKNOWN","","*IDN?","85","T4_manual_review"
"community","scpi_device_searcher","scpi_device_searcher","","SERIAL","pyserial","*IDN?","8","T1_serial_probe_ready"
"community","scpi_functional","Physik Physik Instrumente Scpi Functional","Physik Instrumente (PI)","SERIAL","pyserial","","17","T1b_serial_probe_tbd"
"community","scpi_function_generator","Physik Instrumente Scpi Function Generator 仪器 分析仪器 函数信号发生器","Physik Instrumente (PI)","TCP","socket","VOLT:UNIT?","4","T3_network_needs_ext"
"community","scpi_multimeter","Physik Instrumente Scpi Multimeter 仪器 分析仪器 万用表","Physik Instrumente (PI)","TCP","socket","CONF?","11","T3_network_needs_ext"
"community","scpi__instrument","Scpi Instrument","Open Standard (SCPI)","VISA_SCPI","lantz/VISA","*IDN?","15","T2_visa_needs_rs232_idn"
"community","sdk_wrapper","sdk_wrapper","","SERIAL","pyserial","","241","T1b_serial_probe_tbd"
"community","sdm630","Sdm630","Eastron","MODBUS","modbus","","1","T2m_modbus_probeable"
"community","seeed_bus","Seeed Studio Seeed Bus","Seeed Studio","SERIAL","pyserial","","6","T1b_serial_probe_tbd"
"community","seekable","Seekable","Open Source","UNKNOWN","","","10","T4_manual_review"
"community","sensirion_ekh4","Sensirion","Sensirion AG","UNKNOWN","","","4","T4_manual_review"
"community","sensirion_sensor_bridge","Sensirion AG Sensirion Sensor Bridge","Sensirion AG","SERIAL","pyserial","","7","T1b_serial_probe_tbd"
"community","sensirion_sht85","SHT85 - ±1.5% Digital pin-type humidity and temperature sensor","Sensirion AG","UNKNOWN","","","14","T4_manual_review"
"community","sensor_polling_thread","Sensor Polling Thread","Open Source","UNKNOWN","","","6","T4_manual_review"
"community","seq_gen","FPGA Sequencer Generator","Open Source","UNKNOWN","","","14","T4_manual_review"
"community","serial","Serial","Open Standard","SERIAL","pyserial","","5","T1b_serial_probe_tbd"
"community","serial_bus","Open Standard Serial Bus","Open Standard","SERIAL","pyserial","","3","T1b_serial_probe_tbd"
"community","serial_client","Serial Client","Open Standard","SERIAL","pyserial","","1","T1b_serial_probe_tbd"
"community","serial_command_interface","serial_command_interface","","SERIAL","pyserial","","233","T1b_serial_probe_tbd"
"community","serial_connection","serial_connection","","SERIAL","pyserial","","117","T1b_serial_probe_tbd"
"community","serial_controller","Open Standard Serial","Open Standard","SERIAL","pyserial","","3","T1b_serial_probe_tbd"
"community","serial_data_interface","serial_data_interface","","SERIAL","pyserial","","2","T1b_serial_probe_tbd"
"community","serial_device","Serial Device","Open Standard","SERIAL","pyserial","","12","T1b_serial_probe_tbd"
"community","serial_driver","Generic Serial Driver 串口设备","Open Standard","VISA_SCPI","lantz/VISA","","5","T2_visa_needs_rs232_idn"
"community","serial_interface","serial_interface","","SERIAL","pyserial","","233","T1b_serial_probe_tbd"
"community","serial_line_reader","Serial Line Reader","Open Standard","SERIAL","pyserial","","5","T1b_serial_probe_tbd"
"community","serial_port","Serial Port","Open Standard","SERIAL","pyserial","","10","T1b_serial_probe_tbd"
"community","serial_to_i2_c","Open Standard Serial To I2 C","Open Standard","UNKNOWN","","","5","T4_manual_review"
"community","serial_visa_driver","Generic Serial Visa Driver 串口设备","National Instruments (VISA)","VISA_SCPI","lantz/VISA","","5","T2_visa_needs_rs232_idn"
"community","servo_blaster","Servo Blaster","Servo Blaster (Open Source)","SERIAL","pyserial","","3","T1b_serial_probe_tbd"
"community","servo_fiber_shaker","servo_fiber_shaker","","SERIAL","pyserial","","418","T1b_serial_probe_tbd"
"community","sftp_wrapper","Newport Corporation Sftp Wrapper 驱动封装 自动化设备 驱动封装","Newport Corporation (MKS)","TCP","network/rest","","7","T3_network_needs_ext"
"community","shared_serial","Shared Serial","Open Standard","SERIAL","pyserial","","5","T1b_serial_probe_tbd"
"community","shutter","Generic Optical Shutter Controller 控制器","Open Source","UNKNOWN","","","40","T4_manual_review"
"community","siteclient","Siteclient","D-TACQ Solutions","TCP","socket","","6","T3_network_needs_ext"
"community","si_tcp","Open Standard SiTcp transport layer.transport","Open Standard","TCP","socket","","6","T3_network_needs_ext"
"community","si_uart","SI Uart","Open Standard","SERIAL","pyserial","","4","T1b_serial_probe_tbd"
"community","slave_serial_worker","Slave Serial Worker","Open Standard","SERIAL","pyserial","","2","T1b_serial_probe_tbd"
"community","slcan_bus","Slcan BUS","Open Standard (SLCAN)","SERIAL","pyserial","","10","T1b_serial_probe_tbd"
"community","slew__scan","EPICS Slew Scan Controller 控制器","EPICS / Synchrotron","TCP","network-framework","","8","T3_network_needs_ext"
"community","slew__scan1_d","EPICS Slew Scan 1D Controller 控制器","EPICS / Synchrotron","TCP","network-framework","","6","T3_network_needs_ext"
"community","socket","Socket","Open Standard","TCP","socket","","5","T3_network_needs_ext"
"community","socketcan_bus","Socketcan BUS","Open Standard (SocketCAN)","TCP","socket","","3","T3_network_needs_ext"
"community","socket_can_daemon_bus","Open Standard Socket Can Bus","Open Standard","TCP","socket","","2","T3_network_needs_ext"
"community","socket_communicator","Generic Socket Communicator","Open Standard","TCP","socket","","9","T3_network_needs_ext"
"community","source_ac","Source AC","Open Source","VISA_SCPI","scpi-framework","","4","T2_visa_needs_rs232_idn"
"community","spd1000","SPD1168X","Siglent","VISA_SCPI","lantz/VISA","CURR?","13","T2_visa_needs_rs232_idn"
"community","spectra_iii_light_engine","Spectra III Light Engine","Lumencor","SERIAL","pyserial","","1","T1b_serial_probe_tbd"
"community","spectrometer","No Spectrometer Connected","Open Source","USB_SDK","usb/dll","","6","T3u_usb_sdk_not_serial"
"community","spi","SPI","Open Standard","UNKNOWN","","","16","T4_manual_review"
"community","spidr_controller","Spidr Controller","Nikhef","TCP","socket","","74","T3_network_needs_ext"
"community","spi_device","nGauge 原子力显微镜（AFM）｜芯片式AFM｜纳米表面形貌分析仪｜ICSPI便携式原子力显微镜","复纳科学仪器（上海）有限公司","SERIAL","pyserial","","21","T1b_serial_probe_tbd"
"community","spool_local_localization_rule","spool_local_localization_rule","","TCP","socket","","1","T3_network_needs_ext"
"community","sr830","Lock In Amplifier - SR830","Stanford Research Systems","VISA_SCPI","lantz/VISA","PHAS?","44","T2_visa_needs_rs232_idn"
"community","sr830_gpib","Stanford SRS SR830 Lock-In Amplifier (GPIB) 锁相放大器","Stanford Research Systems","VISA_SCPI","lantz/VISA","PHAS?","56","T2_visa_needs_rs232_idn"
"community","sr830_serial","Stanford SRS SR830 Lock-In Amplifier (Serial) 锁相放大器","Stanford Research Systems","VISA_SCPI","lantz/VISA","PHAS?","56","T2_visa_needs_rs232_idn"
"community","srs345","Function Generator - DS345","Stanford Research Systems","VISA_SCPI","scpi-framework","AMPL?","4","T2_visa_needs_rs232_idn"
"community","srs830","Stanford Research Systems Srs830 系统 分析仪器 透射电子显微镜","Stanford Research Systems","VISA_SCPI","scpi-framework","SRAT?","22","T2_visa_needs_rs232_idn"
"community","srsdg645","Digital Delay/Pulse Generator - DG645","Stanford Research Systems","VISA_SCPI","scpi-framework","DISP?","17","T2_visa_needs_rs232_idn"
"community","ssh_client","SSH Client","Open Standard (SSH)","TCP","network/rest","","9","T3_network_needs_ext"
"community","standard_frame_source","standard_frame_source","","TCP","socket","","418","T3_network_needs_ext"
"community","star_backend","Starna 用于各种光谱仪的石英样品比色池","华洋科仪","SERIAL","pyserial","","277","T1b_serial_probe_tbd"
"community","static_dds","Generic Static DDS (Direct Digital Synthesizer)","Open Source","UNKNOWN","","","38","T4_manual_review"
"community","step_scan","EPICS Step Scan Controller 控制器","EPICS / Synchrotron","TCP","network-framework","","26","T3_network_needs_ext"
"community","stpdrv","Stpdrv","Open Source","VISA_SCPI","lantz/VISA","t","13","T2_visa_needs_rs232_idn"
"community","stream","stream","","TCP","socket","","418","T3_network_needs_ext"
"community","streamer","Generic Streamer","Open Source","SERIAL","pyserial","","9","T1b_serial_probe_tbd"
"community","streamer_lsl","OpenBCI OpenBCI LSL Data Streamer","OpenBCI","UNKNOWN","","","10","T4_manual_review"
"community","stream_client","Stream","Open Source","TCP","socket","","0","T3_network_needs_ext"
"community","stream_pipe","Stream Pipe","Open Source","SERIAL","pyserial","","3","T1b_serial_probe_tbd"
"community","stream_serial","Stream Serial","Open Standard","SERIAL","pyserial","","3","T1b_serial_probe_tbd"
"community","stream_socket","Stream Socket","Open Standard","SERIAL","pyserial","","2","T1b_serial_probe_tbd"
"community","sutter_device","Sutter Device","Sutter Instrument","SERIAL","pyserial","","11","T1b_serial_probe_tbd"
"community","sync_unix_client","Open Standard Sync Unix","Open Standard","TCP","socket","","6","T3_network_needs_ext"
"community","tc038","Generic TC038 Temperature Controller 温度控制器","Novus Automation","VISA_SCPI","scpi-framework","INF6","7","T2_visa_needs_rs232_idn"
"community","tc038_d","Generic TC038D Temperature Controller 温度控制器","Novus Automation","VISA_SCPI","scpi-framework","","5","T2_visa_needs_rs232_idn"
"community","tc200","Thorlabs TC200 Temperature Controller","Thorlabs","VISA_SCPI","scpi-framework","*IDN?","1","T2_visa_needs_rs232_idn"
"community","tcpip_connection","tcpip_connection","","SERIAL","pyserial","","8","T1b_serial_probe_tbd"
"community","tcpip_instr_vicp","TCP/IP VICP Instrument VICP协议仪器接口","Open Standard (VICP)","VISA_SCPI","lantz/VISA","","18","T2_visa_needs_rs232_idn"
"community","tcp_client","TCP Client","Open Standard","SERIAL","pyserial","","1","T1b_serial_probe_tbd"
"community","tcp_client_value","TCP Client Value","Open Standard","TCP","socket","","5","T3_network_needs_ext"
"community","tcp_port_mapper_client","TCP Port Mapper Client 网络端口映射客户端","Open Source","TCP","socket","","37","T3_network_needs_ext"
"community","tcp_raw_driver","Generic Tcp Raw Driver","Open Standard","VISA_SCPI","lantz/VISA","","5","T2_visa_needs_rs232_idn"
"community","tcp_sampler","TCP Sampler","Open Standard","TCP","socket","","11","T3_network_needs_ext"
"community","tcp_serve_value","TCP Serve Value","Open Standard","TCP","socket","","3","T3_network_needs_ext"
"community","tds1002b","Tektronix TDS1002B Digital Storage Oscilloscope","Tektronix","VISA_SCPI","lantz/VISA","*IDN?","1","T2_visa_needs_rs232_idn"
"community","tds1012","Tektronix TDS1012 Digital Storage Oscilloscope","Tektronix","VISA_SCPI","lantz/VISA","*IDN?","17","T2_visa_needs_rs232_idn"
"community","tds2024","Tektronix TDS2024 Digital Storage Oscilloscope","Tektronix","VISA_SCPI","lantz/VISA","ID?","14","T2_visa_needs_rs232_idn"
"community","tek_dpo4104","Tektronix DPO4104 Digital Phosphor Oscilloscope","Tektronix","TCP","socket","DAT:STOP?","1","T3_network_needs_ext"
"community","tek_dpo70000","MSO/DPO70000DX","Tektronix","TCP","socket","DAT:SOU?","4","T3_network_needs_ext"
"community","tek_series_curve_feat","AMPTEK AMPTEK FASTSDD DP5-X","AMPTEK INC.","VISA_SCPI","lantz/VISA","display:global:{}:state?","1","T2_visa_needs_rs232_idn"
"community","tek_tds224","Tektronix TDS224 Digital Real-Time Oscilloscope","Tektronix","TCP","socket","CURVE?","1","T3_network_needs_ext"
"community","tek_tds5xx","TDS5000 Series Digital Phosphor Oscilloscopes","Tektronix","TCP","socket","CURVE?","2","T3_network_needs_ext"
"community","telnet","Telnet","Open Standard (Telnet)","TCP","socket","","24","T3_network_needs_ext"
"community","temper_device","A TEMPer USB thermometer","TEMPer (PCsensor)","USB_SDK","usb/dll","","6","T3u_usb_sdk_not_serial"
"community","temp_dir_collection","temp_dir_collection","","TCP","socket","Warning: inline data between tags?!\n","4","T3_network_needs_ext"
"community","tf_mini","Benewake Tf Mini","Benewake","SERIAL","pyserial","","5","T1b_serial_probe_tbd"
"community","thermo_fisher_thermocycler_backend","ThermoScientific KingFisher Flex全自动核酸提取仪","赛默飞世尔科技生命科学产品","TCP","socket","","47","T3_network_needs_ext"
"community","thorlabs_filter_wheel","Thorlabs Filter Wheel","Thorlabs","SERIAL","pyserial","","0","T1b_serial_probe_tbd"
"community","thorlabs_fw102_c","FW102CSix-Position Motorized Filter Wheel for Ø1"" (Ø25 mm) Optics","Thorlabs","SERIAL","pyserial","","0","T1b_serial_probe_tbd"
"community","thorlabs_fw212_c","FW212CTwelve-Position Motorized Filter Wheel for Ø1/2"" (Ø12.5 mm) Optics","Thorlabs","SERIAL","pyserial","","0","T1b_serial_probe_tbd"
"community","thorlabs_pm100_a_wrapper","PM100ACompact Power Meter Console, Mechanical Analog & Graphical LC Display","Thorlabs","TCP","network-framework","*IDN?","4","T3_network_needs_ext"
"community","thor_labs_apt","str","Thorlabs","VISA_SCPI","scpi-framework","","1","T2_visa_needs_rs232_idn"
"community","tiger_controller","Applied ASI Tiger Controller 控制器","Applied Scientific Instrumentation","SERIAL","pyserial","","52","T1b_serial_probe_tbd"
"community","tomato_jumo_0cc24ae2","JUMO Quantrol LC100/LC200/LC300 PID控制器","JUMO","SERIAL","pyserial","","1","T1b_serial_probe_tbd"
"community","tomato_jumo__device","JUMO Quantrol LC100/LC200/LC300 PID控制器","久茂","SERIAL","pyserial","","7","T1b_serial_probe_tbd"
"community","toptica_i_beam_laser","toptica_i_beam_laser","","SERIAL","pyserial","","5","T1b_serial_probe_tbd"
"community","top_mode","Communicates with a `Toptica Topmode`_ instrument","Open Source","VISA_SCPI","scpi-framework","(param-set! ","30","T2_visa_needs_rs232_idn"
"community","tpg261","Pfeiffer Vacuum TPG 261 Compact Pressure Gauge","Pfeiffer Vacuum","SERIAL","pyserial","","3","T1b_serial_probe_tbd"
"community","tpg36x","str","Pfeiffer Vacuum","VISA_SCPI","scpi-framework","SEN","1","T2_visa_needs_rs232_idn"
"community","triton200","Oxford Instruments Triton 200 Cryofree Dilution Refrigerator","Oxford Instruments","TCP","socket","","7","T3_network_needs_ext"
"community","ttipl330_p","PL068","Aim-TTi","VISA_SCPI","scpi-framework","*IDN?","3","T2_visa_needs_rs232_idn"
"community","tti_ql355tp","QL355","Aim-TTi","UNKNOWN","","*IDN?","14","T4_manual_review"
"community","tun_interface","TUN Interface","Open Standard","UNKNOWN","","","7","T4_manual_review"
"community","udp_client","Generic Udp Client","Open Standard","TCP","socket","","37","T3_network_needs_ext"
"community","udp_handler","Open Standard UDP Handler","Open Standard","TCP","socket","","1","T3_network_needs_ext"
"community","udp_multicast_bus","UDP Multicast BUS","Open Standard","TCP","socket","","4","T3_network_needs_ext"
"community","udp_sampler","UDP Sampler","Open Standard","TCP","socket","","10","T3_network_needs_ext"
"community","udp_value_pub","UDP Value PUB","Open Standard","TCP","socket","","2","T3_network_needs_ext"
"community","udp_value_sub","UDP Value SUB","Open Standard","TCP","socket","","5","T3_network_needs_ext"
"community","uhf_device","Zurich Instruments UHF Lock-in Amplifier 仪器 分析仪器 锁相放大器","Zurich Instruments","VISA_SCPI","lantz/VISA","*IDN?","49","T2_visa_needs_rs232_idn"
"community","up20","UP200H / UP200S - Ultrasonic Power for the Lab","Hielscher","USB_SDK","camera/spectro-sdk","","10","T3u_usb_sdk_not_serial"
"community","uploader","Generic Uploader","Open Source","SERIAL","pyserial","","38","T1b_serial_probe_tbd"
"community","usb2000","Usb2000","Ocean Insight","USB_SDK","usb/dll","","3","T3u_usb_sdk_not_serial"
"community","usb4000","Spectrometers","Ocean Optics (Ocean Insight)","VISA_SCPI","lantz/VISA","","7","T2_visa_needs_rs232_idn"
"community","usb4000_2000_plus","Usb4000 2000 Plus","Ocean Insight","USB_SDK","usb/dll","","5","T3u_usb_sdk_not_serial"
"community","usbctr","Measurement Measurement Computing USB Counter/Timer","Measurement Computing (MCC)","TCP","network-framework","","22","T3_network_needs_ext"
"community","usbtmclight","Usbtmclight","Open Standard (USBTMC)","VISA_SCPI","lantz/VISA","*IDN?","12","T2_visa_needs_rs232_idn"
"community","usbtmc_communicator","Generic Usbtmc Communicator","Open Standard (USBTMC)","VISA_SCPI","scpi-framework","","11","T2_visa_needs_rs232_idn"
"community","usbtmc_device","Generic USB TMC Instrument Interface 接口模块","Open Standard (USBTMC)","UNKNOWN","","","3","T4_manual_review"
"community","usbtmc_driver","Generic Usbtmc Driver","Open Standard (USBTMC)","VISA_SCPI","lantz/VISA","","4","T2_visa_needs_rs232_idn"
"community","usb_class","Generic Usb Class","Open Standard","SERIAL","pyserial","","8","T1b_serial_probe_tbd"
"community","usb_communicator","Generic Usb Communicator","Open Standard","VISA_SCPI","scpi-framework","","9","T2_visa_needs_rs232_idn"
"community","usb_comm_obp","ABB ABB Ltd Usb Comm Obp","ABB Ltd","USB_SDK","usb/dll","","12","T3u_usb_sdk_not_serial"
"community","usb_comm_ooi","ABB ABB Ltd Usb Comm Ooi","ABB Ltd","USB_SDK","usb/dll","","12","T3u_usb_sdk_not_serial"
"community","usb_device","Generic USB Device Interface 接口模块","Open Standard","USB_SDK","usb/dll","","5","T3u_usb_sdk_not_serial"
"community","usb_device_description","USB Device Description","Open Standard","USB_SDK","usb/dll","","21","T3u_usb_sdk_not_serial"
"community","usb_driver","Generic Usb Driver","Open Standard","VISA_SCPI","lantz/VISA","","7","T2_visa_needs_rs232_idn"
"community","usb_port","USB Port","Open Standard","USB_SDK","usb/dll","","10","T3u_usb_sdk_not_serial"
"community","usb_train_id","European XFEL USB Train Id","European XFEL","SERIAL","pyserial","","2","T1b_serial_probe_tbd"
"community","us_btin","USBtin CAN总线适配器","Open Source","SERIAL","pyserial","","17","T1b_serial_probe_tbd"
"community","uxbus_cmd","UFACTORY UFACTORY Uxbus Cmd","UFACTORY (xArm)","SERIAL","pyserial","","193","T1b_serial_probe_tbd"
"community","uxbus_cmd_ser","UFactory Uxbus Cmd Ser","UFactory","ROBOT","robot/ros-sdk","","7","T3r_robot_sdk"
"community","uxbus_cmd_tcp","UFACTORY UFACTORY Uxbus Cmd Tcp","UFACTORY (xArm)","ROBOT","robot/ros-sdk","","17","T3r_robot_sdk"
"community","uxr","Keysight UXR Series Real-Time Oscilloscope 示波器","Keysight Technologies","VISA_SCPI","lantz/VISA","","2","T2_visa_needs_rs232_idn"
"community","ux_rxxx2_a","Pro Benchtop Oscilloscopes","Keysight","VISA_SCPI","lantz/VISA","","2","T2_visa_needs_rs232_idn"
"community","ux_rxxx4_a","Pro Benchtop Oscilloscopes","Keysight","VISA_SCPI","lantz/VISA","","2","T2_visa_needs_rs232_idn"
"community","vantage_backend","Hamilton Vantage Liquid Handler 处理器 移液工作站 移液工作站","Hamilton Company","ROBOT","robot/ros-sdk","","106","T3r_robot_sdk"
"community","vdipm5_b","Vdipm5 B","Virginia Diodes","VISA_SCPI","lantz/VISA","","5","T2_visa_needs_rs232_idn"
"community","vfl","Generic Visible Fiber Laser 激光器","Open Source","VISA_SCPI","lantz/VISA","GETMODEL","19","T2_visa_needs_rs232_idn"
"community","visa","Visa","National Instruments (VISA)","VISA_SCPI","lantz/VISA","","5","T2_visa_needs_rs232_idn"
"community","visa_communicator","IVI VISA Instrument Communicator","IVI Foundation","VISA_SCPI","lantz/VISA","","11","T2_visa_needs_rs232_idn"
"community","vt__backend","Generic Variable Temperature Measurement Backend 后端控制器","Open Source","VISA_SCPI","lantz/VISA","*IDN?","14","T2_visa_needs_rs232_idn"
"community","vt__backend__passive","Generic Variable Temperature Backend (Passive) 后端控制器","Open Source","VISA_SCPI","lantz/VISA","*IDN?","10","T2_visa_needs_rs232_idn"
"community","vxi11_communicator","Generic Vxi11 Communicator","Open Standard (VXI-11)","VISA_SCPI","scpi-framework","","9","T2_visa_needs_rs232_idn"
"community","vxi11_driver","Generic Vxi11 Driver","Open Standard (VXI-11)","VISA_SCPI","lantz/VISA","","42","T2_visa_needs_rs232_idn"
"community","v_spin_backend","Generic V Spin Backend 后端控制器","Open Source","SERIAL","pyserial","","31","T1b_serial_probe_tbd"
"community","wait_thread","Wait Thread","Open Source","DAQ_GPIO","daq/gpio","setDigitalTask","2","T3d_daq_gpio_local"
"community","wasatch_demo","Generic Wasatch Demo","Wasatch Photonics","USB_SDK","camera/spectro-sdk","","3","T3u_usb_sdk_not_serial"
"community","wasatch_device_wrapper","Wasatch Photonics Device Wrapper 驱动封装 分析仪器 驱动封装","Wasatch Photonics","USB_SDK","camera/spectro-sdk","","10","T3u_usb_sdk_not_serial"
"community","wasatch_shell","Wasatch Photonics 光谱仪终端接口 分析仪器 接口模块","Wasatch Photonics","USB_SDK","camera/spectro-sdk","","28","T3u_usb_sdk_not_serial"
"community","watlow","DISCONTINUED: EZ-ZONE® PM 1/4 DIN Panel Mount Controller","Watlow","SERIAL","pyserial","","7","T1b_serial_probe_tbd"
"community","web_fpv","Web Fpv","Open Source","TCP","network/rest","","4","T3_network_needs_ext"
"community","weiss_lab_event","Weiss LAB Event","Weiss Technik","UNKNOWN","","","15","T4_manual_review"
"community","weiss_sb22","Weiss Technik SB22 环境模拟试验箱","Weiss Technik","UNKNOWN","","%d?","12","T4_manual_review"
"community","wiltron360","Vector Network Analyzer","Anritsu","VISA_SCPI","scpi-framework","FMA OFV","8","T2_visa_needs_rs232_idn"
"community","wiltron360_ss69","Wiltron360 Ss69","Wiltron (Anritsu)","VISA_SCPI","scpi-framework","OUTPut:STATe?","2","T2_visa_needs_rs232_idn"
"community","wiltron6672_b","Wiltron 6672B 扫频合成器","Wiltron (Anritsu)","VISA_SCPI","scpi-framework","OUTPut:STATe?","2","T2_visa_needs_rs232_idn"
"community","work_table","Generic Work Table","Open Source","UNKNOWN","","","58","T4_manual_review"
"community","xps","Newport Corporation Xps","Newport Corporation","TCP","socket","","232","T3_network_needs_ext"
"community","xspress3_detector","Quantum Xspress3 X-ray Detector 探测器","Quantum Detectors","TCP","network-framework","","24","T3_network_needs_ext"
"community","x_keys_device","X Keys Device","P.I. Engineering","USB_SDK","usb/dll","","8","T3u_usb_sdk_not_serial"
"community","yd_lidar","YD Lidar","YDLIDAR","SERIAL","pyserial","","4","T1b_serial_probe_tbd"
"community","yokogawa6370","AQ6370E Optical Spectrum Analyzer 600 - 1700 nm","Yokogawa","TCP","socket",":CALC:DATA?","7","T3_network_needs_ext"
"community","y_sensor","y_sensor","","USB_SDK","usb/dll","","14","T3u_usb_sdk_not_serial"
"community","y_serial_port","y_serial_port","","SERIAL","pyserial","","1210","T1b_serial_probe_tbd"
"community","zaber_daisy_chain","Zaber Daisy Chain","Zaber Technologies","SERIAL","pyserial","","1","T1b_serial_probe_tbd"
"community","zi_base_instrument","韩国ilSHinBioBase 进口深冷冻箱 GUDERO CHEST系列","Jeio Tech Co., Ltd - 上海代表处","VISA_SCPI","scpi-framework","","47","T2_visa_needs_rs232_idn"
"community","zi_shell_device","Zurich Zurich Instruments Shell Device","Zurich Instruments","VISA_SCPI","lantz/VISA","*IDN?","49","T2_visa_needs_rs232_idn"
"community","zmq_value_sub","Open Standard Use Zero Message Queue","Open Standard (ZeroMQ)","TCP","socket","","2","T3_network_needs_ext"
"community","_asi_controller","ASI Controller","Applied Scientific Instrumentation","SERIAL","pyserial","","25","T1b_serial_probe_tbd"
"community","_i_beam_connection","I Beam Connection","TOPTICA Photonics","SERIAL","pyserial","","7","T1b_serial_probe_tbd"
"community","__lib_usb","LibUSB","Open Source","USB_SDK","usb/dll","","18","T3u_usb_sdk_not_serial"
"community","__pro_scan_iii_connection","PRO Scan III Connection","Prior Scientific","SERIAL","pyserial","","13","T1b_serial_probe_tbd"
"community","__robot","__robot","","TCP","socket","","507","T3_network_needs_ext"
"community","__zaber_connection","Zaber Connection","Zaber Technologies","SERIAL","pyserial","","3","T1b_serial_probe_tbd"
"community","__zaber_led_controller","Zaber LED Controller","Zaber Technologies","SERIAL","pyserial","","1","T1b_serial_probe_tbd"
"core","agv/agv_navigator.py","agv_navigator","","TCP","socket","LM14","0","T3_network_needs_ext"
"core","agv/robotiq_gripper.py","robotiq_gripper","","TCP","socket","","0","T3_network_needs_ext"
"core","agv/ur_arm_task.py","ur_arm_task","","UNKNOWN","","192.168.1.178","0","T4_manual_review"
"core","arm/elite_robot.py","elite_robot","","TCP","socket","","0","T3_network_needs_ext"
"core","balance/mettler_toledo_xpr/mettler_toledo_xpr.py","mettler_toledo_xpr","","TCP","network/rest","","0","T3_network_needs_ext"
"core","battery/neware_battery_test_system.py","neware_battery_test_system","","TCP","socket","","0","T3_network_needs_ext"
"core","cameraSII/cameraDriver.py","cameraDriver","","TCP","network/rest","","0","T3_network_needs_ext"
"core","cameraSII/cameraUSB.py","cameraUSB","","TCP","network/rest","","0","T3_network_needs_ext"
"core","cnc/grbl_async.py","grbl_async","","SERIAL","pyserial","?","0","T1_serial_probe_ready"
"core","cnc/grbl_sync.py","grbl_sync","","SERIAL","pyserial","?","0","T1_serial_probe_ready"
"core","cnc/mock.py","mock","","UNKNOWN","","","0","T4_manual_review"
"core","gripper/mock.py","mock","","UNKNOWN","","","0","T4_manual_review"
"core","gripper/rmaxis_v4.py","rmaxis_v4","","SERIAL","pyserial","","0","T1b_serial_probe_tbd"
"core","heaterstirrer/dalong.py","dalong","","SERIAL","pyserial","","0","T1b_serial_probe_tbd"
"core","hplc/AgilentHPLC.py","AgilentHPLC","","SW_AUTO","windows-sw-automation","","0","T3s_sw_automation"
"core","liquid_handling/biomek.py","biomek","","ROBOT","robot/ros-sdk","","0","T3r_robot_sdk"
"core","liquid_handling/biomek_test.py","biomek_test","","UNKNOWN","","","0","T4_manual_review"
"core","liquid_handling/liquid_handler_abstract.py","liquid_handler_abstract","","ROBOT","robot/ros-sdk","","0","T3r_robot_sdk"
"core","liquid_handling/revvity.py","revvity","","UNKNOWN","","","0","T4_manual_review"
"core","liquid_handling/rviz_backend.py","rviz_backend","","ROBOT","robot/ros-sdk","","0","T3r_robot_sdk"
"core","liquid_handling/laiyu/laiyu.py","laiyu","","ROBOT","robot/ros-sdk","","0","T3r_robot_sdk"
"core","liquid_handling/laiyu/backend/laiyu_backend.py","laiyu_backend","","ROBOT","robot/ros-sdk","","0","T3r_robot_sdk"
"core","liquid_handling/laiyu/backend/laiyu_v_backend.py","laiyu_v_backend","","ROBOT","robot/ros-sdk","","0","T3r_robot_sdk"
"core","liquid_handling/laiyu/controllers/pipette_controller.py","pipette_controller","","SERIAL","pyserial","","0","T1b_serial_probe_tbd"
"core","liquid_handling/laiyu/controllers/xyz_controller.py","xyz_controller","","SERIAL","pyserial","","0","T1b_serial_probe_tbd"
"core","liquid_handling/laiyu/core/abstract_protocol.py","abstract_protocol","","ROBOT","robot/ros-sdk","","0","T3r_robot_sdk"
"core","liquid_handling/laiyu/core/LaiYu_Liquid.py","LaiYu_Liquid","","SERIAL","pyserial","","0","T1b_serial_probe_tbd"
"core","liquid_handling/laiyu/core/laiyu_liquid_res.py","laiyu_liquid_res","","ROBOT","robot/ros-sdk","","0","T3r_robot_sdk"
"core","liquid_handling/laiyu/drivers/sopa_pipette_driver.py","sopa_pipette_driver","","SERIAL","pyserial","Q28","0","T1_serial_probe_ready"
"core","liquid_handling/laiyu/drivers/xyz_stepper_driver.py","xyz_stepper_driver","","SERIAL","pyserial","","0","T1b_serial_probe_tbd"
"core","liquid_handling/prcxi/abstract_protocol.py","abstract_protocol","","TCP","socket","","0","T3_network_needs_ext"
"core","liquid_handling/prcxi/prcxi.py","prcxi","","TCP","socket","","0","T3_network_needs_ext"
"core","motor/Consts.py","Consts","","UNKNOWN","","","0","T4_manual_review"
"core","motor/FakeSerial.py","FakeSerial","","UNKNOWN","","","0","T4_manual_review"
"core","motor/Grasp.py","Grasp","","SERIAL","pyserial","","0","T1b_serial_probe_tbd"
"core","motor/iCL42.py","iCL42","","SERIAL","pyserial","","0","T1b_serial_probe_tbd"
"core","motor/base_types/PrPath.py","PrPath","","UNKNOWN","","","0","T4_manual_review"
"core","neware_battery_test_system/neware_battery_test_system.py","neware_battery_test_system","","TCP","socket","","0","T3_network_needs_ext"
"core","opsky_Raman/opsky_ATR30007.py","opsky_ATR30007","","MODBUS","modbus","","0","T2m_modbus_probeable"
"core","platereader/NivoDriver.py","NivoDriver","","TCP","network/rest","","0","T3_network_needs_ext"
"core","powder_dispense/laiyu.py","laiyu","","SERIAL","pyserial","","0","T1b_serial_probe_tbd"
"core","pump_and_valve/masterflex_ls.py","masterflex_ls","","SERIAL","pyserial","","0","T1b_serial_probe_tbd"
"core","pump_and_valve/runze_async.py","runze_async","","SERIAL","pyserial","?28","0","T1_serial_probe_ready"
"core","pump_and_valve/runze_backbone.py","runze_backbone","","SERIAL","pyserial","?28","0","T1_serial_probe_ready"
"core","pump_and_valve/runze_multiple_backbone.py","runze_multiple_backbone","","SERIAL","pyserial","","0","T1b_serial_probe_tbd"
"core","pump_and_valve/solenoid_valve.py","solenoid_valve","","SERIAL","pyserial","","0","T1b_serial_probe_tbd"
"core","pump_and_valve/solenoid_valve_mock.py","solenoid_valve_mock","","UNKNOWN","","","0","T4_manual_review"
"core","pump_and_valve/vacuum_pump_mock.py","vacuum_pump_mock","","UNKNOWN","","","0","T4_manual_review"
"core","Qone_nmr/Qone_nmr.py","Qone_nmr","","UNKNOWN","","","0","T4_manual_review"
"core","raman_uv/home_made_raman.py","home_made_raman","","SERIAL","pyserial","","0","T1b_serial_probe_tbd"
"core","resource_container/container.py","container","","UNKNOWN","","","0","T4_manual_review"
"core","ros_dev/liquid_handler_joint_publisher.py","liquid_handler_joint_publisher","","ROBOT","robot/ros-sdk","","0","T3r_robot_sdk"
"core","ros_dev/liquid_handler_joint_publisher_node.py","liquid_handler_joint_publisher_node","","ROBOT","robot/ros-sdk","","0","T3r_robot_sdk"
"core","ros_dev/moveit2.py","moveit2","","ROBOT","robot/ros-sdk","","0","T3r_robot_sdk"
"core","ros_dev/moveit_interface.py","moveit_interface","","ROBOT","robot/ros-sdk","","0","T3r_robot_sdk"
"core","rotavap/rotavap_one.py","rotavap_one","","SERIAL","pyserial","","0","T1b_serial_probe_tbd"
"core","sealer/sealer.py","sealer","","SERIAL","pyserial","","0","T1b_serial_probe_tbd"
"core","separator/chinwe.py","chinwe","","SERIAL","pyserial","","0","T1b_serial_probe_tbd"
"core","separator/homemade_grbl_conductivity.py","homemade_grbl_conductivity","","SERIAL","pyserial","","0","T1b_serial_probe_tbd"
"core","temperature/chiller.py","chiller","","SERIAL","pyserial","","0","T1b_serial_probe_tbd"
"core","temperature/prototype_sensor.py","prototype_sensor","","SERIAL","pyserial","","0","T1b_serial_probe_tbd"
"core","temperature/sensor_node.py","sensor_node","","SERIAL","pyserial","","0","T1b_serial_probe_tbd"
"core","UV_test/fuxiang2.py","fuxiang2","","SW_AUTO","windows-sw-automation","","0","T3s_sw_automation"
"core","virtual/lctest_action.py","lctest_action","","UNKNOWN","","","0","T4_manual_review"
"core","virtual/virtual_centrifuge.py","virtual_centrifuge","","UNKNOWN","","","0","T4_manual_review"
"core","virtual/virtual_column.py","virtual_column","","UNKNOWN","","","0","T4_manual_review"
"core","virtual/virtual_filter.py","virtual_filter","","UNKNOWN","","","0","T4_manual_review"
"core","virtual/virtual_gas_source.py","virtual_gas_source","","UNKNOWN","","","0","T4_manual_review"
"core","virtual/virtual_heatchill.py","virtual_heatchill","","UNKNOWN","","","0","T4_manual_review"
"core","virtual/virtual_multiway_valve.py","virtual_multiway_valve","","UNKNOWN","","","0","T4_manual_review"
"core","virtual/virtual_rotavap.py","virtual_rotavap","","UNKNOWN","","","0","T4_manual_review"
"core","virtual/virtual_sample_demo.py","virtual_sample_demo","","UNKNOWN","","","0","T4_manual_review"
"core","virtual/virtual_separator.py","virtual_separator","","UNKNOWN","","","0","T4_manual_review"
"core","virtual/virtual_solenoid_valve.py","virtual_solenoid_valve","","UNKNOWN","","","0","T4_manual_review"
"core","virtual/virtual_solid_dispenser.py","virtual_solid_dispenser","","UNKNOWN","","","0","T4_manual_review"
"core","virtual/virtual_stirrer.py","virtual_stirrer","","UNKNOWN","","","0","T4_manual_review"
"core","virtual/virtual_transferpump.py","virtual_transferpump","","UNKNOWN","","","0","T4_manual_review"
"core","virtual/virtual_vacuum_pump.py","virtual_vacuum_pump","","UNKNOWN","","","0","T4_manual_review"
"core","virtual/virtual_valve.py","virtual_valve","","UNKNOWN","","","0","T4_manual_review"
"core","virtual/workbench.py","workbench","","UNKNOWN","","","0","T4_manual_review"
"core","workstation/workflow_executors.py","workflow_executors","","UNKNOWN","","","0","T4_manual_review"
"core","workstation/workstation_base.py","workstation_base","","ROBOT","robot/ros-sdk","","0","T3r_robot_sdk"
"core","workstation/workstation_http_service.py","workstation_http_service","","UNKNOWN","","","0","T4_manual_review"
"core","workstation/bioyond_studio/bioyond_rpc.py","bioyond_rpc","","UNKNOWN","","","0","T4_manual_review"
"core","workstation/bioyond_studio/station.py","station","","ROBOT","robot/ros-sdk","","0","T3r_robot_sdk"
"core","workstation/bioyond_studio/bioyond_cell/bioyond_cell_workstation.py","bioyond_cell_workstation","","ROBOT","robot/ros-sdk","","0","T3r_robot_sdk"
"core","workstation/bioyond_studio/dispensing_station/dispensing_station.py","dispensing_station","","TCP","network/rest","","0","T3_network_needs_ext"
"core","workstation/bioyond_studio/reaction_station/reaction_station.py","reaction_station","","TCP","network/rest","","0","T3_network_needs_ext"
"core","workstation/coin_cell_assembly/coin_cell_assembly.py","coin_cell_assembly","","MODBUS","modbus","","0","T2m_modbus_probeable"
"core","workstation/coin_cell_assembly/YB_YH_materials.py","YB_YH_materials","","ROBOT","robot/ros-sdk","","0","T3r_robot_sdk"
"core","workstation/post_process/decks.py","decks","","ROBOT","robot/ros-sdk","","0","T3r_robot_sdk"
"core","workstation/post_process/post_process.py","post_process","","UNKNOWN","","","0","T4_manual_review"
"core","workstation/post_process/post_process_warehouse.py","post_process_warehouse","","ROBOT","robot/ros-sdk","","0","T3r_robot_sdk"
"core","xpeel/xpeel.py","xpeel","","SERIAL","pyserial","","0","T1b_serial_probe_tbd"
"core","xrd_d7mate/xrd_d7mate.py","xrd_d7mate","","TCP","socket","","0","T3_network_needs_ext"
"core","zhida_gcms/zhida.py","zhida","","TCP","socket","","0","T3_network_needs_ext"
"core","zhida_hplc/zhida.py","zhida","","TCP","socket","","0","T3_network_needs_ext"
