"source","folder","name","manufacturer","conn","framework","probe_cmd","actions","verdict"
"community","a2023a","Generic A2023a","Apogee Instruments","VISA_SCPI","lantz/VISA","*IDN?","30","T2_visa_needs_rs232_idn"
"community","a2_d_4_ch__isolated_adc","AADCO闆舵皵鍙戠敓鍣?37-14","骞垮窞灏氬噯浠櫒璁惧鑲′唤鏈夐檺鍏徃","VISA_SCPI","lantz/VISA","","10","T2_visa_needs_rs232_idn"
"community","a2_d_daq","Generic A/D DAQ Module 鏁版嵁閲囬泦妯″潡","A/D Instruments","VISA_SCPI","lantz/VISA","INSTR:READ:ANA? (@{ch})","14","T2_visa_needs_rs232_idn"
"community","a2_d_power_board","Generic A/D Power Board 鐢垫簮鏉?","A/D Instruments","VISA_SCPI","lantz/VISA","MEAS:VOLT:DC?","13","T2_visa_needs_rs232_idn"
"community","a2_d_sense_board","A/D Sense Board 浼犳劅鏉?","A/D Instruments","VISA_SCPI","lantz/VISA","MEAS:VOLT:DC?","9","T2_visa_needs_rs232_idn"
"community","a2_d__eload","Generic A/D Electronic Load 鐢靛瓙璐熻浇","A/D Instruments","VISA_SCPI","lantz/VISA","INSTR:RS485?","26","T2_visa_needs_rs232_idn"
"community","a2_d__relay__board","Generic A/D Relay Board 缁х數鍣ㄦ澘","A/D Instruments","VISA_SCPI","lantz/VISA","INSTR:DAQ:GET:NCHS?","9","T2_visa_needs_rs232_idn"
"community","a4_s_backend","Generic A4 S Backend 鍚庣鎺у埗鍣?","Opentrons","SERIAL","pyserial","","13","T1b_serial_probe_tbd"
"community","aa_opto_mds","type: string","","SERIAL","pyserial","","10","T1b_serial_probe_tbd"
"community","access2_backend","Automated Sample Storage","Hamilton","SERIAL","pyserial","","10","T1b_serial_probe_tbd"
"community","acq1102","ACQ1102 2 site compact FMC/ELF carrier","D-TACQ Solutions","TCP","socket","","0","T3_network_needs_ext"
"community","acq2106","ACQ2106","D-TACQ Solutions","TCP","socket","","5","T3_network_needs_ext"
"community","acq2106_tiga","ACQ2106","D-TACQ Solutions","TCP","socket","","2","T3_network_needs_ext"
"community","acq2106__mgtdram8","ACQ2106","D-TACQ Solutions","TCP","socket","","2","T3_network_needs_ext"
"community","acq400e","ACQ424ELF","D-TACQ Solutions","TCP","socket","","11","T3_network_needs_ext"
"community","adn_xpt","Analog Devices ADN Crosspoint Switch","Analog Devices","UNKNOWN","","","14","T4_manual_review"
"community","ads_symbol","type: string","Beckhoff Automation","UNKNOWN","","","9","T4_manual_review"
"community","afg3021b","Tektronix(娉板厠)AFG3021B 浠绘剰娉㈠嚱鏁板彂鐢熷櫒","Tektronix","VISA_SCPI","lantz/VISA","*IDN?","1","T2_visa_needs_rs232_idn"
"community","afms","Afms","Adafruit Industries","SERIAL","pyserial","","6","T1b_serial_probe_tbd"
"community","agilent33210_a","33210A Waveform/Function Generator [Discontinued]","Keysight","TCP","socket","","6","T3_network_needs_ext"
"community","agilent33220a","33220A Function / Arbitrary Waveform Generator, 20 MHz [Obsolete]","Keysight","UNKNOWN","","OUTP:LOAD?","8","T4_manual_review"
"community","agilent34410a","34410A Digital Multimeter, 6陆 Digit [Obsolete]","Keysight","UNKNOWN","","DATA:POIN?","9","T4_manual_review"
"community","agilent_dso7054_wrapper","'DSO7054A Oscilloscope: 500 MHz, 4 analog channels [Obsolete]'","Keysight","UNKNOWN","",":WAV:PRE?","19","T4_manual_review"
"community","agilent_e4406_a","E4406A VSA Transmitter Tester, 7 MHz to 4 GHz [Obsolete]","Keysight","UNKNOWN","","SYSTem:ERRor?","10","T4_manual_review"
"community","agilent_e44nn","E4432B ESG-D Series Digital RF Signal Generator, 3 GHz [Obsolete]","Keysight","UNKNOWN","",":INST:SEL?","2","T4_manual_review"
"community","agilent_e8357_a","E8357A PNA Network Analyzer, 300 kHz to 6 GHz [Obsolete]","Keysight","UNKNOWN","","CALC1:PAR:CAT?","5","T4_manual_review"
"community","agilent_n9010_a_wrapper","N9010A EXA Signal Analyzer, 10 Hz to 44 GHz","Keysight","UNKNOWN","",":POW:ATT?","29","T4_manual_review"
"community","agilent_serial","Agilent 涓插彛浠櫒鎺ュ彛 瀹為獙璁惧 涓插彛璁惧","Agilent Technologies (Keysight)","UNKNOWN","","","5","T4_manual_review"
"community","aguc2","Motor Controller, Piezo, 2 Axis, Agilis鈩? Hand-held","Newport","UNKNOWN","","TE","3","T4_manual_review"
"community","aim_t_ti_el302_p","str","Aim-TTi","UNKNOWN","","*IDN?","1","T4_manual_review"
"community","aio_serial","Generic Aio Serial 涓插彛璁惧","Open Standard","SERIAL","pyserial","","8","T1b_serial_probe_tbd"
"community","aisa_kestrel_camera","Aisa Kestrel Camera","Specim","SERIAL","pyserial","","10","T1b_serial_probe_tbd"
"community","ami430","AMI Model 430 Power Supply Programmer","American Magnetics","VISA_SCPI","lantz/VISA","RAMP:RATE:UNITS?","1","T2_visa_needs_rs232_idn"
"community","amptek_mca","AMPTEK FastSDD","AMPTEK","TCP","socket","","10","T3_network_needs_ext"
"community","anaheim_automation_smc40","Anaheim Automation SMC40 姝ヨ繘鐢垫満鎺у埗鍣?绱㈠紩鍣?","Anaheim Automation","SERIAL","pyserial","ID","6","T1_serial_probe_ready"
"community","andor_device","Andor Andor Device","Andor Technology (Oxford Instruments)","UNKNOWN","","","23","T4_manual_review"
"community","apt_motor_controller","Thorlabs APT Motor Controller 鐢垫満 鑷姩鍖栬澶?鎺у埗鍣?","Thorlabs","UNKNOWN","","","31","T4_manual_review"
"community","apt_piezo_inertia_actuator","Thorlabs APT Piezo Inertia Actuator 鎯€у帇鐢甸┍鍔ㄥ櫒","Thorlabs","UNKNOWN","","","31","T4_manual_review"
"community","arbin_spoofer","arbin_spoofer","","TCP","socket","","3","T3_network_needs_ext"
"community","arbok_driver","type: string","QuTech","UNKNOWN","","","15","T4_manual_review"
"community","arduino_adc","Arduino ADC 妯℃暟杞崲鎺ュ彛","Arduino","TCP","socket","","3","T3_network_needs_ext"
"community","arduino_encoder","Arduino Encoder","Arduino","SERIAL","pyserial","","3","T1b_serial_probe_tbd"
"community","arduino_io","Arduino I/O 鎺у埗鍣?瀹為獙璁惧 鎺у埗鍣?","Arduino","VISA_SCPI","lantz/VISA","INSTR:IO:READ:ANA? (@{ch})","13","T2_visa_needs_rs232_idn"
"community","argon_innova300_c","Coherent Innova 300C 姘╃瀛愭縺鍏夊櫒","Coherent","VISA_SCPI","lantz/VISA","PRINT {}","11","T2_visa_needs_rs232_idn"
"community","arx5_client","ARXrobotics","WattRex","UNKNOWN","","","8","T4_manual_review"
"community","as7341","ams OSRAM is a global leader in innovative light and sensor solutions","ams-OSRAM","SERIAL","pyserial","","7","T1b_serial_probe_tbd"
"community","ascii_axis","AXIS-TEC婵€鍏夋櫠鍦嗗垝鐗囨満AX-LS100","浼肩┖绉戝浠櫒锛堜笂娴凤級鏈夐檺鍏徃","SERIAL","pyserial","","15","T1b_serial_probe_tbd"
"community","ascii_device","Generic Ascii Device","Open Standard","SERIAL","pyserial","","15","T1b_serial_probe_tbd"
"community","ascii_scan_file","default: null","鑱氭摌鍥介檯璐告槗锛堜笂娴凤級鏈夐檺鍏徃","UNKNOWN","","","13","T4_manual_review"
"community","ascii_serial","Generic Ascii Serial 涓插彛璁惧","Open Standard","SERIAL","pyserial","","16","T1b_serial_probe_tbd"
"community","ascii_stl__writer","Ascii STL Writer","Open Source","UNKNOWN","","","3","T4_manual_review"
"community","asyncio_modbus_client","Watlow Watlow Electric Asyncio Modbus Client","Watlow Electric","MODBUS","modbus","","7","T2m_modbus_probeable"
"community","axis","AXIS-TEC婵€鍏夋櫠鍦嗗垝鐗囨満AX-LS100","浼肩┖绉戝浠櫒锛堜笂娴凤級鏈夐檺鍏徃","UNKNOWN","","TE","18","T4_manual_review"
"community","a_pump","Generic Automated Pump Controller 鎺у埗鍣?","Tricontinent (Gardner Denver)","SERIAL","pyserial","","16","T1b_serial_probe_tbd"
"community","a_star_speed","A Star Speed","Pololu","SERIAL","pyserial","","3","T1b_serial_probe_tbd"
"community","base_client","闊╁浗ilSHinBioBase 杩涘彛娣卞喎鍐荤 GUDERO CHEST绯诲垪","Jeio Tech Co., Ltd - 涓婃捣浠ｈ〃澶?","UNKNOWN","","","3","T4_manual_review"
"community","base_instrument","闊╁浗ilSHinBioBase 杩涘彛娣卞喎鍐荤 GUDERO CHEST绯诲垪","Jeio Tech Co., Ltd - 涓婃捣浠ｈ〃澶?","VISA_SCPI","lantz/VISA","*IDN?","5","T2_visa_needs_rs232_idn"
"community","base_julabo","JULABO MAGIO MS-BC4 鍔犵儹寰幆娴存Ы","Julabo","UNKNOWN","","","1","T4_manual_review"
"community","base_streamer","闊╁浗ilSHinBioBase 杩涘彛娣卞喎鍐荤 GUDERO CHEST绯诲垪","Jeio Tech Co., Ltd - 涓婃捣浠ｈ〃澶?","SERIAL","pyserial","","7","T1b_serial_probe_tbd"
"community","basic_serial_instrument","閫氱敤涓插彛浠櫒鎺ュ彛","Open Standard","SERIAL","pyserial","","16","T1b_serial_probe_tbd"
"community","bimo","Bimo","Open Source","SERIAL","pyserial","","16","T1b_serial_probe_tbd"
"community","binary_readers","Generic Binary Readers 璇诲彇鍣?","Open Source","UNKNOWN","","","11","T4_manual_review"
"community","binary_serial","Generic Binary Serial 涓插彛璁惧","Open Standard","SERIAL","pyserial","","14","T1b_serial_probe_tbd"
"community","binary_stl__writer","Binary STL Writer","Open Source","UNKNOWN","","","1","T4_manual_review"
"community","binder_mk53","BINDER MK 53 Dynamic Climate Chamber","Binder","MODBUS","modbus","","8","T2m_modbus_probeable"
"community","binder_mk56","Model MK 56","Binder","MODBUS","modbus","","3","T2m_modbus_probeable"
"community","bioshake_driver","Opentrons Opentrons Bioshake Driver","Opentrons","SERIAL","pyserial","","7","T1b_serial_probe_tbd"
"community","bio_shake","BioShake iQ","Q.Instruments","SERIAL","pyserial","","11","T1b_serial_probe_tbd"
"community","bio_tek_plate_reader_backend","Cytek Aurora&trade; Evo 鍏ㄥ厜璋辨祦寮忕粏鑳炰华","Cytek Biosciences","SERIAL","pyserial","","25","T1b_serial_probe_tbd"
"community","bit_bang_device","BrainBit DragonEEG澶氬姛鑳?21 閫氶亾鑴戠數鏃犵嚎绯荤粺","姝︽眽鎻愭矁鍏嬬鎶€鏈夐檺鍏徃","UNKNOWN","","","5","T4_manual_review"
"community","bk8600","B&K Precision 8601 DC Electronic Load","BK Precision","VISA_SCPI","lantz/VISA","MEAS:VOLT:DC?","10","T2_visa_needs_rs232_idn"
"community","bk9100","B&K Precision 9103 Multi-Range DC Power Supply","BK Precision","VISA_SCPI","lantz/VISA","*IDN?","11","T2_visa_needs_rs232_idn"
"community","blf_writer","BLF Writer","Open Source","UNKNOWN","","","4","T4_manual_review"
"community","blockly_tool","BioTools鎸姩鍦嗕簩鑹插厜璋变华ChiralIR-2X","鍗庢磱绉戜华","UNKNOWN","","","2","T4_manual_review"
"community","blu","浠ｇ悊寰峰浗BlueSens 鐢熺墿鍙戦叺绯荤粺","澶ц繛鍔涜开娴佷綋鎺у埗鎶€鏈湁闄愬叕鍙?","UNKNOWN","","*GAN","21","T4_manual_review"
"community","broadcast_udp_port_mapper_client","UDP Port Mapper Client 缃戠粶绔彛鏄犲皠瀹㈡埛绔?","Open Source","TCP","socket","","37","T3_network_needs_ext"
"community","bronkhorst_elflow","Reliable EL-FLOW Select mass flow meter/controller","Bronkhorst","SERIAL","pyserial","","9","T1b_serial_probe_tbd"
"community","busylight","Kuando/Plenom Busylight Status Indicator","Kuando/Plenom","UNKNOWN","","","9","T4_manual_review"
"community","bx2_a","BX53 Semi-Motorized Fluorescence Microscope | Evident Scientific | Olympus","Evident","VISA_SCPI","lantz/VISA","1UNIT?","9","T2_visa_needs_rs232_idn"
"community","byonoy_absorbance96_automate_backend","Specifications","Byonoy GmbH","UNKNOWN","","","6","T4_manual_review"
"community","camera_esp32_cam_serial","ESP32-CAM 寮€鍙戞澘鐩告満妯″潡","Espressif Systems","SERIAL","pyserial","","17","T1b_serial_probe_tbd"
"community","camera_interface","Camera Interface","Open Source","SERIAL","pyserial","","4","T1b_serial_probe_tbd"
"community","camera_redis_daemon","Camera Redis Daemon","Open Source","SERIAL","pyserial","","2","T1b_serial_probe_tbd"
"community","camera_service","type: string","Open Source","UNKNOWN","","","83","T4_manual_review"
"community","catalog","Catalog","Open Source","UNKNOWN","","","2","T4_manual_review"
"community","cc","default: null","QuTech","UNKNOWN","","","2","T4_manual_review"
"community","cc1","Qubitekk CC1 Coincidence Counter","Qubitekk","UNKNOWN","","GATE?","1","T4_manual_review"
"community","ccl","default: null","QuTech","UNKNOWN","","*IDN?","11","T4_manual_review"
"community","cc_core","default: null","缁存牴鎶€鏈紙鍖椾含锛夋湁闄愬叕鍙革紙WIGGENS锛?","UNKNOWN","","","60","T4_manual_review"
"community","cesar1312","str","Advanced Energy","SERIAL","pyserial","","2","T1b_serial_probe_tbd"
"community","channel_client","Channel Client","D-TACQ Solutions","TCP","socket","","0","T3_network_needs_ext"
"community","chemputersoftware__serial_device","chemputersoftware__serial_device","","SERIAL","pyserial","","6","T1b_serial_probe_tbd"
"community","cito_plus1310","String","CEM Corporation","SERIAL","pyserial","","9","T1b_serial_probe_tbd"
"community","clari_ostar_backend","BMG CLARIOstar 澶氬姛鑳介叾鏍囦华 閰舵爣浠?閰舵爣浠?","BMG LABTECH","SERIAL","pyserial","","13","T1b_serial_probe_tbd"
"community","client","Client","Open Source","TCP","socket","","12","T3_network_needs_ext"
"community","clock_line","default: null","鍖椾含宕櫞鐜繚绉戞妧鏈夐檺鍏徃","UNKNOWN","","","13","T4_manual_review"
"community","cmd_seq","FEI4 Command Sequencer","Open Source","UNKNOWN","","","13","T4_manual_review"
"community","cobalt_laser","type: string","","SERIAL","pyserial","","6","T1b_serial_probe_tbd"
"community","cobalt_laser_e","type: string","","SERIAL","pyserial","","418","T1b_serial_probe_tbd"
"community","cobolt0601","Cobolt 06-01 Series Diode Laser","Cobolt","VISA_SCPI","lantz/VISA","gsn?","19","T2_visa_needs_rs232_idn"
"community","cobolt0601_f2","Cobolt0601 F2","Cobolt AB (H脺BNER Photonics)","VISA_SCPI","lantz/VISA","","10","T2_visa_needs_rs232_idn"
"community","cobolt_debug_serial","Cobolt Debug Serial","Cobolt AB (H脺BNER Photonics)","UNKNOWN","","","6","T4_manual_review"
"community","cobolt_laser","Cobolt Laser","Cobolt AB (H脺BNER Photonics)","SERIAL","pyserial","","2","T1b_serial_probe_tbd"
"community","coherent","Coherent","Coherent Corp.","SERIAL","pyserial","?%s\r\n","19","T1_serial_probe_ready"
"community","coherent_obis_laser","type: string","","SERIAL","pyserial","","7","T1b_serial_probe_tbd"
"community","coherent_sapphire_laser","type: string","","SERIAL","pyserial","","19","T1b_serial_probe_tbd"
"community","communication","Generic Communication","Open Standard","SERIAL","pyserial","","5","T1b_serial_probe_tbd"
"community","communication_port","Communication Port","Open Standard","SERIAL","pyserial","","14","T1b_serial_probe_tbd"
"community","community_github_bamresearch_mapz_at_bam","Herolab RobotCen","Herolab","UNKNOWN","","","4","T4_manual_review"
"community","community_github_buchi_labortechnik_ag_openinterface_examples_python","Buchi Rotavapor R-300","Buchi","MODBUS","modbus","","1","T2m_modbus_probeable"
"community","community_github_djorlando24_pylabdatalogger","A&D G绯诲垪","A&D","VISA_SCPI","lantz/VISA","","14","T2_visa_needs_rs232_idn"
"community","community_github_mcimech_bk891","BK Precision 891","BK Precision","UNKNOWN","","","20","T4_manual_review"
"community","community_github_pyhys_minimalmodbus","Eurotherm 3500/3504","Eurotherm","MODBUS","modbus","","15","T2m_modbus_probeable"
"community","community_github_zahner_elektrik_zahner_potentiostat","Zahner PP212/PP222/PP242","Zahner","UNKNOWN","","","20","T4_manual_review"
"community","community_strict_fwv1","FWv1","thorlabs","UNKNOWN","","","32","T4_manual_review"
"community","community_strict_lakeshore475","Lakeshore475","lakeshore","TCP","socket","","42","T3_network_needs_ext"
"community","community_strict_mdt69xa","MDT69xA","thorlabs","UNKNOWN","","","29","T4_manual_review"
"community","community_strict_picowattavs47","PicowattAVS47","picowatt","TCP","socket","","33","T3_network_needs_ext"
"community","com_port","COM Port","Open Standard","SERIAL","pyserial","","6","T1b_serial_probe_tbd"
"community","concrete_port","Concrete Port 璁惧閫氫俊绔彛","Open Standard","UNKNOWN","","","7","T4_manual_review"
"community","connection","Generic Instrument Connection Handler","Open Standard","TCP","socket","","6","T3_network_needs_ext"
"community","controller","Controller","Open Source","UNKNOWN","","","5","T4_manual_review"
"community","control_service","type: string","Open Source","UNKNOWN","","","111","T4_manual_review"
"community","cool_led","Cool LED","CoolLED","SERIAL","pyserial","","1","T1b_serial_probe_tbd"
"community","core_client","type: string","缁存牴鎶€鏈紙鍖椾含锛夋湁闄愬叕鍙革紙WIGGENS锛?","VISA_SCPI","lantz/VISA","","43","T2_visa_needs_rs232_idn"
"community","cornerstone7400","type: string","","SERIAL","pyserial","SHUTTER","418","T1_serial_probe_ready"
"community","create_joystick","iRobot Create Joystick","iRobot","UNKNOWN","","","18","T4_manual_review"
"community","crsf_joy_bridge","Crsf JOY Bridge","Open Source","SERIAL","pyserial","","5","T1b_serial_probe_tbd"
"community","cryo_tel_gt","GERSTEL 鍙€夋嫨鎬т竴缁?浜岀淮姘旂浉鑹茶氨-鍡呴椈-璐ㄨ氨绯荤粺","GERSTEL锛堝摬鏂嘲锛?","SERIAL","pyserial","SET TBAND","23","T1_serial_probe_ready"
"community","cvd_control","type: string","","SERIAL","pyserial","","66","T1b_serial_probe_tbd"
"community","cycler_interface","cycler_interface","","TCP","socket","","1","T3_network_needs_ext"
"community","cytation_backend","Agilent BioTek Cytation Multi-Mode Reader 璇诲彇鍣?","Agilent (BioTek)","UNKNOWN","","","17","T4_manual_review"
"community","cytomat_backend","Thermo Cytomat 鑷姩鍖栧煿鍏荤 鍩瑰吇绠?鍩瑰吇绠?","Thermo Fisher Scientific","SERIAL","pyserial","ic","43","T1_serial_probe_ready"
"community","d435_rgb_stream","Intel RealSense D435 Rgb Stream","Intel RealSense","UNKNOWN","","","3","T4_manual_review"
"community","data_device","Data Device","Open Source","SERIAL","pyserial","","8","T1b_serial_probe_tbd"
"community","data_source","DataRay 涓孩澶栧厜鏉熻川閲忓垎鏋愪华","鏉窞璋遍暛鍏夌數鎶€鏈湁闄愬叕鍙?","UNKNOWN","","","13","T4_manual_review"
"community","dds_quantity","default: null","Open Source","UNKNOWN","","","38","T4_manual_review"
"community","dd_mq","type: string","QuTech","UNKNOWN","","*IDN?","11","T4_manual_review"
"community","debug_echo_device","Debug Echo Device","Open Source","UNKNOWN","","","2","T4_manual_review"
"community","debug_physical_device","Debug Physical Device","Open Source","UNKNOWN","","","2","T4_manual_review"
"community","debyeflex3003","X-ray generator Seifert ISO-Debyeflex 3003","GE/Seifert","UNKNOWN","","","21","T4_manual_review"
"community","decadac","Qcodes/src/qcodes/instrument_drivers/Harvard/Decadac.py at main 路 microsoft/Qcodes","WattRex","VISA_SCPI","lantz/VISA","k;","10","T2_visa_needs_rs232_idn"
"community","default_writer","Generic Default Writer","Open Source","UNKNOWN","","","3","T4_manual_review"
"community","device","Device","Open Source","UNKNOWN","","","18","T4_manual_review"
"community","device_handle","Device Handle","Open Source","UNKNOWN","","","15","T4_manual_review"
"community","dexarm","dexarm","","SERIAL","pyserial","","39","T1b_serial_probe_tbd"
"community","dg1000_z","DG1000Z","Rigol","VISA_SCPI","lantz/VISA","","22","T2_visa_needs_rs232_idn"
"community","digital_io","Digital IO","National Instruments","SERIAL","pyserial","","9","T1b_serial_probe_tbd"
"community","dir_collection","type: string","","TCP","socket","Warning: inline data between tags?!\n","6","T3_network_needs_ext"
"community","dl3000","DL3000","Rigol","VISA_SCPI","lantz/VISA",":MEAS:VOLT:DC?","11","T2_visa_needs_rs232_idn"
"community","dlpc900_dmd","Texas Instruments DLPC900 鏁板瓧寰暅璁惧鎺у埗鍣?","Texas Instruments","UNKNOWN","","","27","T4_manual_review"
"community","dmd","DMD","Texas Instruments","UNKNOWN","","","19","T4_manual_review"
"community","dmm","DMM","Open Source","UNKNOWN","","*IDN?","3","T4_manual_review"
"community","doppler","Generic Doppler Ultrasound Device","Open Source","UNKNOWN","","","37","T4_manual_review"
"community","dp800","DP800","Rigol","VISA_SCPI","lantz/VISA",":MEAS:VOLT?","10","T2_visa_needs_rs232_idn"
"community","dps_psu","DPS PSU","DPS (RD Tech)","SERIAL","pyserial","","11","T1b_serial_probe_tbd"
"community","driver_interface","driver_interface","","SERIAL","pyserial","","1","T1b_serial_probe_tbd"
"community","driver_socket","Metrohm Metrohm Autolab Driver Socket","Metrohm Autolab","TCP","socket","DEVICES_STATUS?","14","T3_network_needs_ext"
"community","ds1052e","RIGOL DS1052E Digital Oscilloscope","Rigol","VISA_SCPI","lantz/VISA","*IDN?","0","T2_visa_needs_rs232_idn"
"community","dsox","Keysight DSOX Series Oscilloscope 绀烘尝鍣?","Keysight Technologies","VISA_SCPI","lantz/VISA","","1","T2_visa_needs_rs232_idn"
"community","dsox3xx4_a","'DSOX3034A Oscilloscope: 350 MHz, 4 Channels'","Keysight","VISA_SCPI","lantz/VISA","","1","T2_visa_needs_rs232_idn"
"community","d_1005","A&D GX-K/GF-K绯诲垪绮惧瘑澶╁钩","A&D","SERIAL","pyserial","","5","T1b_serial_probe_tbd"
"community","d_1007","Tescan MIRA鍦哄彂灏勬壂鎻忕數瀛愭樉寰暅","Tescan","TCP","socket","","5","T3_network_needs_ext"
"community","d_1009","Kern PCB 6000-0绮惧瘑鐢靛瓙澶╁钩","Kern","SERIAL","pyserial","","6","T1b_serial_probe_tbd"
"community","d_1010","Eldex Optos楂樼簿搴PLC娉?","Eldex","UNKNOWN","","","10","T4_manual_review"
"community","d_1011","Universal Robots UR10e鍗忎綔鏈哄櫒浜?","Universal Robots","TCP","socket","","10","T3_network_needs_ext"
"community","d_1012","Universal Robots UR16e閲嶈浇鍗忎綔鏈哄櫒浜?","Universal Robots","SERIAL","pyserial","","10","T1b_serial_probe_tbd"
"community","d_1013","Mecademic Meca500瓒呯揣鍑戝叚杞村伐涓氭満鍣ㄤ汉","Mecademic","TCP","socket","","10","T3_network_needs_ext"
"community","d_1014","Hamilton Microlab VANTAGE鑷姩鍖栫Щ娑插伐浣滅珯","Hamilton","SERIAL","pyserial","","0","T1b_serial_probe_tbd"
"community","d_1015","Hamilton Microlab NIMBUS绱у噾鍨嬬Щ娑插伐浣滅珯","Hamilton","SERIAL","pyserial","","0","T1b_serial_probe_tbd"
"community","d_1022","Shimadzu Nexera X2瓒呴珮鏁堟恫鐩歌壊璋辩郴缁?","Shimadzu","SERIAL","pyserial","","10","T1b_serial_probe_tbd"
"community","d_1025","Inheco ODTC鐢叉澘寮忕儹寰幆浠?","Inheco","TCP","socket","","5","T3_network_needs_ext"
"community","d_1028","Lambda OMNICOLL鍙紪绋嬮鍒嗘敹闆嗗櫒","Lambda","SERIAL","pyserial","","9","T1b_serial_probe_tbd"
"community","d_103","Clearpath Robotics Jackal鏃犱汉鍦伴潰杞﹁締","Clearpath Robotics","SERIAL","pyserial","","0","T1b_serial_probe_tbd"
"community","d_1032","Clearpath Robotics Jackal灏忓瀷鎴峰鏃犱汉鍦伴潰杞?","Clearpath Robotics","SERIAL","pyserial","","0","T1b_serial_probe_tbd"
"community","d_1034","VICI Valco E90 Cheminert鐢靛姩澶氶€氶榾","VICI Valco","SERIAL","pyserial","","2","T1b_serial_probe_tbd"
"community","d_1035","Brookfield DV2T瑙﹀睆鏃嬭浆榛忓害璁?","Brookfield","TCP","socket","stepw","6","T3_network_needs_ext"
"community","d_1036","Hielscher UP200St瓒呭０娉㈠鐞嗗櫒","Hielscher","UNKNOWN","","","9","T4_manual_review"
"community","d_1037","Syrris Atlas HD鑷姩鍖栧寲瀛﹀弽搴斿櫒","Syrris","UNKNOWN","","","2","T4_manual_review"
"community","d_1038","Mettler Toledo EasyMax 102鑷姩鍖栧悎鎴愬伐浣滅珯","Mettler Toledo","SERIAL","pyserial","","6","T1b_serial_probe_tbd"
"community","d_1039","Mettler Toledo EasyMax 402鑷姩鍖栧悎鎴愬伐浣滅珯","Mettler Toledo","SERIAL","pyserial","","6","T1b_serial_probe_tbd"
"community","d_104","Binder VD 115鐪熺┖骞茬嚗绠?","Binder","SERIAL","pyserial","","4","T1b_serial_probe_tbd"
"community","d_1041","Biotage Extrahera鑷姩鍖栧浐鐩歌悆鍙栦华","Biotage","SERIAL","pyserial","","6","T1b_serial_probe_tbd"
"community","d_1042","Kessil PR160L LED鍏夊寲瀛﹀弽搴旂伅","Kessil","SERIAL","pyserial","","0","T1b_serial_probe_tbd"
"community","d_1043","HepatoChem EvoluChem PhotoRedOx 鍏夊寲瀛﹀弽搴斿櫒","HepatoChem","SERIAL","pyserial","","0","T1b_serial_probe_tbd"
"community","d_1044","Biotage Selekt 蹇€熷埗澶囪壊璋辩郴缁?","Biotage","SERIAL","pyserial","","6","T1b_serial_probe_tbd"
"community","d_1045","Heidolph Synthesis 1 骞宠鍚堟垚鍙嶅簲浠?","Heidolph","SERIAL","pyserial","","10","T1b_serial_probe_tbd"
"community","d_1046","Carbolite Gero CWF 1100 绠卞紡鐢甸樆鐐?","Carbolite Gero","SERIAL","pyserial","","4","T1b_serial_probe_tbd"
"community","d_1048","Singer Instruments ROTOR+ 楂橀€氶噺寰敓鐗╅樀鍒楅拡鍗版満鍣ㄤ汉","Singer Instruments","UNKNOWN","","","2","T4_manual_review"
"community","d_105","VICI Valco Cheminert E90鐢靛姩鎵ц鍣?","VICI Valco","SERIAL","pyserial","","2","T1b_serial_probe_tbd"
"community","d_1050","Thermo Scientific CryoExtra 楂樻晥娣变綆娓╁瓨鍌ㄧ郴缁?","Thermo Fisher","TCP","socket","","1","T3_network_needs_ext"
"community","d_1051","Scientific Industries Vortex-Genie 2 娑℃棆娣峰悎鍣?","Scientific Industries","SERIAL","pyserial","","4","T1b_serial_probe_tbd"
"community","d_1052","IKA ElectraSyn 2.0 鏈夋満鐢靛悎鎴愬弽搴斿櫒","IKA","SERIAL","pyserial","","10","T1b_serial_probe_tbd"
"community","d_1053","Qiagen QIAcube Connect 鑷姩鏍搁吀绾寲宸ヤ綔绔?","Qiagen","TCP","socket","","2","T3_network_needs_ext"
"community","d_1054","Thermo Scientific KingFisher Flex 纾佺彔鑷姩绾寲绯荤粺","Thermo Fisher","TCP","socket","","1","T3_network_needs_ext"
"community","d_1055","Anton Paar DMA 4500 M 鏁板瓧瀵嗗害璁?","Anton Paar","TCP","socket","stepw","6","T3_network_needs_ext"
"community","d_1056","Mettler Toledo DE40 鏁板瓧瀵嗗害璁?","Mettler Toledo","SERIAL","pyserial","","6","T1b_serial_probe_tbd"
"community","d_1057","TA Instruments SDT 650 鍚屾鐑垎鏋愪华","TA Instruments","VISA_SCPI","lantz/VISA",":TRAC:ACT:STAR?","10","T2_visa_needs_rs232_idn"
"community","d_1058","Netzsch STA 449 F3 Jupiter 鍚屾鐑垎鏋愪华","Netzsch","SERIAL","pyserial","","0","T1b_serial_probe_tbd"
"community","d_1059","Shimadzu GCMS-QP2020 NX 鍗曞洓鏋佹潌姘旇川鑱旂敤浠?","Shimadzu","SERIAL","pyserial","","10","T1b_serial_probe_tbd"
"community","d_106","Anton Paar MCR 302 妯″潡鍖栫揣鍑戝瀷娴佸彉浠?","Anton Paar","TCP","socket","stepw","6","T3_network_needs_ext"
"community","d_1061","Branson SFX250/SFX550 鏁板瓧瓒呭０娉㈠鐞嗗櫒","Branson","SERIAL","pyserial","","4","T1b_serial_probe_tbd"
"community","d_1062","Roche LightCycler 480 II 瀹炴椂鑽у厜瀹氶噺PCR浠?","Roche","TCP","socket","","5","T3_network_needs_ext"
"community","d_1064","Universal Robots UR 鍗忎綔鏈烘鑷?","Universal Robots","TCP","socket","","10","T3_network_needs_ext"
"community","d_1065","Hudson Robotics Sciclops 寰瓟鏉挎惉杩愭満鍣ㄤ汉","Hudson Robotics","UNKNOWN","","","10","T4_manual_review"
"community","d_1066","Shimadzu RF-5301PC 鑽у厜鍒嗗厜鍏夊害璁?","Shimadzu","SERIAL","pyserial","","10","T1b_serial_probe_tbd"
"community","d_1068","Ametek Princeton Applied Research VersaSTAT 鐢靛寲瀛﹀伐浣滅珯","Signal Recovery","UNKNOWN","","","10","T4_manual_review"
"community","d_107","Binder VDL 115 瀹夊叏鐪熺┖骞茬嚗绠?","Binder","SERIAL","pyserial","","4","T1b_serial_probe_tbd"
"community","d_1070","Kern PCB 2500 绮惧瘑澶╁钩","Kern","SERIAL","pyserial","","6","T1b_serial_probe_tbd"
"community","d_108","Parr 4848 鍙嶅簲鍣ㄦ帶鍒跺櫒","Parr Instruments","UNKNOWN","","","2","T4_manual_review"
"community","d_11","Thermo Scientific ThermoFlex 寰幆鍐锋按鏈?","Thermo Fisher","SERIAL","pyserial","","10","T1b_serial_probe_tbd"
"community","d_110","Biotage TurboVap 姘惞娴撶缉浠?","Biotage","SERIAL","pyserial","","6","T1b_serial_probe_tbd"
"community","d_12","Binder MK 53 鍔ㄦ€佹皵鍊欑","Binder","MODBUS","modbus","","8","T2m_modbus_probeable"
"community","d_13","Omega iServer DRi/DRE 缃戠粶娓╂箍搴︾洃娴嬪櫒","Omega Engineering","SERIAL","pyserial","","1","T1b_serial_probe_tbd"
"community","d_134","TA Instruments DSC 2500 绀哄樊鎵弿閲忕儹浠?","TA Instruments","UNKNOWN","","","2","T4_manual_review"
"community","d_135","Mettler Toledo DSC 3 绀哄樊鎵弿閲忕儹浠?","Mettler Toledo","UNKNOWN","","","10","T4_manual_review"
"community","d_136","Instron 5943/5944/5969 涓囪兘璇曢獙鏈?","Instron","TCP","socket","stepw","6","T3_network_needs_ext"
"community","d_137","ZwickRoell zwickiLine 涓囪兘璇曢獙鏈?","ZwickRoell","SERIAL","pyserial","","4","T1b_serial_probe_tbd"
"community","d_139","Sartorius Picus 2 鐢靛姩绉绘恫鍣?","Sartorius","TCP","socket","","0","T3_network_needs_ext"
"community","d_14","Prior Scientific ProScan III 澶氳酱鏄惧井闀滄帶鍒跺櫒","Prior Scientific","SERIAL","pyserial","","10","T1b_serial_probe_tbd"
"community","d_140","Integra VOYAGER II 鐢靛姩绉绘恫鍣?","Integra Biosciences","SERIAL","pyserial","","1","T1b_serial_probe_tbd"
"community","d_15","Prior Scientific ProScan 鏄惧井闀滄帶鍒跺櫒","Prior Scientific","SERIAL","pyserial","","10","T1b_serial_probe_tbd"
"community","d_156","A&D GX-K/GF-K 绯诲垪绮惧瘑宸ヤ笟澶╁钩","A&D","SERIAL","pyserial","","5","T1b_serial_probe_tbd"
"community","d_158","Kern PCB 绯诲垪绮惧瘑澶╁钩","Kern","SERIAL","pyserial","","6","T1b_serial_probe_tbd"
"community","d_16","ASI MS-2000 XYZ鑷姩鍖栬浇鐗╁彴","ASI","SERIAL","pyserial","","10","T1b_serial_probe_tbd"
"community","d_165","Tescan MIRA/VEGA 鎵弿鐢靛瓙鏄惧井闀?","Tescan","TCP","socket","","5","T3_network_needs_ext"
"community","d_17","LUDL MAC6000 鏄惧井闀滆嚜鍔ㄥ寲鎺у埗鍣?","LUDL","SERIAL","pyserial","","3","T1b_serial_probe_tbd"
"community","d_172","Andor Shamrock/Kymera 鍏夎氨浠?","Andor","UNKNOWN","","","10","T4_manual_review"
"community","d_173","Acton/Princeton Instruments SpectraPro 2150i 鍏夎氨浠?","Princeton Instruments","SERIAL","pyserial","?turret","10","T1_serial_probe_ready"
"community","d_174","Acton/Princeton Instruments SpectraPro 2300i 鍏夎氨浠?","Princeton Instruments","SERIAL","pyserial","?turret","10","T1_serial_probe_ready"
"community","d_176","KNAUER Smartline Pump 100 绛夊害HPLC娉?","Knauer","UNKNOWN","","V?","7","T4_manual_review"
"community","d_177","Teledyne SSI ReaXus LD Class浣庢浣撶Н鍙屾煴濉濰PLC娉?","SSI","SERIAL","pyserial","","10","T1b_serial_probe_tbd"
"community","d_178","name","SSI","UNKNOWN","","","5","T4_manual_review"
"community","d_18","Sutter Lambda 10-3 鍏夊婊ゅ厜杞帶鍒跺櫒","Sutter Instrument","SERIAL","pyserial","","10","T1b_serial_probe_tbd"
"community","d_180","Linkam T96閫氱敤绯荤粺娓╁害鎺у埗鍣?","Linkam Scientific","SERIAL","pyserial","","10","T1b_serial_probe_tbd"
"community","d_181","Linkam TMS94娓╁害鎺у埗鍣?绋嬪簭鍗囨俯浠?","Linkam Scientific","SERIAL","pyserial","S","10","T1_serial_probe_ready"
"community","d_182","Linkam T95绯荤粺娓╁害鎺у埗鍣?","Linkam Scientific","SERIAL","pyserial","","10","T1b_serial_probe_tbd"
"community","d_183","Linkam T96鐑垎鏋愭俯搴︽帶鍒跺櫒","Linkam Scientific","SERIAL","pyserial","","10","T1b_serial_probe_tbd"
"community","d_184","Linkam TMS94鐑垎鏋愭俯搴︽帶鍒跺櫒","Linkam Scientific","SERIAL","pyserial","S","10","T1_serial_probe_ready"
"community","d_185","Linkam T95鐑垎鏋愮郴缁熸俯搴︽帶鍒跺櫒","Linkam Scientific","SERIAL","pyserial","","10","T1b_serial_probe_tbd"
"community","d_186","Keithley 236绮惧瘑婧愯〃","Marconi Instruments","VISA_SCPI","lantz/VISA","*IDN?","0","T2_visa_needs_rs232_idn"
"community","d_187","Keithley 4200A-SCS鍗婂浣撳弬鏁板垎鏋愪华","Tektronix","VISA_SCPI","lantz/VISA","*IDN?","0","T2_visa_needs_rs232_idn"
"community","d_188","Agilent 4155C鍗婂浣撳弬鏁板垎鏋愪华","Agilent","UNKNOWN","","*IDN?","10","T4_manual_review"
"community","d_189","Keysight B2900绯诲垪绮惧瘑婧愯〃","Keysight","TCP","socket","*IDN?","10","T3_network_needs_ext"
"community","d_19","Zaber X-ADR130 绾挎€х數鏈烘壂鎻忔樉寰暅鍙?","Zaber","SERIAL","pyserial","","10","T1b_serial_probe_tbd"
"community","d_190","Keysight N6705A妯″潡鍖栫洿娴佺數婧愬垎鏋愪华","Keysight","TCP","socket","*IDN?","10","T3_network_needs_ext"
"community","d_193","BK Precision 178x绯诲垪鍙紪绋嬬洿娴佺數婧?","BK Precision","SERIAL","pyserial","","10","T1b_serial_probe_tbd"
"community","d_194","EA PS 2000B绯诲垪鍙紪绋嬬洿娴佸疄楠屽鐢垫簮","EA Elektro-Automatik","SERIAL","pyserial","","10","T1b_serial_probe_tbd"
"community","d_195","GW Instek GPP-4323鍥涢€氶亾鍙紪绋嬬洿娴佺數婧?","GW Instek","SERIAL","pyserial","*IDN?","10","T1_serial_probe_ready"
"community","d_196","HP 4141B鍏€氶亾鐩存祦婧?鐩戞祴鍣?","Keysight","TCP","socket","*IDN?","10","T3_network_needs_ext"
"community","d_197","HP 4142B妯″潡鍖栫洿娴佹簮/鐩戞祴鍣?","Keysight","TCP","socket","*IDN?","10","T3_network_needs_ext"
"community","d_198","HP 4145B鍗婂浣撳弬鏁板垎鏋愪华","Hewlett-Packard","TCP","socket","*IDN?","10","T3_network_needs_ext"
"community","d_199","iseg SHR楂樺帇婧愯〃","iseg Spezialelektronik","TCP","socket","*OPC?","10","T3_network_needs_ext"
"community","d_200","Keysight E3632A 鍙岄噺绋嬬洿娴佺數婧?","Keysight","SERIAL","pyserial","*IDN?","10","T1_serial_probe_ready"
"community","d_201","Keysight N6705 鐩存祦鍔熺巼鍒嗘瀽浠?","Keysight","TCP","socket","","8","T3_network_needs_ext"
"community","d_202","KORAD KD3005P 鍙紪绋嬬嚎鎬х洿娴佺數婧?","KORAD","SERIAL","pyserial","*IDN?","10","T1_serial_probe_ready"
"community","d_203","KORAD KWR100绯诲垪 鍙紪绋嬬洿娴佺數婧?","KORAD","SERIAL","pyserial","*IDN%s?","10","T1_serial_probe_ready"
"community","d_204","Manson HCS-3000 鍙紪绋嬬洿娴佺數婧?","Manson","SERIAL","pyserial","","10","T1b_serial_probe_tbd"
"community","d_205","Rohde & Schwarz HMP4000绯诲垪 澶氶€氶亾鐩存祦鐢垫簮","Rohde & Schwarz","SERIAL","pyserial","*IDN?","10","T1_serial_probe_ready"
"community","d_206","Rohde & Schwarz NGE100B绯诲垪 鐩存祦鐢垫簮","Rohde & Schwarz","UNKNOWN","","","10","T4_manual_review"
"community","d_208","TDK-Lambda Genesys绯诲垪 鍙紪绋嬬洿娴佺數婧?","TDK Lambda","SERIAL","pyserial","*IDN?","10","T1_serial_probe_ready"
"community","d_21","Wasatch Photonics WP-785X 鎷夋浖鍏夎氨浠?","Wasatch Photonics","UNKNOWN","","","10","T4_manual_review"
"community","d_210","Hameg HM8118 鍙紪绋婰CR鐢垫ˉ","Rohde & Schwarz","SERIAL","pyserial","*IDN?","10","T1_serial_probe_ready"
"community","d_211","Keithley 590 CV鍒嗘瀽浠?","Agilent","UNKNOWN","","","10","T4_manual_review"
"community","d_214","Signal Recovery 7265 鍙岀浉DSP閿佺浉鏀惧ぇ鍣?","Signal Recovery","SERIAL","pyserial","","10","T1b_serial_probe_tbd"
"community","d_215","Signal Recovery 7280 瀹藉甫DSP閿佺浉鏀惧ぇ鍣?","Signal Recovery","SERIAL","pyserial","","10","T1b_serial_probe_tbd"
"community","d_216","Agilent/Keysight 33600A绯诲垪 Trueform娉㈠舰鍙戠敓鍣?","Keysight","UNKNOWN","","*IDN?","10","T4_manual_review"
"community","d_218","HP/Keysight 8114A 楂樺姛鐜囪剦鍐插彂鐢熷櫒","Keysight","TCP","socket","*IDN?","10","T3_network_needs_ext"
"community","d_219","Keysight 81150A 鑴夊啿鍑芥暟浠绘剰鍣０鍙戠敓鍣?","Keysight","TCP","socket","*IDN?","10","T3_network_needs_ext"
"community","d_22","Wasatch Photonics WP-532X 鎷夋浖鍏夎氨浠?","Wasatch Photonics","UNKNOWN","","","10","T4_manual_review"
"community","d_220","Red Pitaya STEMlab 125-14 澶氬姛鑳芥祴閲忓钩鍙?","RedPitaya","TCP","socket","*IDN?","10","T3_network_needs_ext"
"community","d_221","Rohde & Schwarz SMB100A 寰尝淇″彿鍙戠敓鍣?","Rohde & Schwarz","TCP","socket","*IDN?","10","T3_network_needs_ext"
"community","d_222","Siglent SDG绯诲垪 鍑芥暟/浠绘剰娉㈠舰鍙戠敓鍣?","Siglent","TCP","socket","*IDN?","10","T3_network_needs_ext"
"community","d_223","Stanford Research Systems DG535 鏁板瓧寤惰繜/鑴夊啿鍙戠敓鍣?","Stanford Research Systems","UNKNOWN","","","10","T4_manual_review"
"community","d_224","Rigol DHO1000绯诲垪 楂樺垎杈ㄧ巼鏁板瓧绀烘尝鍣?","Rigol","TCP","socket","TRIG:STAT?","7","T3_network_needs_ext"
"community","d_225","R&S HMO3004 鏁板瓧绀烘尝鍣?","Rohde & Schwarz","UNKNOWN","","*IDN?","7","T4_manual_review"
"community","d_226","R&S RTx 绯诲垪绀烘尝鍣?","Rohde & Schwarz","TCP","socket","","10","T3_network_needs_ext"
"community","d_227","Keithley 194 楂橀€熺數鍘嬭〃","Tektronix","UNKNOWN","","","8","T4_manual_review"
"community","d_228","Keysight 34401A 6.5浣嶆暟瀛椾竾鐢ㄨ〃","Keysight","SERIAL","pyserial","READ?","0","T1_serial_probe_ready"
"community","d_229","Keysight 34411A 6.5浣嶉珮鎬ц兘鏁板瓧涓囩敤琛?","Keysight","TCP","socket","*IDN?","10","T3_network_needs_ext"
"community","d_23","Ocean Optics QE Pro 楂樼伒鏁忓害鍏夎氨浠?","Ocean Optics","UNKNOWN","","","3","T4_manual_review"
"community","d_230","Keysight 3458A 8.5浣嶆暟瀛椾竾鐢ㄨ〃","Keysight","UNKNOWN","","","7","T4_manual_review"
"community","d_231","Keysight 53200A绯诲垪 閫氱敤棰戠巼璁℃暟鍣?瀹氭椂鍣?","Keysight","TCP","socket","*IDN?","10","T3_network_needs_ext"
"community","d_232","Keysight B2981A 椋炲畨/鐨畨璁?","Keysight","SERIAL","pyserial","*IDN?","0","T1_serial_probe_ready"
"community","d_233","Keithley 2000 6.5浣嶆暟瀛椾竾鐢ㄨ〃","Tektronix","SERIAL","pyserial","*IDN?","8","T1_serial_probe_ready"
"community","d_234","Keithley 2700 涓囩敤琛?鏁版嵁閲囬泦/寮€鍏崇郴缁?","Tektronix","VISA_SCPI","lantz/VISA","*IDN?","0","T2_visa_needs_rs232_idn"
"community","d_235","Keithley 3706A 绯荤粺寮€鍏?涓囩敤琛?","Tektronix","TCP","socket","","9","T3_network_needs_ext"
"community","d_236","Keithley 617 鍙紪绋嬮潤鐢佃","Tektronix","UNKNOWN","","","9","T4_manual_review"
"community","d_237","Keithley 6485 鐨畨璁?","Tektronix","SERIAL","pyserial","*IDN?","7","T1_serial_probe_ready"
"community","d_238","Keithley 6487 鐨畨璁?鐢靛帇婧?","Tektronix","SERIAL","pyserial","*IDN?","10","T1_serial_probe_ready"
"community","d_239","Keithley 740 绯荤粺鎵弿娓╁害璁?","Tektronix","UNKNOWN","","","5","T4_manual_review"
"community","d_24","Ocean Optics USB2000+ 寰瀷鍏夌氦鍏夎氨浠?","Ocean Optics","UNKNOWN","","","8","T4_manual_review"
"community","d_240","Keithley 199 绯荤粺鏁板瓧涓囩敤琛?鎵弿鍣?","Racal-Dana","UNKNOWN","","","7","T4_manual_review"
"community","d_241","Advantest R6552 鏁板瓧涓囩敤琛?","Advantest","UNKNOWN","","MD?","7","T4_manual_review"
"community","d_242","Fluke 8842A 5.5浣嶆暟瀛椾竾鐢ㄨ〃","Fluke","UNKNOWN","","","8","T4_manual_review"
"community","d_243","HP 3457A 鏁板瓧涓囩敤琛?","Keysight","UNKNOWN","","ID?","7","T4_manual_review"
"community","d_244","Rigol DM3000绯诲垪 鏁板瓧涓囩敤琛?","Rigol","TCP","socket","TRIG:STAT?","7","T3_network_needs_ext"
"community","d_245","Solartron 7001 鏁板瓧涓囩敤琛?","Solartron","UNKNOWN","","","7","T4_manual_review"
"community","d_246","Racal-Dana 9015A 寰尝棰戠巼璁?","Racal-Dana","UNKNOWN","","","7","T4_manual_review"
"community","d_247","Datron 1061 鑷姩鏍″噯鏁板瓧涓囩敤琛?","Datron","UNKNOWN","","","7","T4_manual_review"
"community","d_248","R&S NRT 鍔熺巼鍙嶅皠璁?","Rohde & Schwarz","SERIAL","pyserial","*IDN?","10","T1_serial_probe_ready"
"community","d_249","UNI-T UT61E 鏁板瓧涓囩敤琛?","UNI-T","UNKNOWN","","","3","T4_manual_review"
"community","d_25","Ocean Optics HR4000 楂樺垎杈ㄧ巼鍏夎氨浠?","Ocean Optics","UNKNOWN","","","3","T4_manual_review"
"community","d_252","R&S ZNL 鐭㈤噺缃戠粶鍒嗘瀽浠?","Rohde & Schwarz","TCP","socket","*IDN?","10","T3_network_needs_ext"
"community","d_253","HP 8593E 渚挎惡寮忛璋卞垎鏋愪华","Keysight","TCP","socket","*IDN?","10","T3_network_needs_ext"
"community","d_254","R&S FPC 棰戣氨鍒嗘瀽浠?","Rohde & Schwarz","VISA_SCPI","lantz/VISA","*IDN?","10","T2_visa_needs_rs232_idn"
"community","d_255","Eurotherm 2200 娓╁害鎺у埗鍣?缂栫▼鍣?","Eurotherm","SERIAL","pyserial","","0","T1b_serial_probe_tbd"
"community","d_256","Eurotherm 2400 娓╁害鎺у埗鍣?缂栫▼鍣?","Eurotherm","SERIAL","pyserial","","0","T1b_serial_probe_tbd"
"community","d_257","Eurotherm 3200 娓╁害/杩囩▼鎺у埗鍣?","Eurotherm","SERIAL","pyserial","","0","T1b_serial_probe_tbd"
"community","d_258","Scientific Instruments Model 9700 浣庢俯娓╁害鎺у埗鍣?","Scientific Instruments","SERIAL","pyserial","*IDN?","10","T1_serial_probe_ready"
"community","d_259","Lauda Ecoline RE300 浣庢俯鎭掓俯寰幆妲?","Lauda","SERIAL","pyserial","","5","T1b_serial_probe_tbd"
"community","d_26","Ocean Optics Maya2000 Pro 楂樼伒鏁忓害鍏夎氨浠?","Ocean Optics (Ocean Insight)","UNKNOWN","","","3","T4_manual_review"
"community","d_260","BelektroniG BTC-LAB 鍙板紡娓╁害鎺у埗鍣?","BelektroniG","SERIAL","pyserial","","10","T1b_serial_probe_tbd"
"community","d_261","CreaPhys RCU001 钂稿彂閫熺巼鎺у埗鍗曞厓","MBRAUN","SERIAL","pyserial","","10","T1b_serial_probe_tbd"
"community","d_262","Accretech UF200/UF300 鏅跺渾鎺㈤拡鍙?","Accretech","VISA_SCPI","lantz/VISA","B","10","T2_visa_needs_rs232_idn"
"community","d_263","FormFactor Velox 鎺㈤拡鍙版帶鍒惰蒋浠?","FormFactor","UNKNOWN","","","10","T4_manual_review"
"community","d_265","Newport Oriel Cornerstone 260 鍗曡壊浠?","Newport","SERIAL","pyserial","","10","T1b_serial_probe_tbd"
"community","d_27","Ocean Optics Flame-S 寰瀷鍏夎氨浠?","Ocean Optics (Ocean Insight)","UNKNOWN","","","3","T4_manual_review"
"community","d_270","Newport 1835-C 楂樻€ц兘鍏夊姛鐜囪","Newport","SERIAL","pyserial","*IDN?","3","T1_serial_probe_ready"
"community","d_271","Keysight 8163A 鍏夋尝涓囩敤琛ㄧ郴缁?","Keysight","TCP","socket","*IDN?","10","T3_network_needs_ext"
"community","d_272","Keysight N7744A 鍏夊绔彛鍔熺巼璁?","Keysight","TCP","socket","*IDN?","10","T3_network_needs_ext"
"community","d_273","Keysight N7778C 鍙皟璋愭縺鍏夋簮","Keysight","TCP","socket","*IDN?","10","T3_network_needs_ext"
"community","d_274","Keysight N7770绯诲垪 鍙皟璋愭縺鍏夋簮","Keysight","TCP","socket","*IDN?","10","T3_network_needs_ext"
"community","d_275","Keysight 81550A 鍗曟ā鍙彉鍏夎“鍑忓櫒妯″潡","Keysight","TCP","socket","*IDN?","10","T3_network_needs_ext"
"community","d_276","Keysight 81600B 鍙皟璋愭縺鍏夋簮妯″潡","Keysight","TCP","socket","*IDN?","10","T3_network_needs_ext"
"community","d_277","Keysight 81900A 鍏夊紑鍏虫ā鍧?","Keysight","TCP","socket","*IDN?","10","T3_network_needs_ext"
"community","d_278","Artifex Engineering OPM150 鍏夊姛鐜囪","Artifex Engineering","SERIAL","pyserial","","10","T1b_serial_probe_tbd"
"community","d_279","Artifex Engineering TZA500 璺ㄩ樆鏀惧ぇ鍣?","Artifex Engineering","SERIAL","pyserial","","10","T1b_serial_probe_tbd"
"community","d_28","Ocean HDX 楂樻竻鍏夎氨浠?","Ocean Optics","UNKNOWN","","","3","T4_manual_review"
"community","d_280","Photo Research PR-655 SpectraScan 鍏夎氨杈愬皠璁?","Photo Research","SERIAL","pyserial","","10","T1b_serial_probe_tbd"
"community","d_281","Konica Minolta CS-100A 浜害鑹插害璁?","Konica Minolta","SERIAL","pyserial","","8","T1b_serial_probe_tbd"
"community","d_286","Inficon SQM-160 钖勮啘娌夌Н鐩戞帶浠?","Inficon","VISA_SCPI","lantz/VISA","","7","T2_visa_needs_rs232_idn"
"community","d_288","Inficon XTM/2 钖勮啘娌夌Н鐩戞帶浠?","Inficon","VISA_SCPI","lantz/VISA","","6","T2_visa_needs_rs232_idn"
"community","d_289","Sycon STM-100 钖勮啘鍘氬害/閫熺巼鐩戞帶浠?","Inficon","SERIAL","pyserial","","10","T1b_serial_probe_tbd"
"community","d_29","Ocean Optics NIRQuest 杩戠孩澶栧厜璋变华","Ocean Optics","UNKNOWN","","","3","T4_manual_review"
"community","d_290","JEVATEC JEVAmet VCU 閫氱敤鐪熺┖鎺у埗鍣?","JEVATEC","SERIAL","pyserial","","10","T1b_serial_probe_tbd"
"community","d_291","PREVAC TM1x 钖勮啘鍘氬害鐩戞帶浠?","PREVAC","UNKNOWN","","","10","T4_manual_review"
"community","d_292","PREVAC TMC13 钖勮啘鍘氬害鐩戞帶鎺у埗鍣?","PREVAC","UNKNOWN","","","10","T4_manual_review"
"community","d_293","Leybold Combivac CM31 鐪熺┖璁℃帶鍒跺櫒","Leybold","SERIAL","pyserial","","1","T1b_serial_probe_tbd"
"community","d_294","Rotrics DexArm 澶氬姛鑳芥闈㈡満姊拌噦","Rotrics","SERIAL","pyserial","","10","T1b_serial_probe_tbd"
"community","d_295","Kern 572 绮惧瘑澶╁钩","Kern","SERIAL","pyserial","","10","T1b_serial_probe_tbd"
"community","d_296","Kern 573 绮惧瘑澶╁钩","Kern","SERIAL","pyserial","","10","T1b_serial_probe_tbd"
"community","d_299","OWIS PS 10-32 鍗曡酱浣嶇疆鎺у埗鍗曞厓","OWIS","SERIAL","pyserial","?CNT1","10","T1_serial_probe_ready"
"community","d_30","Ocean Optics STS 寰瀷鍏夎氨浠?","Ocean Optics","UNKNOWN","","","3","T4_manual_review"
"community","d_300","Nanotec SMCI 姝ヨ繘鐢垫満鎺у埗鍣?","Nanotec","SERIAL","pyserial","","10","T1b_serial_probe_tbd"
"community","d_302","MBRAUN SCU101 鎵嬪绠辩郴缁熸帶鍒跺櫒","MBRAUN","SERIAL","pyserial","","10","T1b_serial_probe_tbd"
"community","d_305","Keithley 707A 鍗婂浣撳紑鍏崇煩闃典富鏈?","Tektronix","UNKNOWN","","","10","T4_manual_review"
"community","d_306","Keithley 707B 鍗婂浣撳紑鍏崇煩闃典富鏈?","Tektronix","TCP","socket","*IDN?","10","T3_network_needs_ext"
"community","d_307","Keysight 34980A 澶氬姛鑳藉紑鍏?娴嬮噺鍗曞厓","Keysight","TCP","socket","","9","T3_network_needs_ext"
"community","d_308","Keysight B2200A 椋炲畨绾т綆婕忕數寮€鍏充富鏈?","Keysight","UNKNOWN","","*IDN?","10","T4_manual_review"
"community","d_309","Keysight E5250A 浣庢紡鐢靛紑鍏充富鏈?","Keysight","UNKNOWN","","*IDN?","9","T4_manual_review"
"community","d_31","Ocean Optics HR2000+ 楂樺垎杈ㄧ巼鍏夎氨浠?","Ocean Optics","UNKNOWN","","","8","T4_manual_review"
"community","d_310","NF CA5351 鍙紪绋嬬數娴佹斁澶у櫒","NF Corporation","TCP","socket","*OPC?","6","T3_network_needs_ext"
"community","d_311","Rohde & Schwarz NGP800 鐩存祦鐢垫簮","Rohde & Schwarz","UNKNOWN","","","10","T4_manual_review"
"community","d_312","OmniCure S2000 UV鐐瑰浐鍖栫郴缁?","PCO","SERIAL","pyserial","","10","T1b_serial_probe_tbd"
"community","d_313","GQ GMC-300E Plus 鐩栭潻璁℃暟鍣ㄨ緪灏勭洃娴嬩华","GQ Electronics","SERIAL","pyserial","","2","T1b_serial_probe_tbd"
"community","d_315","Acton FA-448 鐢靛姩婊ゅ厜鐗囪疆","Princeton Instruments","UNKNOWN","","?Filter","10","T4_manual_review"
"community","d_317","Bentham 610 鎭掓祦绋冲畾鐏數婧?","Bentham","UNKNOWN","","*IDN?","10","T4_manual_review"
"community","d_318","DPS 3005 鍙紪绋嬮檷鍘嬬洿娴佺數婧愭ā鍧?","RD/Ruideng","SERIAL","pyserial","*IDN?","10","T1_serial_probe_ready"
"community","d_319","Lambda ZUP 鍙紪绋嬬洿娴佺數婧?","TDK-Lambda","SERIAL","pyserial","*IDN?","10","T1_serial_probe_ready"
"community","d_320","Pico Technology TC-08 鐑數鍋舵俯搴﹁褰曚华","Pico Technology","TCP","socket","","10","T3_network_needs_ext"
"community","d_321","Optris CT 绯诲垪绾㈠娴嬫俯浠?","Optris","SERIAL","pyserial","","10","T1b_serial_probe_tbd"
"community","d_322","Voltcraft K204 鍥涢€氶亾鐑數鍋舵俯搴﹁褰曚华","Voltcraft","SERIAL","pyserial","","4","T1b_serial_probe_tbd"
"community","d_323","PyroScience FireSting-O2 鍏夌氦婧舵哀浠?","PyroScience","SERIAL","pyserial","","10","T1b_serial_probe_tbd"
"community","d_324","Opsens Solutions CoreSens 鍏夌氦浼犳劅鍣ㄤ俊鍙疯皟鐞嗗櫒","Opsens Solutions","UNKNOWN","","*IDN?","10","T4_manual_review"
"community","d_326","Keithley 2100 6.5浣峌SB鏁板瓧涓囩敤琛?","Tektronix","VISA_SCPI","lantz/VISA","*IDN?","10","T2_visa_needs_rs232_idn"
"community","d_327","Keithley 2110 5.5浣嶅弻鏄剧ず鏁板瓧涓囩敤琛?","Tektronix","VISA_SCPI","lantz/VISA","*IDN?","5","T2_visa_needs_rs232_idn"
"community","d_328","Keithley 2701 浠ュお缃戜竾鐢ㄨ〃/鏁版嵁閲囬泦绯荤粺","Tektronix","VISA_SCPI","lantz/VISA","*IDN?","4","T2_visa_needs_rs232_idn"
"community","d_329","Keithley 2750 涓囩敤琛?寮€鍏崇郴缁?","Tektronix","VISA_SCPI","lantz/VISA","*IDN?","4","T2_visa_needs_rs232_idn"
"community","d_330","Andor Shamrock 500i 鎴愬儚鍏夎氨浠?","Andor","UNKNOWN","","","10","T4_manual_review"
"community","d_332","Amplitude Satsuma 宸ヤ笟椋炵婵€鍏夊櫒","Amplitude Systems","SERIAL","pyserial","","9","T1b_serial_probe_tbd"
"community","d_333","ASI Cheetah3 娣峰悎鍍忕礌鎺㈡祴鍣?","Amsterdam Scientific Instruments","UNKNOWN","","","0","T4_manual_review"
"community","d_341","Teledyne LeCroy WaveRunner 9104 鏁板瓧绀烘尝鍣?","Teledyne LeCroy","VISA_SCPI","lantz/VISA","","10","T2_visa_needs_rs232_idn"
"community","d_343","Newport ESP100 閫氱敤杩愬姩鎺у埗鍣?椹卞姩鍣?","Newport","VISA_SCPI","lantz/VISA","","9","T2_visa_needs_rs232_idn"
"community","d_346","Newport SMC100 鍗曡酱杩愬姩鎺у埗鍣?","Newport","VISA_SCPI","lantz/VISA","","9","T2_visa_needs_rs232_idn"
"community","d_348","Physik Instrumente E-816 鍘嬬數鎺у埗鍣ㄨ绠楁満鎺ュ彛瀛愭ā鍧?","Physik Instrumente","SERIAL","pyserial","","0","T1b_serial_probe_tbd"
"community","d_349","Physik Instrumente C-863 Mercury DC鐢垫満浼烘湇鎺у埗鍣?","Physik Instrumente","SERIAL","pyserial","","0","T1b_serial_probe_tbd"
"community","d_35","JEOL JSM-7800F 鑲栫壒鍩哄満鍙戝皠鎵弿鐢靛瓙鏄惧井闀?","JEOL","UNKNOWN","","","10","T4_manual_review"
"community","d_350","C-663 Mercury Step姝ヨ繘鐢垫満鎺у埗鍣?","Physik Instrumente","SERIAL","pyserial","","0","T1b_serial_probe_tbd"
"community","d_351","E-545 PInano鍘嬬數鎺у埗鍣?","Physik Instrumente","SERIAL","pyserial","","0","T1b_serial_probe_tbd"
"community","d_352","C-862 Mercury鐩存祦鐢垫満鎺у埗鍣?","Physik Instrumente","SERIAL","pyserial","","0","T1b_serial_probe_tbd"
"community","d_354","BIO2.100鍙岃酱瓒呬綆杞粨绾崇背瀹氫綅骞冲彴","PiezoConcept","SERIAL","pyserial","","9","T1b_serial_probe_tbd"
"community","d_355","DSP7265鍙岀浉DSP閿佺浉鏀惧ぇ鍣?","Signal Recovery","SERIAL","pyserial","","10","T1b_serial_probe_tbd"
"community","d_361","MFF101鐢靛姩婊ゅ厜鐗囩炕杞灦","Thorlabs","UNKNOWN","","","10","T4_manual_review"
"community","d_363","BBD201鍗曢€氶亾鍙板紡涓夌浉鏃犲埛鐩存祦浼烘湇鎺у埗鍣?","Thorlabs","UNKNOWN","","","10","T4_manual_review"
"community","d_365","TDC001 T-Cube鐩存祦浼烘湇鐢垫満鎺у埗鍣?","Thorlabs","UNKNOWN","","","10","T4_manual_review"
"community","d_366","KDC101 K-Cube鐩存祦浼烘湇鐢垫満鎺у埗鍣?","Thorlabs","UNKNOWN","","","10","T4_manual_review"
"community","d_367","Thorlabs KPA101 K-Cube浣嶇疆瀵瑰噯鎺у埗鍣?","Thorlabs","UNKNOWN","","","10","T4_manual_review"
"community","d_369","Thorlabs CCS100 绱у噾鍨婥CD鍏夎氨浠?","Thorlabs","UNKNOWN","","","10","T4_manual_review"
"community","d_370","Thorlabs CCS175 绱у噾鍨婥CD鍏夎氨浠?","Thorlabs","UNKNOWN","","","10","T4_manual_review"
"community","d_371","Thorlabs CCS200 绱у噾鍨婥CD鍏夎氨浠?","Thorlabs","UNKNOWN","","","10","T4_manual_review"
"community","d_372","Thorlabs DCC3240M 楂樼伒鏁忓害USB 3.0 CMOS鐩告満","Thorlabs","UNKNOWN","","","10","T4_manual_review"
"community","d_373","Uniblitz VLM1 鐢电鍏夊蹇棬","Uniblitz","SERIAL","pyserial","","9","T1b_serial_probe_tbd"
"community","d_374","Zaber T-NA 寰瀷鐢靛姩绾挎€ц嚧鍔ㄥ櫒","Zaber","SERIAL","pyserial","","4","T1b_serial_probe_tbd"
"community","d_377","Alcatel ACM 1000 鐪熺┖璁℃帶鍒跺櫒","Alcatel","SERIAL","pyserial","BAU","10","T1_serial_probe_ready"
"community","d_38","Bruker D8 Advance X灏勭嚎琛嶅皠浠?","Bruker","SERIAL","pyserial","","10","T1b_serial_probe_tbd"
"community","d_383","QSI 600绯诲垪绉戝绾CD鐩告満","QSI","UNKNOWN","","","10","T4_manual_review"
"community","d_386","Attocube ANC150鍘嬬數姝ヨ繘杩愬姩鎺у埗鍣?","Attocube","SERIAL","pyserial","","10","T1b_serial_probe_tbd"
"community","d_39","BMG LABTECH CLARIOstar Plus 澶氬姛鑳介叾鏍囦华","BMG LABTECH","SERIAL","pyserial","","1","T1b_serial_probe_tbd"
"community","d_395","igus dryve D1鐢垫満鎺у埗绯荤粺","Igus","MODBUS","modbus","","10","T2m_modbus_probeable"
"community","d_397","Newport ESP300閫氱敤杩愬姩鎺у埗鍣?椹卞姩鍣?","Newport","SERIAL","pyserial","","10","T1b_serial_probe_tbd"
"community","d_402","Alicat MC绯诲垪璐ㄩ噺娴侀噺鎺у埗鍣?","Alicat Scientific","UNKNOWN","","","6","T4_manual_review"
"community","d_403","Comet cito Plus 1310 灏勯鍙戠敓鍣?","Comet","SERIAL","pyserial","","7","T1b_serial_probe_tbd"
"community","d_404","Dressler Cesar 1312 灏勯绛夌瀛愬彂鐢熷櫒","Advanced Energy","SERIAL","pyserial","","6","T1b_serial_probe_tbd"
"community","d_405","Gentec-EO BLU 鏃犵嚎婵€鍏夊姛鐜囪","Gentec","UNKNOWN","","*GAN","8","T4_manual_review"
"community","d_406","HCP TC038 娓╁害鎺у埗鍣?","HCP","MODBUS","modbus","","5","T2m_modbus_probeable"
"community","d_407","HCP TC038D 娓╁害鎺у埗鍣?","HCP","MODBUS","modbus","","5","T2m_modbus_probeable"
"community","d_408","Holzworth HS9000绯诲垪澶氶€氶亾灏勯鍚堟垚鍣?","Holzworth","TCP","socket","*IDN?","6","T3_network_needs_ext"
"community","d_409","HP E3631A 80W涓夎矾杈撳嚭鐩存祦鐢垫簮","Keysight","SERIAL","pyserial","*IDN?","10","T1_serial_probe_ready"
"community","d_410","Keithley 2182A 鍙岄€氶亾绾充紡琛?","Tektronix","UNKNOWN","","","3","T4_manual_review"
"community","d_411","Lake Shore 475 DSP楂樻柉璁?","Lake Shore","UNKNOWN","","RDGFIELD?","6","T4_manual_review"
"community","d_412","MingHe MHS-5200A 鍙岄€氶亾DDS淇″彿鍙戠敓鍣?","MingHe","UNKNOWN","","","5","T4_manual_review"
"community","d_414","Newport ESP-301 涓夎酱闆嗘垚杩愬姩鎺у埗鍣?椹卞姩鍣?","Newport","UNKNOWN","","TB?","6","T4_manual_review"
"community","d_415","Ondax SureLock LM绯诲垪娉㈤暱绋冲畾婵€鍏夋ā鍧?","Coherent","UNKNOWN","","rstli?","7","T4_manual_review"
"community","d_416","Pfeiffer TPG 361 鍗曢€氶亾鐪熺┖瑙勬帶鍒跺櫒","Pfeiffer Vacuum","UNKNOWN","","","0","T4_manual_review"
"community","d_417","Pfeiffer TPG 362 鍙岄€氶亾鐪熺┖瑙勬帶鍒跺櫒","Pfeiffer Vacuum","UNKNOWN","","","0","T4_manual_review"
"community","d_418","Phase Matrix QuickSyn FSW-0020 棰戠巼鍚堟垚鍣?","Phase Matrix","UNKNOWN","","04.","6","T4_manual_review"
"community","d_419","Picowatt AVS-47B 浜ゆ祦鐢甸樆妗?","Picowatt","UNKNOWN","","RES?","1","T4_manual_review"
"community","d_42","Admiral Instruments Squidstat Plus/Prime 鐢靛寲瀛﹀伐浣滅珯","Admiral Instruments","SERIAL","pyserial","","3","T1b_serial_probe_tbd"
"community","d_420","Sunpower CryoTel GT 鏂壒鏋椾綆娓╁埗鍐锋満","Sunpower","SERIAL","pyserial","SET TBAND","6","T1_serial_probe_ready"
"community","d_421","Tektronix AWG2000绯诲垪浠绘剰娉㈠舰鍙戠敓鍣?","Tektronix","TCP","socket","DAT:STOP?","7","T3_network_needs_ext"
"community","d_422","Tektronix TDS5XX绯诲垪鏁板瓧绀烘尝鍣?","Tektronix","TCP","socket","DAT:STOP?","7","T3_network_needs_ext"
"community","d_425","Delta Elektronika PSC-ETH 浠ュお缃戦€氫俊妯″潡","Delta Elektronika","TCP","socket","*IDN?","8","T3_network_needs_ext"
"community","d_426","Glassman FR绯诲垪楂樺帇鐩存祦鐢垫簮","Glassman","UNKNOWN","","V","7","T4_manual_review"
"community","d_430","Dwyer 16C绯诲垪1/16 DIN娓╁害鎺у埗鍣?","Dwyer","SERIAL","pyserial","","1","T1b_serial_probe_tbd"
"community","d_431","Ekspla NT340绯诲垪楂樿兘閲忓璋冭皭绾崇婵€鍏夊櫒","Ekspla","SERIAL","pyserial","W0/?","3","T1_serial_probe_ready"
"community","d_432","Horiba MicroHR鐭劍璺濇垚鍍忓厜璋变华","Horiba","UNKNOWN","","","4","T4_manual_review"
"community","d_441","Omega D8200 USB鏁版嵁閲囬泦鎺ュ彛妯″潡","Omega Engineering","SERIAL","pyserial","","1","T1b_serial_probe_tbd"
"community","d_442","Omega Platinum绯诲垪PID娓╁害/杩囩▼鎺у埗鍣?","Omega Engineering","SERIAL","pyserial","","1","T1b_serial_probe_tbd"
"community","d_445","Seek Thermal Compact鏅鸿兘鎵嬫満鐑儚浠?","Seek Thermal","UNKNOWN","","","2","T4_manual_review"
"community","d_446","Spectra-Physics Millennia eV杩炵画娉PSS缁胯壊婵€鍏夊櫒","Spectra-Physics","SERIAL","pyserial","?IDN\r","3","T1_serial_probe_ready"
"community","d_447","Thorlabs BSC201鍗曢€氶亾鍙板紡姝ヨ繘鐢垫満鎺у埗鍣?","Thorlabs","SERIAL","pyserial","","4","T1b_serial_probe_tbd"
"community","d_448","Thorlabs BSC203涓夐€氶亾鍙板紡姝ヨ繘鐢垫満鎺у埗鍣?","Thorlabs","SERIAL","pyserial","","4","T1b_serial_probe_tbd"
"community","d_45","Mettler Toledo AG204 鍒嗘瀽澶╁钩","Mettler Toledo","SERIAL","pyserial","","4","T1b_serial_probe_tbd"
"community","d_452","Thorlabs MPC320鐢靛姩鍏夌氦鍋忔尟鎺у埗鍣?","Thorlabs","SERIAL","pyserial","","4","T1b_serial_probe_tbd"
"community","d_454","Thorlabs PAX1000绯诲垪楂樺姩鎬佽寖鍥村亸鎸垎鏋愪华","Thorlabs","SERIAL","pyserial","","4","T1b_serial_probe_tbd"
"community","d_456","VICI Valco涓や綅澶氶€氶榾","VICI Valco","SERIAL","pyserial","","2","T1b_serial_probe_tbd"
"community","d_457","Zaber Binary鍗忚鐢垫満鎺у埗鍣?","Zaber","SERIAL","pyserial","","4","T1b_serial_probe_tbd"
"community","d_458","eDAQ IsoPod闅旂寮忎紶鎰熷櫒鏁版嵁璁板綍浠?","eDAQ","SERIAL","pyserial","","4","T1b_serial_probe_tbd"
"community","d_46","Ohaus Explorer EX225D/AD 鍗婂井閲忓ぉ骞?","Ohaus","SERIAL","pyserial","","5","T1b_serial_probe_tbd"
"community","d_47","Ohaus Defender 5000 (D52) 宸ヤ笟鍙扮Г","Ohaus","SERIAL","pyserial","","8","T1b_serial_probe_tbd"
"community","d_475","AMI Model 430 瓒呭纾侀搧鐢垫簮绋嬫帶鍣?","American Magnetics","TCP","socket","PSwitch?","10","T3_network_needs_ext"
"community","d_481","Model 4G 鍙屾瀬鎬ц秴瀵肩閾佺數婧?","Cryomagnetics","UNKNOWN","","UNITS?","3","T4_manual_review"
"community","d_482","TM620 浣庢俯娓╁害鐩戞祴浠?","Cryomagnetics","UNKNOWN","","MEAS? A","1","T4_manual_review"
"community","d_484","83650A 鍚堟垚鎵淇″彿鍙戠敓鍣?","Keysight","UNKNOWN","","","3","T4_manual_review"
"community","d_485","8753D RF鐭㈤噺缃戠粶鍒嗘瀽浠?","Keysight","UNKNOWN","","OPC?;PRES","5","T4_manual_review"
"community","d_49","Harvard Apparatus PHD 2000 娉ㄥ皠娉?","Harvard Apparatus","SERIAL","pyserial","","9","T1b_serial_probe_tbd"
"community","d_492","DMM6500 6.5浣嶈Е鎽稿睆鏁板瓧涓囩敤琛?","Tektronix","UNKNOWN","","","0","T4_manual_review"
"community","d_493","DMM7510 7.5浣嶅浘褰㈤噰鏍蜂竾鐢ㄨ〃","Tektronix","UNKNOWN","","","0","T4_manual_review"
"community","d_519","Keysight N5222B PNA寰尝鐭㈤噺缃戠粶鍒嗘瀽浠?","Keysight","TCP","socket","*IDN?","10","T3_network_needs_ext"
"community","d_520","Keysight N5230C PNA-L寰尝缃戠粶鍒嗘瀽浠?","Keysight","TCP","socket","*IDN?","10","T3_network_needs_ext"
"community","d_521","Keysight N5232B PNA-L寰尝鐭㈤噺缃戠粶鍒嗘瀽浠?","Keysight","TCP","socket","*IDN?","10","T3_network_needs_ext"
"community","d_522","Keysight N5245A PNA-X寰尝鐭㈤噺缃戠粶鍒嗘瀽浠?","Keysight","TCP","socket","*IDN?","10","T3_network_needs_ext"
"community","d_523","Keysight N6705B妯″潡鍖栫洿娴佺數婧愬垎鏋愪华","Keysight","TCP","socket","*IDN?","10","T3_network_needs_ext"
"community","d_531","Quantum Design DynaCool 鐗╂€ф祴閲忕郴缁?","Quantum Design","VISA_SCPI","lantz/VISA","*IDN?","6","T2_visa_needs_rs232_idn"
"community","d_532","Rigol DG1062Z 鍑芥暟/浠绘剰娉㈠舰鍙戠敓鍣?","Rigol","UNKNOWN","","","2","T4_manual_review"
"community","d_533","Rigol DG4000绯诲垪 鍑芥暟/浠绘剰娉㈠舰鍙戠敓鍣?","Rigol","UNKNOWN","","","2","T4_manual_review"
"community","d_537","Rigol DS1074Z 鏁板瓧绀烘尝鍣?","Rigol","UNKNOWN","","","2","T4_manual_review"
"community","d_54","Inficon IC/5 钖勮啘娌夌Н鎺у埗鍣?","Inficon","VISA_SCPI","lantz/VISA","","6","T2_visa_needs_rs232_idn"
"community","d_56","Inficon SQM-160/SQC-310 钖勮啘鐩戞帶浠?鎺у埗鍣?","Inficon","VISA_SCPI","lantz/VISA","","7","T2_visa_needs_rs232_idn"
"community","d_566","Ametek 7270 DSP閿佺浉鏀惧ぇ鍣?","Signal Recovery","UNKNOWN","","","3","T4_manual_review"
"community","d_568","Copper Mountain S5048 鐭㈤噺缃戠粶鍒嗘瀽浠?","Copper Mountain","UNKNOWN","","*OPC?;SYST:PRES","5","T4_manual_review"
"community","d_569","Cryogenic SMS120C 瓒呭纾侀搧鐢垫簮","Cryogenic","VISA_SCPI","lantz/VISA","GET VL","2","T2_visa_needs_rs232_idn"
"community","d_570","Cryomagnetics LM-500 娑叉€佷綆娓╂恫浣嶈","Cryomagnetics","UNKNOWN","","MEAS? 1","3","T4_manual_review"
"community","d_571","Cryomagnetics Model 4G 瓒呭纾侀搧鐢垫簮","Cryomagnetics","UNKNOWN","","UNITS?","3","T4_manual_review"
"community","d_573","Gentec Maestro 婵€鍏夊姛鐜囪兘閲忚","Gentec","UNKNOWN","","*VER","3","T4_manual_review"
"community","d_574","Holzworth HS9000 澶氶€氶亾灏勯鍚堟垚鍣?","Holzworth","TCP","socket","*IDN?","6","T3_network_needs_ext"
"community","d_575","Holzworth HS9008B 澶氶€氶亾鐩镐綅鐩稿共灏勯鍚堟垚鍣?","Holzworth","VISA_SCPI","lantz/VISA",":{}:FREQ?","9","T2_visa_needs_rs232_idn"
"community","d_577","HP 8594E 渚挎惡寮忛璋卞垎鏋愪华","Keysight","UNKNOWN","","ID?","3","T4_manual_review"
"community","d_58","Huber CC-505 鍐风儹寰幆鍣?","Huber","SERIAL","pyserial","","7","T1b_serial_probe_tbd"
"community","d_586","Lighthouse Photonics Sprout-G 杩炵画娉PSS缁垮厜婵€鍏夊櫒","Lighthouse Photonics","UNKNOWN","","","4","T4_manual_review"
"community","d_59","Julabo HL-4 HighTech鍙紪绋嬪姞鐑惊鐜櫒","Julabo","SERIAL","pyserial","version","10","T1_serial_probe_ready"
"community","d_591","Oxford Instruments ILM200 鏅鸿兘浣庢俯娑蹭綅璁?","Oxford Instruments","VISA_SCPI","lantz/VISA","*IDN?","8","T2_visa_needs_rs232_idn"
"community","d_593","Oxford Instruments Kelvinox IGH 绋€閲婂埗鍐锋満鏅鸿兘姘斾綋澶勭悊绯荤粺","Oxford Instruments","VISA_SCPI","lantz/VISA","*IDN?","9","T2_visa_needs_rs232_idn"
"community","d_594","Oxford Instruments Proteox 鏃犳恫姘︾█閲婂埗鍐锋満","Oxford Instruments","TCP","socket","get_MAG_VEC","10","T3_network_needs_ext"
"community","d_595","PeakTech 15xx绯诲垪绾挎€хǔ鍘嬬洿娴佺數婧?","PeakTech","VISA_SCPI","lantz/VISA","*IDN?","4","T2_visa_needs_rs232_idn"
"community","d_596","Rigol DP932 涓夎矾杈撳嚭鍙紪绋嬬洿娴佺數婧?","Rigol","UNKNOWN","","","9","T4_manual_review"
"community","d_597","Rigol DSG3136B 灏勯淇″彿鍙戠敓鍣?","Rigol","UNKNOWN","","*IDN?","3","T4_manual_review"
"community","d_598","Rohde & Schwarz FSV3013 淇″彿涓庨璋卞垎鏋愪华","Rohde & Schwarz","UNKNOWN","",":FETCH:POW:ACP?","4","T4_manual_review"
"community","d_605","Rohde & Schwarz SMR40 寰尝淇″彿鍙戠敓鍣?","Rohde & Schwarz","UNKNOWN","","SOUR:FREQ?","10","T4_manual_review"
"community","d_606","Rohde & Schwarz SMW200A 鐭㈤噺淇″彿鍙戠敓鍣?","Rohde & Schwarz","UNKNOWN","","*IDN?","7","T4_manual_review"
"community","d_607","Rohde & Schwarz ZVL13 鐭㈤噺缃戠粶鍒嗘瀽浠?","Rohde & Schwarz","UNKNOWN","","INST?","5","T4_manual_review"
"community","d_608","Santec TSL-570 楂樻€ц兘鍙皟璋愭縺鍏夊櫒","Santec","UNKNOWN","","","8","T4_manual_review"
"community","d_609","Santec TSL-580 楂樻€ц兘鍙皟璋愭縺鍏夊櫒","Santec","UNKNOWN","","","8","T4_manual_review"
"community","d_61","Julabo Presto A40 楂樺姩鎬佹俯鎺х郴缁?","Julabo","SERIAL","pyserial","GET_BATH_TEMP","10","T1_serial_probe_ready"
"community","d_610","Andor Shamrock SR750 鍒囧皵灏?鐗圭撼鍏夎氨浠?","Andor","UNKNOWN","","","10","T4_manual_review"
"community","d_612","Stanford Research Systems SIM928 闅旂鐩存祦鐢靛帇婧?","Stanford Research Systems","UNKNOWN","","*IDN?","10","T4_manual_review"
"community","d_613","Stanford Research Systems SR844 灏勯閿佺浉鏀惧ぇ鍣?","Stanford Research Systems","SERIAL","pyserial","","6","T1b_serial_probe_tbd"
"community","d_614","Tektronix AFG3000绯诲垪浠绘剰鍑芥暟鍙戠敓鍣?","Tektronix","UNKNOWN","","","5","T4_manual_review"
"community","d_615","Tektronix AWG520 浠绘剰娉㈠舰鍙戠敓鍣?","Tektronix","UNKNOWN","","AWGC:RSTATE?","10","T4_manual_review"
"community","d_616","Tektronix FCA3100绯诲垪棰戠巼璁℃暟鍣?瀹氭椂鍣?鍒嗘瀽浠?","Tektronix","UNKNOWN","","","5","T4_manual_review"
"community","d_62","Lauda Proline RP 845 鍒跺喎鍔犵儹寰幆娴?","Lauda","SERIAL","pyserial","","5","T1b_serial_probe_tbd"
"community","d_623","Rohde & Schwarz ZNLE3 鐭㈤噺缃戠粶鍒嗘瀽浠?","Rohde & Schwarz","SERIAL","pyserial","*IDN?","10","T1_serial_probe_ready"
"community","d_624","Rohde & Schwarz ZNLE4 鐭㈤噺缃戠粶鍒嗘瀽浠?","Rohde & Schwarz","SERIAL","pyserial","*IDN?","10","T1_serial_probe_ready"
"community","d_625","Rohde & Schwarz ZNLE6 鐭㈤噺缃戠粶鍒嗘瀽浠?","Rohde & Schwarz","SERIAL","pyserial","*IDN?","10","T1_serial_probe_ready"
"community","d_626","ERA Instruments ERASynth+ 寮€婧愬皠棰戜俊鍙峰彂鐢熷櫒","ERA Instruments","VISA_SCPI","lantz/VISA","","10","T2_visa_needs_rs232_idn"
"community","d_627","ERA Instruments ERASynth++ 寮€婧愬皠棰戜俊鍙峰彂鐢熷櫒","ERA Instruments","VISA_SCPI","lantz/VISA","","10","T2_visa_needs_rs232_idn"
"community","d_628","Valon 5015 楂樼簿搴﹂鐜囧悎鎴愬櫒","Valon","VISA_SCPI","lantz/VISA","","1","T2_visa_needs_rs232_idn"
"community","d_63","Lauda LOOP L250 甯曞皵璐村惊鐜亽娓╁櫒","Lauda","SERIAL","pyserial","","0","T1b_serial_probe_tbd"
"community","d_630","Thorlabs KBD101 K-Cube鏃犲埛鐩存祦浼烘湇鐢垫満鎺у埗鍣?","Thorlabs","SERIAL","pyserial","*IDN?","10","T1_serial_probe_ready"
"community","d_635","Thorlabs BPC001 鍗曢€氶亾鍙板紡鍘嬬數鎺у埗鍣?","Thorlabs","SERIAL","pyserial","*IDN?","10","T1_serial_probe_ready"
"community","d_636","Thorlabs BPC002 鍙岄€氶亾鍙板紡鍘嬬數鎺у埗鍣?","Thorlabs","SERIAL","pyserial","*IDN?","10","T1_serial_probe_ready"
"community","d_639","Thorlabs BNT001 鍙板紡NanoTrak鎺у埗鍣?","Thorlabs","SERIAL","pyserial","*IDN?","10","T1_serial_probe_ready"
"community","d_64","Thermo NESLAB RTE-740/RTE-111 鍒跺喎鍔犵儹寰幆娴?","Thermo Scientific","SERIAL","pyserial","","10","T1b_serial_probe_tbd"
"community","d_640","Thorlabs BMS001 鍗曢€氶亾鍙板紡姝ヨ繘鐢垫満鎺у埗鍣?","Thorlabs","SERIAL","pyserial","*IDN?","10","T1_serial_probe_ready"
"community","d_641","Thorlabs BMS002 鍙岄€氶亾鍙板紡姝ヨ繘鐢垫満鎺у埗鍣?","Thorlabs","SERIAL","pyserial","*IDN?","10","T1_serial_probe_ready"
"community","d_642","Thorlabs BDC101 鍗曢€氶亾鍙板紡鐩存祦浼烘湇鐢垫満鎺у埗鍣?","Thorlabs","SERIAL","pyserial","*IDN?","10","T1_serial_probe_ready"
"community","d_643","Thorlabs TPA101 T-Cube鍏夋潫浣嶇疆瀵瑰噯鍣?","Thorlabs","SERIAL","pyserial","*IDN?","10","T1_serial_probe_ready"
"community","d_644","Thorlabs TQD001 T-Cube PSD鑷姩瀵瑰噯鍥涜薄闄愭帰娴嬪櫒鎺у埗鍣?","Thorlabs","SERIAL","pyserial","*IDN?","10","T1_serial_probe_ready"
"community","d_645","Thorlabs MFF102 鐢靛姩婊ゅ厜鐗囩炕杞灦","Thorlabs","SERIAL","pyserial","*IDN?","10","T1_serial_probe_ready"
"community","d_646","Thorlabs KLS101 K-Cube LED/鍏夋簮椹卞姩鍣?","Thorlabs","SERIAL","pyserial","*IDN?","10","T1_serial_probe_ready"
"community","d_647","Thorlabs KNA101 K-Cube NanoTrak鑷姩瀵瑰噯鎺у埗鍣?","Thorlabs","SERIAL","pyserial","*IDN?","10","T1_serial_probe_ready"
"community","d_648","Thorlabs KSG101 K-Cube搴斿彉鐗囪鏁板櫒","Thorlabs","SERIAL","pyserial","*IDN?","10","T1_serial_probe_ready"
"community","d_65","Masterflex L/S 锠曞姩娉电郴缁?","Masterflex","SERIAL","pyserial","","10","T1b_serial_probe_tbd"
"community","d_650","T-Cube姝ヨ繘鐢垫満鎺у埗鍣?","Thorlabs","SERIAL","pyserial","","10","T1b_serial_probe_tbd"
"community","d_651","T-Cube鍘嬬數鎺у埗鍣?","Thorlabs","SERIAL","pyserial","","10","T1b_serial_probe_tbd"
"community","d_652","T-Cube搴斿彉浠鏁板櫒","Thorlabs","UNKNOWN","","","6","T4_manual_review"
"community","d_653","T-Cube鏃犲埛鐩存祦鐢垫満鎺у埗鍣?","Thorlabs","SERIAL","pyserial","","10","T1b_serial_probe_tbd"
"community","d_655","鍗曢€氶亾鍘嬬數鎺у埗鍣?","Thorlabs","SERIAL","pyserial","","10","T1b_serial_probe_tbd"
"community","d_656","妯″潡鍖栨満鏋舵杩涚數鏈烘帶鍒跺櫒","Thorlabs","SERIAL","pyserial","","10","T1b_serial_probe_tbd"
"community","d_657","妯″潡鍖栨満鏋跺帇鐢垫帶鍒跺櫒","Thorlabs","SERIAL","pyserial","","10","T1b_serial_probe_tbd"
"community","d_658","绾崇背瀹氫綅鍣ㄦ帶鍒跺櫒","Thorlabs","SERIAL","pyserial","","10","T1b_serial_probe_tbd"
"community","d_659","鐩存祦浼烘湇鐢垫満鎺у埗鍣?","Thorlabs","SERIAL","pyserial","","10","T1b_serial_probe_tbd"
"community","d_660","T-Cube婵€鍏変簩鏋佺鎺у埗鍣?","Thorlabs","SERIAL","pyserial","","10","T1b_serial_probe_tbd"
"community","d_661","T-Cube鎯€х數鏈烘帶鍒跺櫒","Thorlabs","UNKNOWN","","","6","T4_manual_review"
"community","d_662","绱у噾鍨嬪厜鍔熺巼璁?","Thorlabs","UNKNOWN","","SYST:SENSOR:IDN?","4","T4_manual_review"
"community","d_663","3閫氶亾寮€鐜帇鐢垫帶鍒跺櫒","Thorlabs","SERIAL","pyserial","*IDN?","10","T1_serial_probe_ready"
"community","d_664","4閫氶亾寮€鐜帇鐢垫帶鍒跺櫒","Thorlabs","SERIAL","pyserial","*IDN?","10","T1_serial_probe_ready"
"community","d_665","鐢靛姩鍙屼綅缃粦鍧?","Thorlabs","SERIAL","pyserial","","10","T1b_serial_probe_tbd"
"community","d_666","鐢靛姩4浣嶇疆婊ゅ厜鐗囨粦鍧?","Thorlabs","SERIAL","pyserial","","10","T1b_serial_probe_tbd"
"community","d_667","鐢靛姩鏃嬭浆鍙?","Thorlabs","SERIAL","pyserial","","10","T1b_serial_probe_tbd"
"community","d_67","Watson-Marlow 520/530 锠曞姩娉?","Watson-Marlow","VISA_SCPI","lantz/VISA","<1,RS,??>","9","T2_visa_needs_rs232_idn"
"community","d_68","Gilson Minipuls 3 锠曞姩娉?","Gilson","SERIAL","pyserial","","10","T1b_serial_probe_tbd"
"community","d_681","Lake Shore 218浣庢俯娓╁害鐩戞祴浠?","Lake Shore","SERIAL","pyserial","INPUT? {}","9","T1_serial_probe_ready"
"community","d_682","Lake Shore 235浣庢俯娓╁害鎺у埗鍣?","Lake Shore","SERIAL","pyserial","INPUT? {}","9","T1_serial_probe_ready"
"community","d_683","Laser Quantum Finesse DPSS娉垫郸婵€鍏夊櫒","Laser Quantum","UNKNOWN","","SERIAL?","10","T4_manual_review"
"community","d_684","Lighthouse Photonics Sprout-G缁垮厜娉垫郸婵€鍏夊櫒","Lighthouse Photonics","UNKNOWN","","","4","T4_manual_review"
"community","d_687","Sirah Matisse杩炵画娉㈠崟棰戝彲璋冭皭鐜舰婵€鍏夊櫒","Sirah","VISA_SCPI","lantz/VISA","ERROR:CODE?","10","T2_visa_needs_rs232_idn"
"community","d_697","Trinamic TMCM-1110 StepRocker鍗曡酱姝ヨ繘鐢垫満鎺у埗鍣?椹卞姩鍣?","Trinamic","SERIAL","pyserial","","10","T1b_serial_probe_tbd"
"community","d_698","Trinamic TMCM-3110涓夎酱姝ヨ繘鐢垫満鎺у埗鍣?椹卞姩鍣ㄦā鍧?","Trinamic","SERIAL","pyserial","","10","T1b_serial_probe_tbd"
"community","d_699","Trinamic TMCM-6110鍏酱姝ヨ繘鐢垫満鎺у埗鍣?椹卞姩鍣ㄦā鍧?","Trinamic","SERIAL","pyserial","","10","T1b_serial_probe_tbd"
"community","d_70","ThalesNano H-Cube 杩炵画娴佸姩鍔犳阿鍙嶅簲鍣?","ThalesNano","UNKNOWN","","TC1?","8","T4_manual_review"
"community","d_703","E5071C ENA Vector Network Analyzer","Keysight","UNKNOWN","",":OUTPUT:STATE?","10","T4_manual_review"
"community","d_704","LM-510 Liquid Level Monitor","Cryomagnetics","SERIAL","pyserial","CHAN?","10","T1_serial_probe_ready"
"community","d_705","PS 2000 B Series DC Laboratory Power Supply","Elektro-Automatik","UNKNOWN","","","10","T4_manual_review"
"community","d_709","TF-100 Tunable Filter","OZOptics","SERIAL","pyserial","W?","10","T1_serial_probe_ready"
"community","d_71","Uniqsis FlowSyn 娴佸姩鍖栧鍙嶅簲绯荤粺","Uniqsis","TCP","socket","","2","T3_network_needs_ext"
"community","d_710","DD-100 Variable Attenuator","OZOptics","SERIAL","pyserial","W?","10","T1_serial_probe_ready"
"community","d_711","EPC-04 Electronic Polarization Controller","OZOptics","SERIAL","pyserial","W?","10","T1_serial_probe_ready"
"community","d_712","E5CC Temperature Controller","Omron","SERIAL","pyserial","","6","T1b_serial_probe_tbd"
"community","d_714","TPG261 Single-Channel Vacuum Gauge Controller","Pfeiffer","UNKNOWN","","","0","T4_manual_review"
"community","d_715","TPG262 Dual-Channel Vacuum Gauge Controller","Pfeiffer","UNKNOWN","","","0","T4_manual_review"
"community","d_72","VICI Valco 澶氫綅缃€夋嫨闃€","VICI Valco","SERIAL","pyserial","","2","T1b_serial_probe_tbd"
"community","d_723","Conrad USB/Serial Relay Board","Conrad","SERIAL","pyserial","","6","T1b_serial_probe_tbd"
"community","d_725","Silicon Software microEnable绯诲垪鍥惧儚閲囬泦鍗?","Silicon Software","UNKNOWN","","","10","T4_manual_review"
"community","d_726","BitFlow Axion/Aon/Neon绯诲垪Camera Link鍥惧儚閲囬泦鍗?","BitFlow","UNKNOWN","","","10","T4_manual_review"
"community","d_73","IDEX MX Series II 澶氫綅缃€夋嫨闃€","IDEX Health & Science","SERIAL","pyserial","","8","T1b_serial_probe_tbd"
"community","d_730","Omicron DeepStar绯诲垪楂橀€熻皟鍒跺崐瀵间綋婵€鍏夊櫒","Coherent","SERIAL","pyserial","","5","T1b_serial_probe_tbd"
"community","d_731","Coherent OBIS鏅鸿兘婵€鍏夋ā鍧楃郴鍒?","Coherent","SERIAL","pyserial","","6","T1b_serial_probe_tbd"
"community","d_732","Coherent Sapphire鍏夋车鍗婂浣撴縺鍏夊櫒","Coherent","SERIAL","pyserial","","7","T1b_serial_probe_tbd"
"community","d_734","CoolLED pE-300绯诲垪鏄惧井闀淟ED鍏夋簮","CoolLED","SERIAL","pyserial","","7","T1b_serial_probe_tbd"
"community","d_735","CoolLED pE-4000閫氱敤鍨?6娉㈤暱LED鑽у厜鍏夋簮","CoolLED","SERIAL","pyserial","","7","T1b_serial_probe_tbd"
"community","d_736","LUDL MAC2000妯″潡鍖栨樉寰暅鑷姩鍖栨帶鍒跺櫒","LUDL","SERIAL","pyserial","","10","T1b_serial_probe_tbd"
"community","d_737","Lumencor Spectra III 鍥烘€佸厜婧愬紩鎿?","Lumencor","SERIAL","pyserial","","5","T1b_serial_probe_tbd"
"community","d_738","Prior ProScanIII 鏄惧井闀滆嚜鍔ㄥ寲鎺у埗鍣?","Prior Scientific","SERIAL","pyserial","","10","T1b_serial_probe_tbd"
"community","d_739","Zaber Nucleus X-LCA4 鍥涢€氶亾LED鎺у埗鍣?","Zaber","SERIAL","pyserial","","10","T1b_serial_probe_tbd"
"community","d_740","Aurox Clarity 鏃犳縺鍏夊叡鑱氱劍妯″潡","Aurox","UNKNOWN","","","10","T4_manual_review"
"community","d_741","Thorlabs ELL12 鍏綅鐢靛姩鍏夊婊戝潡","Thorlabs","SERIAL","pyserial","","1","T1b_serial_probe_tbd"
"community","d_746","Andor Kymera 328i 鏅鸿兘澶氭ā寮忓厜璋变华","Andor","UNKNOWN","","","10","T4_manual_review"
"community","d_748","Omicron LuxX 楂樻€ц兘鍗婂浣撴縺鍏夊櫒","Omicron","SERIAL","pyserial","","10","T1b_serial_probe_tbd"
"community","d_749","Omicron LuxX+ 澧炲己鍨嬪崐瀵间綋婵€鍏夊櫒","Omicron","SERIAL","pyserial","","10","T1b_serial_probe_tbd"
"community","d_75","IKA RV 10 鏃嬭浆钂稿彂浠?","IKA","SERIAL","pyserial","","10","T1b_serial_probe_tbd"
"community","d_750","Omicron PhoxX Diode Laser","Omicron","SERIAL","pyserial","","10","T1b_serial_probe_tbd"
"community","d_751","Omicron BrixX Diode Laser","Omicron","SERIAL","pyserial","","10","T1b_serial_probe_tbd"
"community","d_752","Omicron LedHUB LED Light Engine","Omicron","SERIAL","pyserial","","10","T1b_serial_probe_tbd"
"community","d_753","Lumencor SPECTRA X Light Engine","Lumencor","SERIAL","pyserial","","5","T1b_serial_probe_tbd"
"community","d_754","Hamamatsu C10600 FESCA-200 Streak Camera","Hamamatsu","SERIAL","pyserial","","10","T1b_serial_probe_tbd"
"community","d_756","Thermo Fisher BeamShift Controller","Thermo Fisher","TCP","socket","","10","T3_network_needs_ext"
"community","d_758","Tescan VEGA SEM","Tescan","TCP","socket","","5","T3_network_needs_ext"
"community","d_759","Zeiss SmartSEM","Zeiss","SERIAL","pyserial","","10","T1b_serial_probe_tbd"
"community","d_76","Universal Robots UR3 鍗忎綔鏈哄櫒浜?","Universal Robots","TCP","socket","","10","T3_network_needs_ext"
"community","d_762","PI E-725 Digital Piezo Controller","Physik Instrumente","SERIAL","pyserial","","10","T1b_serial_probe_tbd"
"community","d_763","PI E-709 Digital Piezo Controller","Physik Instrumente","SERIAL","pyserial","","10","T1b_serial_probe_tbd"
"community","d_766","Princeton Instruments SpectraPro SP-2150i Spectrograph","Princeton Instruments","SERIAL","pyserial","?turret","10","T1_serial_probe_ready"
"community","d_767","Princeton Instruments SpectraPro SP-2300i Spectrograph","Princeton Instruments","SERIAL","pyserial","?turret","10","T1_serial_probe_ready"
"community","d_768","Princeton Instruments SpectraPro SP-2500i Spectrograph","Princeton Instruments","SERIAL","pyserial","?turret","10","T1_serial_probe_ready"
"community","d_769","Princeton Instruments SpectraPro SP-2750i Spectrograph","Princeton Instruments","SERIAL","pyserial","?turret","10","T1_serial_probe_ready"
"community","d_77","Universal Robots UR5 鍗忎綔鏈哄櫒浜?","Universal Robots","TCP","socket","","10","T3_network_needs_ext"
"community","d_770","Newport ESP301 Motion Controller/Driver, 3-Axis, USB, RS232","Newport","UNKNOWN","","TB?","6","T4_manual_review"
"community","d_771","Trinamic TMCM-1140 Stepper Motor Controller/Driver Module","Trinamic","SERIAL","pyserial","","10","T1b_serial_probe_tbd"
"community","d_772","Trinamic TMCM-3214 3-Axis Stepper Motor Controller","Trinamic","SERIAL","pyserial","","10","T1b_serial_probe_tbd"
"community","d_773","Trinamic TMCM-1211 STEPROCKER Stepper Motor Controller/Driver Module","Trinamic","SERIAL","pyserial","","10","T1b_serial_probe_tbd"
"community","d_776","PicoQuant SymPhoTime 64 鏃堕棿鍒嗚鲸鑽у厜鍒嗘瀽杞欢","PicoQuant","UNKNOWN","","","10","T4_manual_review"
"community","d_777","PiezoMotor PMD401 Piezo LEGS鍘嬬數鐢垫満鎺у埗鍣?","PiezoMotor","SERIAL","pyserial","","10","T1b_serial_probe_tbd"
"community","d_778","PiezoMotor PMD301 Piezo LEGS鍘嬬數鐢垫満鎺у埗鍣?","PiezoMotor","SERIAL","pyserial","","10","T1b_serial_probe_tbd"
"community","d_78","Universal Robots UR10 鍗忎綔鏈哄櫒浜?","Universal Robots","TCP","socket","","10","T3_network_needs_ext"
"community","d_780","Orsay Physics FIB Server 鑱氱劍绂诲瓙鏉熺郴缁?","Tescan","TCP","socket","","8","T3_network_needs_ext"
"community","d_785","NI PCIe-6361 X绯诲垪澶氬姛鑳芥暟鎹噰闆嗗崱","National Instruments","UNKNOWN","","AO","9","T4_manual_review"
"community","d_786","NI PCIe-6363 X绯诲垪澶氬姛鑳芥暟鎹噰闆嗗崱","National Instruments","UNKNOWN","","AO","9","T4_manual_review"
"community","d_788","Active Technologies ARB Rider AWG-401x 浠绘剰娉㈠舰鍙戠敓鍣?","Active Technologies","VISA_SCPI","lantz/VISA","","4","T2_visa_needs_rs232_idn"
"community","d_79","Universal Robots UR3e 鍗忎綔鏈哄櫒浜?","Universal Robots","TCP","socket","","10","T3_network_needs_ext"
"community","d_790","Advantest R3767CG 鐭㈤噺缃戠粶鍒嗘瀽浠?","Marconi Instruments","UNKNOWN","","*IDN?","0","T4_manual_review"
"community","d_791","Advantest R6245 鐩存祦鐢靛帇/鐢垫祦婧愮洃娴嬪櫒","Advantest","UNKNOWN","","*IDN?","0","T4_manual_review"
"community","d_792","Advantest R6246 鍙岄€氶亾鐩存祦鐢靛帇/鐢垫祦婧愮洃娴嬪櫒","Advantest","UNKNOWN","","*IDN?","0","T4_manual_review"
"community","d_793","Agilent/Keysight 33500绯诲垪 Trueform娉㈠舰鍙戠敓鍣?","Keysight","VISA_SCPI","lantz/VISA","*OPC?","7","T2_visa_needs_rs232_idn"
"community","d_795","Agilent/Keysight 34450A 5.5浣嶆暟瀛椾竾鐢ㄨ〃","Keysight","UNKNOWN","","","9","T4_manual_review"
"community","d_796","Agilent/Keysight 4284A 绮惧瘑LCR琛?","Keysight","VISA_SCPI","lantz/VISA","STAT:OPER?","5","T2_visa_needs_rs232_idn"
"community","d_797","Agilent/Keysight 4294A 绮惧瘑闃绘姉鍒嗘瀽浠?","Keysight","UNKNOWN","","OUTPERRO?","2","T4_manual_review"
"community","d_798","Agilent/Keysight 8257D PSG妯℃嫙淇″彿鍙戠敓鍣?","Keysight","UNKNOWN","","","10","T4_manual_review"
"community","d_799","Agilent/Keysight 8722ES 鐭㈤噺缃戠粶鍒嗘瀽浠?","Keysight","VISA_SCPI","lantz/VISA","POIN?","8","T2_visa_needs_rs232_idn"
"community","d_8","Sartorius EA/EB/GD/GE/TE绯诲垪鐢靛瓙澶╁钩","Sartorius","SERIAL","pyserial","","5","T1b_serial_probe_tbd"
"community","d_80","Universal Robots UR5e 鍗忎綔鏈哄櫒浜?","Universal Robots","TCP","socket","","10","T3_network_needs_ext"
"community","d_800","Keysight B2981A 椋炲畨/鐨畨鐢垫祦璁?","Keysight","SERIAL","pyserial","*IDN?","0","T1_serial_probe_ready"
"community","d_801","Keysight B2983B 鐨畨琛?椋炲畨琛?","Keysight","UNKNOWN","","","0","T4_manual_review"
"community","d_802","Keysight B2985B 闈欑數璁?楂橀樆璁?","Keysight","UNKNOWN","","","0","T4_manual_review"
"community","d_803","Keysight B2987B 闈欑數璁?楂橀樆璁★紙鐢垫睜渚涚數鍨嬶級","Keysight","UNKNOWN","","","0","T4_manual_review"
"community","d_804","Keysight E4408B ESA-L 鍩虹棰戣氨鍒嗘瀽浠?","Keysight","UNKNOWN","",":TRACE:DATA? TRACE%d;","3","T4_manual_review"
"community","d_805","Keysight E5062A ENA-L RF缃戠粶鍒嗘瀽浠?","Keysight","VISA_SCPI","lantz/VISA","CALC{ch}:PARameter:COUNt?","7","T2_visa_needs_rs232_idn"
"community","d_806","Keysight N8975A 鍣０绯绘暟鍒嗘瀽浠?","Keysight","VISA_SCPI","lantz/VISA","","6","T2_visa_needs_rs232_idn"
"community","d_807","Aim-TTi LD400P 鍙紪绋嬬洿娴佺數瀛愯礋杞?","Aim-TTi","VISA_SCPI","lantz/VISA","","1","T2_visa_needs_rs232_idn"
"community","d_808","AMI Model 430 纾侀搧鐢垫簮缂栫▼鍣?","American Magnetics","TCP","socket","PSwitch?","10","T3_network_needs_ext"
"community","d_809","AnaPico APSIN12G 妯℃嫙淇″彿鍙戠敓鍣?","Anapico","UNKNOWN","","","2","T4_manual_review"
"community","d_81","UR5e鍗忎綔鏈烘鑷?","Universal Robots","TCP","socket","","3","T3_network_needs_ext"
"community","d_810","Andeen-Hagerling AH2500A 瓒呯簿瀵嗚嚜鍔ㄧ數瀹圭數妗?","Andeen-Hagerling","UNKNOWN","","","2","T4_manual_review"
"community","d_811","Anritsu MG3692C 寰尝淇″彿鍙戠敓鍣?","Anritsu","UNKNOWN","",":OUTPUT?","4","T4_manual_review"
"community","d_812","Anritsu MS2090A Field Master Pro 渚挎惡寮忛璋卞垎鏋愪华","Anritsu","UNKNOWN","","","3","T4_manual_review"
"community","d_813","Anritsu MS4642B VectorStar 鐭㈤噺缃戠粶鍒嗘瀽浠?","Anritsu","UNKNOWN","","","1","T4_manual_review"
"community","d_814","Anritsu MS4644B VectorStar 鐭㈤噺缃戠粶鍒嗘瀽浠?","Anritsu","UNKNOWN","","","1","T4_manual_review"
"community","d_815","Anritsu MS4645B VectorStar 鐭㈤噺缃戠粶鍒嗘瀽浠?","Anritsu","UNKNOWN","","","1","T4_manual_review"
"community","d_816","Anritsu MS4647B VectorStar 鐭㈤噺缃戠粶鍒嗘瀽浠?","Anritsu","UNKNOWN","","","1","T4_manual_review"
"community","d_817","Anritsu MS9710C 鍏夎氨鍒嗘瀽浠?","Anritsu","UNKNOWN","","*OPC?","7","T4_manual_review"
"community","d_818","Anritsu MS9740A 鍏夎氨鍒嗘瀽浠?","Anritsu","UNKNOWN","","","1","T4_manual_review"
"community","d_819","BK Precision 9130B 涓夎矾杈撳嚭鍙紪绋嬬洿娴佺數婧?","BK Precision","UNKNOWN","","MEASure:SCALar:VOLTage:DC?","1","T4_manual_review"
"community","d_82","UR10e宸ヤ笟鏈烘鑷?","Universal Robots","TCP","socket","","3","T3_network_needs_ext"
"community","d_820","Danfysik System 8500 鐢垫祦绋冲畾楂樻€ц兘鐢垫簮","Danfysik","UNKNOWN","","PO","9","T4_manual_review"
"community","d_821","Delta Elektronika SM70-45D 鍙紪绋嬬洿娴佺數婧?","Delta Elektronika","UNKNOWN","","","5","T4_manual_review"
"community","d_823","Eurotest HPP-120-256 楂樺帇鐩存祦鐢垫簮","Eurotest","VISA_SCPI","lantz/VISA","","6","T2_visa_needs_rs232_idn"
"community","d_824","F.W. Bell 5080 鎵嬫寔寮忛珮鏂","F.W. Bell","SERIAL","pyserial",":UNIT:FLUX?","4","T1_serial_probe_ready"
"community","d_825","HP 33120A 鍑芥暟/浠绘剰娉㈠舰鍙戠敓鍣?","Keysight","UNKNOWN","","","1","T4_manual_review"
"community","d_826","HP 34401A 6陆浣嶆暟瀛椾竾鐢ㄨ〃","Keysight","VISA_SCPI","lantz/VISA","","4","T2_visa_needs_rs232_idn"
"community","d_827","HP 3437A 绯荤粺鐢靛帇琛?","Keysight","UNKNOWN","","","6","T4_manual_review"
"community","d_828","HP 3478A 5陆浣嶆暟瀛椾竾鐢ㄨ〃","Keysight","UNKNOWN","","","8","T4_manual_review"
"community","d_829","HP 8560A 渚挎惡寮忛璋卞垎鏋愪华","Keysight","VISA_SCPI","lantz/VISA","","4","T2_visa_needs_rs232_idn"
"community","d_83","UR16e閲嶈浇鍗忎綔鏈烘鑷?","Universal Robots","SERIAL","pyserial","","10","T1b_serial_probe_tbd"
"community","d_830","HP 8561B 渚挎惡寮忛璋卞垎鏋愪华","Keysight","VISA_SCPI","lantz/VISA","","4","T2_visa_needs_rs232_idn"
"community","d_832","HP 8753E RF鐭㈤噺缃戠粶鍒嗘瀽浠?","Keysight","VISA_SCPI","lantz/VISA","*IDN?","9","T2_visa_needs_rs232_idn"
"community","d_833","HP 11713A 琛板噺鍣?寮€鍏抽┍鍔ㄥ櫒","Keysight","UNKNOWN","","","3","T4_manual_review"
"community","d_834","HP 6632A 绯荤粺鐩存祦鐢垫簮","Keysight","VISA_SCPI","lantz/VISA","","4","T2_visa_needs_rs232_idn"
"community","d_835","HP 6633A 绯荤粺鐩存祦鐢垫簮","Keysight","VISA_SCPI","lantz/VISA","","4","T2_visa_needs_rs232_idn"
"community","d_836","HP 6634A 绯荤粺鐩存祦鐢垫簮","Keysight","VISA_SCPI","lantz/VISA","","4","T2_visa_needs_rs232_idn"
"community","d_837","ILX Lightwave LDP-3811 鑴夊啿婵€鍏変簩鏋佺椹卞姩鍣?","Newport","UNKNOWN","","","7","T4_manual_review"
"community","d_838","INFICON SQM-160 钖勮啘娌夌Н閫熺巼/鍘氬害鐩戞帶浠?","Inficon","VISA_SCPI","lantz/VISA","","7","T2_visa_needs_rs232_idn"
"community","d_839","IPG Photonics YAR 鎺洪暠杩炵画鍏夌氦鏀惧ぇ鍣?","IPG Photonics","VISA_SCPI","lantz/VISA","RERR","6","T2_visa_needs_rs232_idn"
"community","d_84","Meca500鍏酱宸ヤ笟鏈哄櫒浜?","Mecademic","TCP","socket","","10","T3_network_needs_ext"
"community","d_840","Keithley 2200绯诲垪鍙紪绋嬬洿娴佺數婧?","Tektronix","TCP","socket","","3","T3_network_needs_ext"
"community","d_841","Keithley 2260B绯诲垪鍙紪绋嬬洿娴佺數婧?","Tektronix","TCP","socket","","3","T3_network_needs_ext"
"community","d_842","Keithley 2281S鍔ㄦ€佺數姹犳ā鎷熷櫒","Tektronix","TCP","socket","","3","T3_network_needs_ext"
"community","d_843","Keithley 2306鍙岄€氶亾鐢垫睜/鍏呯數鍣ㄦā鎷熷櫒","Tektronix","TCP","socket","","3","T3_network_needs_ext"
"community","d_844","Keithley 2510 TEC婧愯〃","Tektronix","UNKNOWN","","","8","T4_manual_review"
"community","d_846","Keithley DMM6500 6.5浣嶈Е灞忔暟瀛椾竾鐢ㄨ〃","Tektronix","UNKNOWN","","","0","T4_manual_review"
"community","d_847","Keithley DAQ6510鏁版嵁閲囬泦涓庤褰曚竾鐢ㄨ〃绯荤粺","Tektronix","TCP","socket","","3","T3_network_needs_ext"
"community","d_848","Keysight 81160A鑴夊啿/鍑芥暟/浠绘剰/鍣０鍙戠敓鍣?","Keysight","UNKNOWN","","","0","T4_manual_review"
"community","d_849","Keysight DSOX1102G InfiniiVision绀烘尝鍣?","Keysight","UNKNOWN","",":channel%d?","9","T4_manual_review"
"community","d_85","Hamilton Vantage娑蹭綋澶勭悊宸ヤ綔绔?","Hamilton","SERIAL","pyserial","","0","T1b_serial_probe_tbd"
"community","d_850","Keysight E36312A涓夎矾杈撳嚭鍙紪绋嬬洿娴佺數婧?","Keysight","UNKNOWN","","","0","T4_manual_review"
"community","d_851","Keysight N5767A绯荤粺鐩存祦鐢垫簮","Keysight","UNKNOWN","","","0","T4_manual_review"
"community","d_852","Keysight N7776C楂樺姛鐜囦綆SSE鍙皟璋愭縺鍏夋簮","Keysight","UNKNOWN","","","0","T4_manual_review"
"community","d_853","Kuhne Electronic KUSG 245-250A寰尝淇″彿鍙戠敓鍣?","Kuhne Electronic","VISA_SCPI","lantz/VISA","r?","7","T2_visa_needs_rs232_idn"
"community","d_854","Lake Shore 211娓╁害鐩戞帶浠?","Lake Shore","UNKNOWN","","","0","T4_manual_review"
"community","d_855","Lake Shore 224娓╁害鐩戞帶浠?","Lake Shore","UNKNOWN","","","0","T4_manual_review"
"community","d_856","Lake Shore 421楂樻柉璁?","Lake Shore","UNKNOWN","","","0","T4_manual_review"
"community","d_857","Lake Shore 425楂樻柉璁?","Lake Shore","UNKNOWN","","","0","T4_manual_review"
"community","d_859","MKS 937B鏁板瓧缁勫悎鐪熺┖璁℃帶鍒跺櫒","MKS Instruments","VISA_SCPI","lantz/VISA","","0","T2_visa_needs_rs232_idn"
"community","d_86","Hamilton Nimbus娑蹭綋澶勭悊宸ヤ綔绔?","Hamilton","SERIAL","pyserial","","0","T1b_serial_probe_tbd"
"community","d_860","MKS 974B QuadMag涓夊悎涓€鐪熺┖浼犳劅鍣?","MKS Instruments","VISA_SCPI","lantz/VISA","","1","T2_visa_needs_rs232_idn"
"community","d_861","Novanta FPU60婵€鍏夌數婧愬崟鍏?","Novanta","UNKNOWN","","TIMERS?","3","T4_manual_review"
"community","d_864","Parker GV6浼烘湇鐢垫満鎺у埗鍣?","Parker","UNKNOWN","","TASF","9","T4_manual_review"
"community","d_865","Pendulum CNT-91瀹氭椂鍣?璁℃暟鍣?鍒嗘瀽浠?","Pendulum","UNKNOWN","","FORM:SMAX?","5","T4_manual_review"
"community","d_866","Philips PM6669楂樼簿搴﹂鐜囪鏁板櫒","Racal-Dana","UNKNOWN","","++spoll","5","T4_manual_review"
"community","d_868","Racal-Dana 1992閫氱敤棰戠巼璁℃暟鍣?","Racal-Dana","VISA_SCPI","lantz/VISA","","9","T2_visa_needs_rs232_idn"
"community","d_869","Rigol DG800绯诲垪浠绘剰娉㈠舰鍙戠敓鍣?","Rigol","UNKNOWN","","","0","T4_manual_review"
"community","d_870","Rohde & Schwarz FSL棰戣氨鍒嗘瀽浠?","Rohde & Schwarz","UNKNOWN","","","10","T4_manual_review"
"community","d_871","Rohde & Schwarz FSW淇″彿涓庨璋卞垎鏋愪华","Rohde & Schwarz","UNKNOWN","","","10","T4_manual_review"
"community","d_872","Rohde & Schwarz SFM鐢佃娴嬭瘯鍙戝皠鏈?","Rohde & Schwarz","UNKNOWN","","","10","T4_manual_review"
"community","d_873","Siglent SPD1305X绾挎€у彲缂栫▼鐩存祦鐢垫簮","Siglent","UNKNOWN","","C{ch}:WF? ALL","2","T4_manual_review"
"community","d_874","Siglent SDS1072CML鏁板瓧绀烘尝鍣?","Siglent","UNKNOWN","","C{ch}:WF? ALL","2","T4_manual_review"
"community","d_875","SDS1000X-HD绯诲垪鏁板瓧绀烘尝鍣?","Siglent","UNKNOWN","",":WAVeform:PREamble?","4","T4_manual_review"
"community","d_878","XRV绯诲垪宸ヤ笟X灏勭嚎鍙戠敓鍣?","Spellman","VISA_SCPI","lantz/VISA","30","8","T2_visa_needs_rs232_idn"
"community","d_879","LDC500婵€鍏変簩鏋佺鎺у埗鍣?","Stanford Research Systems","UNKNOWN","","","4","T4_manual_review"
"community","d_880","SG380绯诲垪灏勯淇″彿鍙戠敓鍣?","Stanford Research Systems","UNKNOWN","","OPTN? 2","6","T4_manual_review"
"community","d_882","CXN灏勯婧呭皠鐢垫簮","TC Power Conversion","VISA_SCPI","lantz/VISA","","5","T2_visa_needs_rs232_idn"
"community","d_885","AFG3152C浠绘剰鍑芥暟鍙戠敓鍣?","Tektronix","UNKNOWN","","*OPC?","4","T4_manual_review"
"community","d_889","PRO8000妯″潡鍖栨縺鍏夐┍鍔ㄥ櫒","Thorlabs","UNKNOWN","","","3","T4_manual_review"
"community","d_890","Smartline V1鐪熺┖璁?","Thyracont","VISA_SCPI","lantz/VISA","","3","T2_visa_needs_rs232_idn"
"community","d_891","VSH绯诲垪鐪熺┖鍙橀€佸櫒","Thyracont","VISA_SCPI","lantz/VISA","","10","T2_visa_needs_rs232_idn"
"community","d_892","VSM鐪熺┖娴嬮噺浠?","Thyracont","VISA_SCPI","lantz/VISA","","10","T2_visa_needs_rs232_idn"
"community","d_893","VSP鐪熺┖浼犳劅鍣?","Thyracont","VISA_SCPI","lantz/VISA","","10","T2_visa_needs_rs232_idn"
"community","d_894","VSR绯诲垪鐪熺┖鍙橀€佸櫒","Thyracont","VISA_SCPI","lantz/VISA","","10","T2_visa_needs_rs232_idn"
"community","d_898","AQ6373鍙鍏夋尝闀垮厜璋卞垎鏋愪华","Yokogawa","UNKNOWN","","OS;E","9","T4_manual_review"
"community","d_899","AQ6373B鍙鍏夋尝闀垮厜璋卞垎鏋愪华","Yokogawa","UNKNOWN","","OS;E","9","T4_manual_review"
"community","d_900","Yokogawa AQ6375 Long Wavelength Optical Spectrum Analyzer","Yokogawa","UNKNOWN","","OS;E","9","T4_manual_review"
"community","d_901","Yokogawa AQ6375B Long Wavelength Optical Spectrum Analyzer","Yokogawa","UNKNOWN","","OS;E","9","T4_manual_review"
"community","d_93","Shimadzu Nexera X2瓒呴珮鏁堟恫鐩歌壊璋变华","Shimadzu","SERIAL","pyserial","","10","T1b_serial_probe_tbd"
"community","d_96","Inheco ODTC鍦ㄧ嚎鐑惊鐜华","Inheco","TCP","socket","","5","T3_network_needs_ext"
"community","d_99","Lambda OMNICOLL棣忓垎鏀堕泦鍣?","Lambda","SERIAL","pyserial","","9","T1b_serial_probe_tbd"
"community","e3631_a","E3631A 80W Triple Output Power Supply, 6V, 5A & 卤25V, 1A [Obsolete]","Keysight","VISA_SCPI","lantz/VISA","MEAS:VOLT?","10","T2_visa_needs_rs232_idn"
"community","echo_device","Echo Device","Open Source","UNKNOWN","","","2","T4_manual_review"
"community","eeprom","type: string","Open Standard","UNKNOWN","","","46","T4_manual_review"
"community","ee_prom_feature","prominent/寰峰浗鏅綏鍚嶇壒  鐢电闅旇啘璁￠噺娉?","涓婃捣楠婅憜绉戝浠櫒鏈夐檺鍏徃","UNKNOWN","","","4","T4_manual_review"
"community","emc20","Emc20","EMC Microcollections","SERIAL","pyserial","M","2","T1_serial_probe_ready"
"community","endpoint","Endpoint","Open Source","UNKNOWN","","","3","T4_manual_review"
"community","enumerate","Enumerate","Open Source","VISA_SCPI","lantz/VISA","*IDN?","12","T2_visa_needs_rs232_idn"
"community","era_synth","Exception","ERA Instruments","SERIAL","pyserial","","12","T1b_serial_probe_tbd"
"community","esp300","type: string","","SERIAL","pyserial","","418","T1b_serial_probe_tbd"
"community","esp32_camera","Esp32 Camera","Espressif Systems","UNKNOWN","","","17","T4_manual_review"
"community","esp32_device","Esp32 Device","Espressif Systems","SERIAL","pyserial","","2","T1b_serial_probe_tbd"
"community","ets2090","Positioners Archives","ETS-Lindgren","UNKNOWN","","*OPC?","5","T4_manual_review"
"community","eurotherm2408","type: string","","SERIAL","pyserial","","55","T1b_serial_probe_tbd"
"community","eurotherm__instrument","type: string","","SERIAL","pyserial","","454","T1b_serial_probe_tbd"
"community","exr","Keysight EXR Series Real-Time Oscilloscope 绀烘尝鍣?","Keysight Technologies","VISA_SCPI","lantz/VISA","","0","T2_visa_needs_rs232_idn"
"community","extended_request_support","Extended Request Support","Open Source","SERIAL","pyserial","","32","T1b_serial_probe_tbd"
"community","ex_rxx4_a","Expert Benchtop Oscilloscopes","Keysight","VISA_SCPI","lantz/VISA","","0","T2_visa_needs_rs232_idn"
"community","ex_rxx8_a","Expert Benchtop Oscilloscopes","Keysight","VISA_SCPI","lantz/VISA","","0","T2_visa_needs_rs232_idn"
"community","feature_identification_device","Generic Feature Identification Device","Open Source","UNKNOWN","","","151","T4_manual_review"
"community","feetech_motors_bus","Feetech RC Model Feetech Motors Bus","Feetech RC Model","SERIAL","pyserial","","16","T1b_serial_probe_tbd"
"community","fiber_shaker","type: string","","SERIAL","pyserial","","418","T1b_serial_probe_tbd"
"community","fibsem","Electron microscopy","Thermo Fisher","UNKNOWN","","","44","T4_manual_review"
"community","file","file","","UNKNOWN","","","2","T4_manual_review"
"community","file_communicator","Generic File Communicator","Open Source","UNKNOWN","","","9","T4_manual_review"
"community","file_device","type: string","","UNKNOWN","","*IDN?","1210","T4_manual_review"
"community","file_io","File IO","Open Source","UNKNOWN","","","8","T4_manual_review"
"community","file_member","type: string","","TCP","socket","Warning: inline data between tags?!\n","418","T3_network_needs_ext"
"community","file_watcher","File Watcher","Open Source","TCP","socket","","9","T3_network_needs_ext"
"community","filter_wheel","Filter Wheel","Open Source","SERIAL","pyserial","","5","T1b_serial_probe_tbd"
"community","fire_sting","type: string","","SERIAL","pyserial","","1210","T1b_serial_probe_tbd"
"community","flash_firmware","Flash Firmware","Open Source","SERIAL","pyserial","","0","T1b_serial_probe_tbd"
"community","fluke3000","Fluke 3000 FC Series Wireless Multimeter","Fluke","UNKNOWN","","","7","T4_manual_review"
"community","frame_grabber","Frame Grabber","Open Source","TCP","socket","","3","T3_network_needs_ext"
"community","ftp_base_wrapper","闊╁浗ilSHinBioBase 杩涘彛娣卞喎鍐荤 GUDERO CHEST绯诲垪","Jeio Tech Co., Ltd - 涓婃捣浠ｈ〃澶?","UNKNOWN","","","8","T4_manual_review"
"community","ftp_wrapper","Newport Corporation Ftp Wrapper 椹卞姩灏佽 鑷姩鍖栬澶?椹卞姩灏佽","Newport Corporation (MKS)","UNKNOWN","","","7","T4_manual_review"
"community","function_generator","Generic Laboratory Function Generator 鍑芥暟淇″彿鍙戠敓鍣?","Open Source","UNKNOWN","","","8","T4_manual_review"
"community","func_gen","WIGGENS  WHT-150鎭掓俯鎭掓箍绠?","缁存牴鎶€鏈紙鍖椾含锛夋湁闄愬叕鍙革紙WIGGENS锛?","VISA_SCPI","lantz/VISA","*IDN?","33","T2_visa_needs_rs232_idn"
"community","furnace","furnace","","SERIAL","pyserial","","4","T1b_serial_probe_tbd"
"community","fw102_b","type: string","","SERIAL","pyserial","pos?\r","418","T1_serial_probe_ready"
"community","g2_v_sunbrick","type: string","","SERIAL","pyserial","","185","T1b_serial_probe_tbd"
"community","galil","Galil 杩愬姩鎺у埗鍣?鑷姩鍖栬澶?Galil","Galil Motion Control","MODBUS","modbus","","18","T2m_modbus_probeable"
"community","gatan_socket","type: string","","TCP","socket","","54","T3_network_needs_ext"
"community","gauge_serial","Generic Serial Vacuum Gauge 鐪熺┖","Open Source","UNKNOWN","","","2","T4_manual_review"
"community","gcode_client","UFACTORY Gcode Client 瀹㈡埛绔?鏈烘鑷?姘旂浉鑹茶氨浠?","UFACTORY (xArm)","TCP","socket","","3","T3_network_needs_ext"
"community","general_purpose_udp_multicast_bus","Open Standard General Purpose UDP Multicast Bus","Open Standard","TCP","socket","","4","T3_network_needs_ext"
"community","gev_device","Open Standard Device","Open Standard (GigE Vision)","UNKNOWN","","","0","T4_manual_review"
"community","gh_advantest_r624x","Products and Solutions锝淎DVANTEST CORPORATION","Advantest","VISA_SCPI","lantz/VISA","*IDN?","13","T2_visa_needs_rs232_idn"
"community","gh_ad_g","A&D G绯诲垪","A&D","VISA_SCPI","lantz/VISA","*IDN?","14","T2_visa_needs_rs232_idn"
"community","gh_agilent_4156","4156C Precision Semiconductor Parameter Analyzer [Obsolete]","Keysight","UNKNOWN","",":PAGE:SCON:MEAS:SING; *OPC?","7","T4_manual_review"
"community","gh_agilent_b298x","B2985A Electrometer / High Resistance Meter, 0.01 fA [Discontinued]","Keysight","UNKNOWN","","","20","T4_manual_review"
"community","gh_agilent_e4980","'Benchtop LCR Meters: E4980A'","Keysight","UNKNOWN","","","20","T4_manual_review"
"community","gh_agilent_e4980a","str","Keysight","SERIAL","pyserial","","11","T1b_serial_probe_tbd"
"community","gh_agilent_e5270b","'Current-Voltage Analyzers: E5270B'","Keysight","UNKNOWN","","","20","T4_manual_review"
"community","gh_agilent_hplc_chemstation","1260 Infinity III 娑茬浉鑹茶氨绯荤粺","Agilent","UNKNOWN","","","17","T4_manual_review"
"community","gh_agilent_vspin","Agilent V-Spin Microplate Centrifuge","Agilent","SERIAL","pyserial","","17","T1b_serial_probe_tbd"
"community","gh_aja_dcxs","AJA International, Inc. Sputtering Tools and Systems","AJA","VISA_SCPI","lantz/VISA","","2","T2_visa_needs_rs232_idn"
"community","gh_aja_international_dcxs_750","AJA International, Inc. Sputtering Tools and Systems","AJA","VISA_SCPI","lantz/VISA","","2","T2_visa_needs_rs232_idn"
"community","gh_andeen_hagerling_ah2500a","Andeen-Hagerling AH 2500A Capacitance Bridge","Andeen-Hagerling","UNKNOWN","","","2","T4_manual_review"
"community","gh_andeen_hagerling_ah2700a","Andeen-Hagerling AH 2700A Capacitance Bridge","Andeen-Hagerling","UNKNOWN","","*IDN?","2","T4_manual_review"
"community","gh_andeen_hagerling_ah_2500a","Andeen-Hagerling AH 2500A Capacitance Bridge","Andeen-Hagerling","UNKNOWN","","","2","T4_manual_review"
"community","gh_andeen_hagerling_ah_2700a","Andeen-Hagerling AH 2700A Capacitance Bridge","Andeen-Hagerling","UNKNOWN","","*IDN?","2","T4_manual_review"
"community","gh_applied_biosystems_quantstudio_3","QuantStudio&trade; 3 Real-Time PCR System, 96-well, 0.2 mL, laptop","Thermo Fisher","UNKNOWN","","","5","T4_manual_review"
"community","gh_applied_biosystems_quantstudio_5","QuantStudio&trade; 5 Real-Time PCR System, 96-well, 0.2 mL, desktop","Thermo Fisher","UNKNOWN","","","5","T4_manual_review"
"community","gh_applied_biosystems_quantstudio_6_flex","QuantStudio鈥? and 7 Flex Real-Time PCR Systems","Thermo Fisher","UNKNOWN","","","5","T4_manual_review"
"community","gh_applied_biosystems_viia_7","Applied Biosystems Real-Time PCR Instruments","Thermo Fisher","UNKNOWN","","","5","T4_manual_review"
"community","gh_arbin_mits_pro","Battery Test Equipment","Arbin","TCP","socket","","2","T3_network_needs_ext"
"community","gh_avantes_avaspec_2048_2","You searched for","Avantes","UNKNOWN","","","49","T4_manual_review"
"community","gh_azenta_a4s","Azenta a4S","Azenta","SERIAL","pyserial","","0","T1b_serial_probe_tbd"
"community","gh_biotek_cytation_5","BioTek Cytation 5","Agilent","SERIAL","pyserial","","17","T1b_serial_probe_tbd"
"community","gh_biotek_el406","BioTek EL406 Washer Dispenser","Agilent","UNKNOWN","","","20","T4_manual_review"
"community","gh_bk_precision_891","Model 891","BK Precision","SERIAL","pyserial","*IDN?","37","T1_serial_probe_ready"
"community","gh_boston_micromachines_","Deformable Mirrors for Wavefront Control","Boston Micromachines","SERIAL","pyserial","","25","T1b_serial_probe_tbd"
"community","gh_brooks_xpeel","Brooks XPeel","Brooks","SERIAL","pyserial","","20","T1b_serial_probe_tbd"
"community","gh_bruker_vertex_80v","VERTEX Research FT-IR Spectrometer","Bruker","UNKNOWN","","CLOSE_OPUS","21","T4_manual_review"
"community","gh_chemyx_fusion","Fusion 100X Precision Dosing Two-Channel Infusion Syringe Pump","Chemyx","SERIAL","pyserial","","7","T1b_serial_probe_tbd"
"community","gh_ch_instruments_chi1205b","CH Instruments CHI1205B","CH Instruments","UNKNOWN","","","13","T4_manual_review"
"community","gh_ch_instruments_chi601e","CH Instruments CHI601E","CH Instruments","UNKNOWN","","","13","T4_manual_review"
"community","gh_ch_instruments_chi760e","CH Instruments CHI760E","CH Instruments","UNKNOWN","","","13","T4_manual_review"
"community","gh_cincinnati_sub_zero_ezt_570i","EZT-570 Touch Screen Controller","Cincinnati Sub-Zero","MODBUS","modbus","","12","T2m_modbus_probeable"
"community","gh_dobot_magician","Magician Robot","Dobot","SERIAL","pyserial","","10","T1b_serial_probe_tbd"
"community","gh_dwyer_16b","Dwyer Series 16B Temperature Controller","Dwyer","SERIAL","pyserial","","17","T1b_serial_probe_tbd"
"community","gh_epson_scara_rc90","Epson SCARA","Epson","UNKNOWN","","ResetRobotStatus","6","T4_manual_review"
"community","gh_espec_","Environmental Test Chambers | Products | Products & Services","Espec","SERIAL","pyserial","","63","T1b_serial_probe_tbd"
"community","gh_espec_p300","Bench-Top Type Temperature (& Humidity) Chamber | Environmental Test Chambers","Espec","SERIAL","pyserial","","63","T1b_serial_probe_tbd"
"community","gh_eurotherm_2408","Eurotherm 2408","Eurotherm","SERIAL","pyserial","","6","T1b_serial_probe_tbd"
"community","gh_eurotherm_2416","Eurotherm 2416","Eurotherm","SERIAL","pyserial","","12","T1b_serial_probe_tbd"
"community","gh_eurotherm_3216","3216 IGES file","Eurotherm","SERIAL","pyserial","","4","T1b_serial_probe_tbd"
"community","gh_eurotherm_3500","Eurotherm 3500/3504","Eurotherm","MODBUS","modbus","","1","T2m_modbus_probeable"
"community","gh_fanuc_m_900ib","FANUC M-900iB/700","FANUC","TCP","socket","","44","T3_network_needs_ext"
"community","gh_gilson_402","Gilson 402 Syringe Pump","Gilson","UNKNOWN","","SELECT guid FROM sketches WHERE guid = ?","18","T4_manual_review"
"community","gh_harvard_apparatus_pump_11","Standard Infuse/Withdraw PHD 22/2000 Syringe Pumps","Harvard Apparatus","SERIAL","pyserial","","9","T1b_serial_probe_tbd"
"community","gh_heidolph_mr_hei_connect","Heidolph MR Hei-Connect Magnetic Stirrer","Heidolph","SERIAL","pyserial","","5","T1b_serial_probe_tbd"
"community","gh_hioki_im3536","Hioki IM3536","Hioki","UNKNOWN","","*IDN?","2","T4_manual_review"
"community","gh_hp_5890_gc__5971","姘旇川鑱旂敤绯荤粺","Agilent","UNKNOWN","","","19","T4_manual_review"
"community","gh_idex_rheodyne_mx_series_ii","Rheodyne MX II Stand-Alone Valves","IDEX Health & Science","SERIAL","pyserial","","8","T1b_serial_probe_tbd"
"community","gh_ika_eurostar_60","EUROSTAR 60 digital","IKA","SERIAL","pyserial","","3","T1b_serial_probe_tbd"
"community","gh_ika_matrix_orbital","MATRIX Orbital","IKA","SERIAL","pyserial","","3","T1b_serial_probe_tbd"
"community","gh_ika_plate_rct_digital","Magnetr眉hrer Heizr眉hrer Laborr眉hrer R眉hrer Mischen","IKA","SERIAL","pyserial","","10","T1b_serial_probe_tbd"
"community","gh_ika_rct_5_digital","RCT 5 digital","IKA","SERIAL","pyserial","","3","T1b_serial_probe_tbd"
"community","gh_illumina_hiseq_2500","Sequencing platforms","Illumina","UNKNOWN","","","22","T4_manual_review"
"community","gh_imagine_optic_mirao_52e","Imagine Optic Mirao 52e","Imagine Optic","SERIAL","pyserial","","25","T1b_serial_probe_tbd"
"community","gh_intellemetrics_il800","IL570 Overview","Intellemetrics","SERIAL","pyserial","","4","T1b_serial_probe_tbd"
"community","gh_iorodeo_rodeostat","'Rodeostat: open source potentiostat'","IoRodeo","SERIAL","pyserial","","57","T1b_serial_probe_tbd"
"community","gh_ismatec_reglo_icc","Ismatec Reglo ICC","Ismatec","UNKNOWN","","1#","33","T4_manual_review"
"community","gh_jenway_6305","Cole Parmer庐 Lab Equipment and Cole Parmer庐 Essentials Supplies","Jenway","SERIAL","pyserial","","13","T1b_serial_probe_tbd"
"community","gh_julabo_fp51_sl","Julabo FP51-SL","Julabo","SERIAL","pyserial","VERSION","30","T1_serial_probe_ready"
"community","gh_kd_scientific_legato_100","Legato庐 100 Syringe Pump","KD Scientific","SERIAL","pyserial","","13","T1b_serial_probe_tbd"
"community","gh_keithley_2400","Keithley 2400 Standard Series SMU","Tektronix","UNKNOWN","","","30","T4_manual_review"
"community","gh_keithley_2401","Keithley 2400 Standard Series SMU","Tektronix","UNKNOWN","",":READ?","3","T4_manual_review"
"community","gh_keithley_2450","Keithley 2450","Tektronix","UNKNOWN","","","17","T4_manual_review"
"community","gh_keithley_2600","2600B Series SMU","Tektronix","UNKNOWN","","","21","T4_manual_review"
"community","gh_keithley_2601b","2600B Series SMU","Tektronix","UNKNOWN","","*IDN?","1","T4_manual_review"
"community","gh_keithley_2602b","2600B Series SMU","Tektronix","UNKNOWN","","*IDN?","1","T4_manual_review"
"community","gh_keithley_2604b","2600B Series SMU","Tektronix","UNKNOWN","","*IDN?","1","T4_manual_review"
"community","gh_keithley_2614b","2600B Series SMU","Tektronix","UNKNOWN","","*IDN?","1","T4_manual_review"
"community","gh_keithley_2636b","2600B Series SMU","Tektronix","UNKNOWN","","*IDN?","1","T4_manual_review"
"community","gh_keithley_6220","Keithley 6220","Tektronix","UNKNOWN","","","10","T4_manual_review"
"community","gh_keithley_6221","Keithley 6221","Tektronix","UNKNOWN","","","21","T4_manual_review"
"community","gh_keithley_6430","Keithley 6430","Tektronix","UNKNOWN","",":READ?","4","T4_manual_review"
"community","gh_keithley_6514","Keithley 6514","Tektronix","UNKNOWN","","FETC?","3","T4_manual_review"
"community","gh_keithley_6517b","Keithley 6517B","Tektronix","UNKNOWN","","","14","T4_manual_review"
"community","gh_kern_eoc","'KERN & SOHN: Der Experte f眉r Waagen, Mikroskope & Messger盲te'","Kern","SERIAL","pyserial","","1","T1b_serial_probe_tbd"
"community","gh_keysight_b1500","B1500A Semiconductor Device Parameter Analyzer / Semiconductor Characterization","Keysight","UNKNOWN","","","18","T4_manual_review"
"community","gh_keysight_b2962a","B2962A 6.5-Digit Low Noise Power Source [Discontinued]","Keysight","UNKNOWN","","","18","T4_manual_review"
"community","gh_keysight_e4980a","'Benchtop LCR Meters: E4980A'","Keysight","UNKNOWN","","","18","T4_manual_review"
"community","gh_knauer_k_120","Knauer K-120","Knauer","UNKNOWN","","V?","2","T4_manual_review"
"community","gh_lakeshore_331","Model 331 Cryogenic Temperature Controller","Lake Shore","UNKNOWN","","","5","T4_manual_review"
"community","gh_lakeshore_336","Model 336 cryogenic temperature controller","Lake Shore","UNKNOWN","","RDGFIELD?","1","T4_manual_review"
"community","gh_lakeshore_340","Model 340 Cryogenic Temperature Controller","Lake Shore","UNKNOWN","","RDGFIELD?","1","T4_manual_review"
"community","gh_lakeshore_370","Model 370 AC Resistance Bridge","Lake Shore","UNKNOWN","","RDGFIELD?","1","T4_manual_review"
"community","gh_lakeshore_model_325","Model 325 cryogenic temperature controller","Lake Shore","UNKNOWN","","","30","T4_manual_review"
"community","gh_lakeshore_model_335","Model 335 cryogenic temperature controller","Lake Shore","VISA_SCPI","lantz/VISA","","10","T2_visa_needs_rs232_idn"
"community","gh_lake_shore_m81","M81-SSM Synchronous Source Measure System","Lake Shore","UNKNOWN","","","14","T4_manual_review"
"community","gh_liconic_stx88","The Storex STX Line","LiCONiC","TCP","socket","","19","T3_network_needs_ext"
"community","gh_maccor_macnet","Next Generation Battery Tester","Maccor","TCP","socket","","2","T3_network_needs_ext"
"community","gh_magritek_spinsolve","type: string","Magritek","UNKNOWN","","","18","T4_manual_review"
"community","gh_masterflex_cole_parmer_l","Masterflex (Cole-Parmer) L/S 07523绯诲垪","Masterflex","SERIAL","pyserial","","21","T1b_serial_probe_tbd"
"community","gh_metrohm_autolab_pgstat","Metrohm Autolab PGSTAT Potentiostat","Metrohm Autolab","UNKNOWN","","","13","T4_manual_review"
"community","gh_mettler_toledo_mt_sics","str","Mettler Toledo","UNKNOWN","","TAC","5","T4_manual_review"
"community","gh_mettler_toledo_quantos_q2","Mettler Toledo Quantos Q2","Mettler Toledo","SERIAL","pyserial","","22","T1b_serial_probe_tbd"
"community","gh_mettler_toledo_xs204mt_sics","Analytical Balances","Mettler Toledo","SERIAL","pyserial","","13","T1b_serial_probe_tbd"
"community","gh_mettler_toledo_xs204_mt_sics","Mettler Toledo XS204","Mettler Toledo","SERIAL","pyserial","","13","T1b_serial_probe_tbd"
"community","gh_molecular_devices_imagexpress_pico","ImageXpress Pico Automated Cell Imaging System","Molecular Devices","UNKNOWN","","","12","T4_manual_review"
"community","gh_montana_instruments_cryostation","str","Montana Instruments","SERIAL","pyserial","","11","T1b_serial_probe_tbd"
"community","gh_neware_bts_8_0","Neware BTS 8.0绯诲垪","Neware","TCP","socket","","16","T3_network_needs_ext"
"community","gh_nikon_ti2_e","ECLIPSE Ti2 Series","Nikon","UNKNOWN","","","30","T4_manual_review"
"community","gh_novocontrol_alpha_analyzer","type: string","Novocontrol","UNKNOWN","","","13","T4_manual_review"
"community","gh_omega_iseries","OMEGA iSeries Temperature/Process Controller","Omega Engineering","SERIAL","pyserial","","2","T1b_serial_probe_tbd"
"community","gh_openids_openids_v1","INDUCTION LAUNCHER","OpenIDS","SERIAL","pyserial","","10","T1b_serial_probe_tbd"
"community","gh_opentrons_temperature_module","Opentrons Temperature Module","Opentrons","SERIAL","pyserial","M115","9","T1_serial_probe_ready"
"community","gh_oxford_instruments_itc503","Oxford Instruments ITC503","Oxford Instruments","UNKNOWN","","","3","T4_manual_review"
"community","gh_oxford_instruments_triton","Oxford Instruments Triton","Oxford Instruments","UNKNOWN","","*IDN?","2","T4_manual_review"
"community","gh_palmsens_palmsens4","PalmSens4","PalmSens","UNKNOWN","","","22","T4_manual_review"
"community","gh_pco_pco_edge_4_2","pco.edge Cooled sCMOS Cameras","PCO","UNKNOWN","","","5","T4_manual_review"
"community","gh_polyscience_4100","Refrigerated/Heated Circulating Baths","PolyScience","TCP","socket","","13","T3_network_needs_ext"
"community","gh_polyscience_advanced_digital","Refrigerated/Heated Circulating Baths","PolyScience","TCP","socket","","13","T3_network_needs_ext"
"community","gh_precise_automation_pf400","Precise Automation PF400","Precise Automation","UNKNOWN","","","46","T4_manual_review"
"community","gh_quantum_design_opticool","Quantum Design OptiCool","Quantum Design","VISA_SCPI","lantz/VISA","*IDN?","5","T2_visa_needs_rs232_idn"
"community","gh_radwag_r","Look again","Radwag","SERIAL","pyserial","*IDN?","18","T1_serial_probe_ready"
"community","gh_renishaw_invia_qontor","'Renishaw: inVia confocal Raman microscope'","Renishaw","UNKNOWN","","","2","T4_manual_review"
"community","gh_sartorius_ea","Laboratory Balances & Scales","Sartorius","SERIAL","pyserial","","5","T1b_serial_probe_tbd"
"community","gh_sartorius_entris","Entris庐 II Laboratory Balances","Sartorius","UNKNOWN","","","3","T4_manual_review"
"community","gh_sartorius_miras","Weighing Solutions","Sartorius","UNKNOWN","","","3","T4_manual_review"
"community","gh_sartorius_quintix","Sartorius Quintix","Sartorius","SERIAL","pyserial","","9","T1b_serial_probe_tbd"
"community","gh_sartorius_rline","Sartorius rLINE","Sartorius","SERIAL","pyserial","","11","T1b_serial_probe_tbd"
"community","gh_shimadzu_cbm_20a","type: string","Shimadzu","UNKNOWN","","","7","T4_manual_review"
"community","gh_specs_xrc1000","UXC 1000","SPECS","SERIAL","pyserial","","2","T1b_serial_probe_tbd"
"community","gh_ssi_teledyne_next_generation","MX Class","SSI","SERIAL","pyserial","","6","T1b_serial_probe_tbd"
"community","gh_stanford_research_systems_cs580","CS580 Current Source","Stanford Research Systems","UNKNOWN","","*IDN?","3","T4_manual_review"
"community","gh_stanford_research_systems_ctc100","Cryogenic Temperature Controller - CTC100","Stanford Research Systems","UNKNOWN","","{}.units?","5","T4_manual_review"
"community","gh_teledyne_isco_260d","Teledyne Isco 260D","Teledyne Isco","SERIAL","pyserial","","32","T1b_serial_probe_tbd"
"community","gh_thermotek_t255p","Thermotek","Thermotek","VISA_SCPI","lantz/VISA","U","5","T2_visa_needs_rs232_idn"
"community","gh_thermotron_3800","8800 Controller","Thermotron","UNKNOWN","","","4","T4_manual_review"
"community","gh_thermo_fisher_titan","type: string","Thermo Fisher","TCP","socket","","72","T3_network_needs_ext"
"community","gh_thorlabs_kiralux","Thorlabs Kiralux/Zelux","Thorlabs","UNKNOWN","","*IDN?","16","T4_manual_review"
"community","gh_thorlabs_tc200","TC200DiscontinuedTemperature Controller, 120 VAC Power Cord","Thorlabs","UNKNOWN","","*IDN?","1","T4_manual_review"
"community","gh_watlow_ez_zone_pm","'DISCONTINUED: EZ-ZONE庐 PM Panel Mount Controller'","Watlow","MODBUS","modbus","","7","T2m_modbus_probeable"
"community","gh_wpi_al1000","Search","WPI","SERIAL","pyserial","","13","T1b_serial_probe_tbd"
"community","gh_yaskawa_motoman_fs100","FS100","Yaskawa","TCP","socket","","1","T3_network_needs_ext"
"community","gh_yokogawa_gs200","Yokogawa GS200 DC Voltage/Current Source","Yokogawa","UNKNOWN","",":SENS?","34","T4_manual_review"
"community","gh_zahner_zennium","Precision,聽flexibility, reliability, and performance","Zahner","TCP","socket","","10","T3_network_needs_ext"
"community","gh_zeiss_merlin","ZEISS GeminiSEM鈥?","Zeiss","UNKNOWN","","","47","T4_manual_review"
"community","gh_zke_ebc_a05","鏃犳硶璁块棶姝ょ綉绔?","ZKE","SERIAL","pyserial","","0","T1b_serial_probe_tbd"
"community","glassman_fr","Glassman Glassman Fr","Glassman (XP Power)","UNKNOWN","","V","15","T4_manual_review"
"community","gnss_base_service","type: string","Jeio Tech Co., Ltd - 涓婃捣浠ｈ〃澶?","UNKNOWN","","","31","T4_manual_review"
"community","gpib_communicator","Generic Gpib Communicator GPIB璁惧","National Instruments","UNKNOWN","","+ver","11","T4_manual_review"
"community","gpio_pca9554","NXP Semiconductors Use basil implementation of i2c","NXP Semiconductors","UNKNOWN","","","1","T4_manual_review"
"community","grblboard","Open GRBL Controller Board 鎺у埗鍣?","Open Source (GRBL)","SERIAL","pyserial","","17","T1b_serial_probe_tbd"
"community","grbl_com_serial","Grbl COM Serial","GRBL (Open Source)","SERIAL","pyserial","","9","T1b_serial_probe_tbd"
"community","grbl_controller","Grbl Controller","GRBL (Open Source)","SERIAL","pyserial","","11","T1b_serial_probe_tbd"
"community","grbl_driver","Open GRBL Motor Driver","Open Source (GRBL)","SERIAL","pyserial","?","25","T1_serial_probe_ready"
"community","gripper","Generic Robotic Gripper 澶圭埅","Open Source","SERIAL","pyserial","","20","T1b_serial_probe_tbd"
"community","gripper_controller","Robotiq 澶圭埅鎺у埗鍣?鏈烘鑷?鎺у埗鍣?","Robotiq Inc.","MODBUS","modbus","","7","T2m_modbus_probeable"
"community","gsioc","gsioc","","SERIAL","pyserial","","5","T1b_serial_probe_tbd"
"community","gsioc_interface","gsioc_interface","","SERIAL","pyserial","","6","T1b_serial_probe_tbd"
"community","gsv3_usb","Customized sensors - perfectly integrated into your component.","ME-Systeme GmbH","SERIAL","pyserial","","1","T1b_serial_probe_tbd"
"community","gs_usb_bus","GS USB BUS","Open Standard","UNKNOWN","","","2","T4_manual_review"
"community","hamamatsu_h11890_device","Hamamatsu H11890 Device","Hamamatsu Photonics","UNKNOWN","","","16","T4_manual_review"
"community","hamilton_heater_shaker_backend","Hamilton Heater Shaker Backend 鍚庣妯″潡 鎭掓俯鎽囧簥 鍚庣鎺у埗鍣?","Hamilton Company","UNKNOWN","","","13","T4_manual_review"
"community","hamilton_heater_shaker_box","渚挎惡寮忔鐗╄〃鍨嬪钩鍙癒eyBox","涓婃捣娉芥硥绉戞妧鑲′唤鏈夐檺鍏徃","UNKNOWN","","","13","T4_manual_review"
"community","hamilton_tcp_backend","Hamilton Tcp Backend 鍚庣妯″潡 绉绘恫宸ヤ綔绔?鍚庣鎺у埗鍣?","Hamilton Company","TCP","socket","","9","T3_network_needs_ext"
"community","hamilton_tilt_module_backend","type: string","Hamilton Company","SERIAL","pyserial","","23","T1b_serial_probe_tbd"
"community","handle","Generic Handle","Open Source","UNKNOWN","","","16","T4_manual_review"
"community","hardpotato__instrument","hardpotato__instrument","","UNKNOWN","","","8","T4_manual_review"
"community","hardpotato__serial","hardpotato__serial","","SERIAL","pyserial","","10","T1b_serial_probe_tbd"
"community","harvester","Harvester","Open Source (GenICam)","UNKNOWN","","","19","T4_manual_review"
"community","hdlc","Hdlc","Open Standard (HDLC)","UNKNOWN","","","8","T4_manual_review"
"community","hd_device","Zurich Zurich Instruments HD Device","Zurich Instruments","VISA_SCPI","lantz/VISA","*IDN?","49","T2_visa_needs_rs232_idn"
"community","heraeus_cytomat_backend","Thermo Heraeus Cytomat 鍩瑰吇绠?鍩瑰吇绠?鍩瑰吇绠?","Thermo Fisher Scientific","SERIAL","pyserial","","16","T1b_serial_probe_tbd"
"community","hp3325a","3325A Synthesizer/Function Generator [Obsolete]","Keysight","UNKNOWN","","*IDN?","4","T4_manual_review"
"community","hp3456a","HP 3456A 6陆-Digit Digital Multimeter","Keysight","UNKNOWN","","","4","T4_manual_review"
"community","hp3488_a","3488A Switch/Control Unit Operating, Programming, and Configuration Manual","Keysight","UNKNOWN","","","1","T4_manual_review"
"community","hp437_b","437B High Performance Single Channel Average Power Meter [Obsolete]","Keysight","UNKNOWN","","?","15","T4_manual_review"
"community","hp4395_a","HP 4395A Network/Spectrum/Impedance Analyzer","Keysight","VISA_SCPI","lantz/VISA","*IDN?","12","T2_visa_needs_rs232_idn"
"community","hp59501_b","59501B D/A CONVERTER [Obsolete]","Keysight","UNKNOWN","","*ID?","1","T4_manual_review"
"community","hp6624a","6624A DC Power Supply, Quad-Output, 2 Outputs at 7V/5A, 2 Outputs at 20V/2A,","Keysight","UNKNOWN","","","1","T4_manual_review"
"community","hp6632b","6632B 100 Watt System Power Supply, 20V, 5A [Obsolete]","Keysight","SERIAL","pyserial","SYST:ERR?","3","T1_serial_probe_ready"
"community","hp6652a","str","Keysight","UNKNOWN","","*IDN?","2","T4_manual_review"
"community","hp8116_a","HP 8116A 50 MHz Pulse/Function Generator","Keysight","UNKNOWN","","SOURce:FUNCtion:SHAPe?","1","T4_manual_review"
"community","hp85645_a","85645A 300 kHz to 26.5 GHz tracking source [Obsolete]","Keysight","UNKNOWN","","SOURce:FREQuency:MODE?","4","T4_manual_review"
"community","hp8657_a","'Technical Support: 8657A Synthesized Signal Generator, 100 kHz to 1040 MHz","Keysight","VISA_SCPI","lantz/VISA","","4","T2_visa_needs_rs232_idn"
"community","hp8714_es_wrapper","HP 8714ES RF缃戠粶鍒嗘瀽浠?","Keysight","UNKNOWN","","OUTP:STAT?","26","T4_manual_review"
"community","hp8901_b","HP 8901B 璋冨埗鍒嗘瀽浠?","Keysight","UNKNOWN","","ID","2","T4_manual_review"
"community","hp8903_b","Hp8903 B","Hewlett-Packard","UNKNOWN","","CST","0","T4_manual_review"
"community","hri","Generic High Resolution Imager","Open Source","VISA_SCPI","lantz/VISA","{} !RFGAIN","19","T2_visa_needs_rs232_idn"
"community","http_connection","type: string","","SERIAL","pyserial","","117","T1b_serial_probe_tbd"
"community","http_rule_pusher","type: string","","TCP","socket","","418","T3_network_needs_ext"
"community","http_task_pusher","type: string","","TCP","socket","","418","T3_network_needs_ext"
"community","h_pe3631a","Hewlett-Packard HP E3631A Triple Output Power Supply 鐢垫簮","Hewlett-Packard (Keysight)","UNKNOWN","","SOUR:VOLT?","9","T4_manual_review"
"community","i2c","Open Standard I2C","Open Standard","UNKNOWN","","","10","T4_manual_review"
"community","i7540d","I-7540D","ICP DAS","TCP","socket","","9","T3_network_needs_ext"
"community","ieee488","Open Standard IEEE 488 functions","Open Standard (IEEE 488)","VISA_SCPI","lantz/VISA","*IDN?","7","T2_visa_needs_rs232_idn"
"community","ieee4882_driver","Generic Ieee4882 Driver","Open Standard (IEEE 488.2)","VISA_SCPI","lantz/VISA","*IDN?","25","T2_visa_needs_rs232_idn"
"community","image_acquirer","Image Acquirer","Open Source","UNKNOWN","","","33","T4_manual_review"
"community","incubator_stx","incubator_stx","","TCP","socket","","7","T3_network_needs_ext"
"community","inheco_incubator_shaker_stack_backend","Inheco CPAC鍔犵儹鍜屽埗鍐锋ā鍧?","鐨曡但绉戝浠櫒锛堜笂娴凤級鏈夐檺鍏徃","SERIAL","pyserial","","70","T1b_serial_probe_tbd"
"community","inheco_incubator_shaker_unit","Inheco CPAC鍔犵儹鍜屽埗鍐锋ā鍧?","鐨曡但绉戝浠櫒锛堜笂娴凤級鏈夐檺鍏徃","SERIAL","pyserial","","68","T1b_serial_probe_tbd"
"community","inheco_tec_control_box","CPAC 鈥?Cold Plate Air Cooled Heater/Cooler","Inheco","UNKNOWN","","","5","T4_manual_review"
"community","innova300_c","Coherent Innova 300C 姘╃瀛愭縺鍏夊櫒 鍒嗘瀽浠櫒 婵€鍏夊櫒","Coherent Corp.","VISA_SCPI","lantz/VISA","PRINT {}","14","T2_visa_needs_rs232_idn"
"community","instrument_db","type: string","Open Source","TCP","socket","","34","T3_network_needs_ext"
"community","instrument_drivers__device","instrument_drivers__device","","TCP","socket","*IDN?","32","T3_network_needs_ext"
"community","instrument_drivers__scpi","type: string","","TCP","socket","*IDN?","185","T3_network_needs_ext"
"community","instru_socket","Instru Socket","Open Source","SERIAL","pyserial","","2","T1b_serial_probe_tbd"
"community","integer_id_rule","type: string","","TCP","socket","","418","T3_network_needs_ext"
"community","io_slave","io_slave","","SERIAL","pyserial","","5","T1b_serial_probe_tbd"
"community","io_slave_always_open","type: string","","SERIAL","pyserial","","418","T1b_serial_probe_tbd"
"community","ip_connection","type: string","","TCP","socket","","1210","T3_network_needs_ext"
"community","iq","IQ","Open Source","UNKNOWN","","<?xml version=\","8","T4_manual_review"
"community","iseg_hv","Iseg HV","ISEG Spezialelektronik","SERIAL","pyserial","","61","T1b_serial_probe_tbd"
"community","isotcp_connection","Generic Isotcp Connection","Open Standard","TCP","socket","","5","T3_network_needs_ext"
"community","it63_xx","It63 XX","ITECH Electronics","SERIAL","pyserial","*IDN?","7","T1_serial_probe_ready"
"community","it8500","ITECH IT8500+ 鍙紪绋嬬洿娴佺數瀛愯礋杞?","ITECH Electronics","VISA_SCPI","lantz/VISA","MEAS:VOLT:DC?","10","T2_visa_needs_rs232_idn"
"community","iv__combined__backend","Generic I-V Combined Measurement Backend 鍚庣鎺у埗鍣?","Open Source","VISA_SCPI","lantz/VISA","","5","T2_visa_needs_rs232_idn"
"community","ix2","Olympus IX2绯诲垪鍊掔疆鐮旂┒鏄惧井闀?","Evident","VISA_SCPI","lantz/VISA","1UNIT?","9","T2_visa_needs_rs232_idn"
"community","ixbx","Olympus IX/BX 绯诲垪鏄惧井闀?鍏夊鏄惧井闀?鏄惧井闀?","Olympus (Evident)","VISA_SCPI","lantz/VISA","1UNIT?","10","T2_visa_needs_rs232_idn"
"community","i_backend","I Backend","Open Source","UNKNOWN","","","25","T4_manual_review"
"community","i_chrome_mle","I Chrome MLE","TOPTICA Photonics","SERIAL","pyserial","","1","T1b_serial_probe_tbd"
"community","i_stream","I Stream","Open Source","SERIAL","pyserial","","3","T1b_serial_probe_tbd"
"community","ja_socket","JA Socket","Open Source","TCP","socket","*IDN?","7","T3_network_needs_ext"
"community","ja_visa","JA Visa","Open Source","VISA_SCPI","lantz/VISA","*IDN?","8","T2_visa_needs_rs232_idn"
"community","julabo1000_f","Discontinued products MAGIO MS-1000F","Julabo","UNKNOWN","","","15","T4_manual_review"
"community","julabo_f32_hd","Discontinued products F32-HL","Julabo","UNKNOWN","","","7","T4_manual_review"
"community","julabo_fp50","Discontinued products FP50-HL","Julabo","UNKNOWN","","","11","T4_manual_review"
"community","k2015","K2015","Keithley Instruments","SERIAL","pyserial","*IDN?","6","T1_serial_probe_ready"
"community","kaxxxxp","Korad KAxxxxP 鍙紪绋嬬洿娴佺數婧?瀹為獙璁惧 鐢垫簮","Korad Technology","VISA_SCPI","lantz/VISA","VOUT1?","9","T2_visa_needs_rs232_idn"
"community","keithley195","Keithley 195/195A System Digital Multimeter","Tektronix","UNKNOWN","","","5","T4_manual_review"
"community","keithley485","Keithley 485 Autoranging Picoammeter","Tektronix","UNKNOWN","","U0X","3","T4_manual_review"
"community","keithley580","Model 580 Micro-ohmmeter Specifications Rev. A","Tektronix","UNKNOWN","","","10","T4_manual_review"
"community","keithley6220","Keithley 6220 DC Precision Current Source","Tektronix","UNKNOWN","","","1","T4_manual_review"
"community","keithley6514","Keithley 6514 System Electrometer","Tektronix","UNKNOWN","","FETC?","3","T4_manual_review"
"community","keithley79996","Keithley Instruments & Products","Tektronix","UNKNOWN","","","0","T4_manual_review"
"community","kel10_x","KEL100 Series DC Electronic Load","KORAD","VISA_SCPI","lantz/VISA",":MEAS:VOLT?","11","T2_visa_needs_rs232_idn"
"community","keyboard_listener","Keyboard Listener","Open Source","SERIAL","pyserial","","4","T1b_serial_probe_tbd"
"community","keysight","Keysight 浠櫒閫氱敤鎺ュ彛 鍒嗘瀽浠櫒 Keysight","Keysight Technologies","VISA_SCPI","lantz/VISA","DISPlay:BOOKmark1:XPOSition?","44","T2_visa_needs_rs232_idn"
"community","keysight_dsox2024_a_wrapper","Keysight InfiniiVision DSOX2024A Digital Storage Oscilloscope","Keysight","UNKNOWN","",":WAV:PRE?","20","T4_manual_review"
"community","keysight_field_fox","Keysight FieldFox N9914A 鎵嬫寔寮廟F鍒嗘瀽浠?","Keysight","UNKNOWN","","SENS:SWE:POIN?","3","T4_manual_review"
"community","keysight_infinii_vision_x","Keysight Infinii Vision X","Keysight Technologies","VISA_SCPI","lantz/VISA","*IDN?","5","T2_visa_needs_rs232_idn"
"community","keysight_n90nn_b","'Expert Signal Analyzers: N9030B'","Keysight","UNKNOWN","",":INST:SEL?","3","T4_manual_review"
"community","kvaser_bus","Kvaser Bus","Kvaser","SERIAL","pyserial","","4","T1b_serial_probe_tbd"
"community","lakeshore336","Model 336 cryogenic temperature controller","Lake Shore","SERIAL","pyserial","","2","T1b_serial_probe_tbd"
"community","lakeshore340","Model 340 Cryogenic Temperature Controller","Lake Shore","UNKNOWN","","","2","T4_manual_review"
"community","lakeshore350","Model 350 cryogenic temperature controller","Lake Shore","VISA_SCPI","lantz/VISA","*IDN?","8","T2_visa_needs_rs232_idn"
"community","lakeshore370","Model 370 AC Resistance Bridge","Lake Shore","UNKNOWN","","","2","T4_manual_review"
"community","lambda103","PerkinElmer Lambda 103 绱-鍙鍒嗗厜鍏夊害璁?","PerkinElmer","VISA_SCPI","lantz/VISA","","7","T2_visa_needs_rs232_idn"
"community","laser_power_control","Laser Power Control","Open Source","VISA_SCPI","lantz/VISA","","7","T2_visa_needs_rs232_idn"
"community","lcc25","str","Thorlabs","UNKNOWN","","*IDN?","5","T4_manual_review"
"community","lcr__backend","Generic LCR Meter Measurement Backend 鍚庣鎺у埗鍣?","Open Source","VISA_SCPI","lantz/VISA","*IDN?","12","T2_visa_needs_rs232_idn"
"community","leoni_switch","National National Instruments Leoni Switch","National Instruments (NI)","TCP","socket","","6","T3_network_needs_ext"
"community","lib_ftdi","鑹剧珛鏈珹liben- LT.D00鍙板紡婵€鍏夎瀵煎嚮绌垮厜璋变华","鎴愰兘鑹剧珛鏈鎶€鏈夐檺鍏徃","SERIAL","pyserial","","36","T1b_serial_probe_tbd"
"community","light_crafter","type: string","","TCP","socket","","418","T3_network_needs_ext"
"community","liquid_classes","Generic Liquid Classes","Open Source","UNKNOWN","","","58","T4_manual_review"
"community","liquid_level","Tecan Tecan Group Liquid Level","Tecan Group","SERIAL","pyserial","","5","T1b_serial_probe_tbd"
"community","live_plot_client","type: string","Open Source","UNKNOWN","","","13","T4_manual_review"
"community","li_ha","Tecan Tecan LiHa Liquid Handling Arm","Tecan Group","UNKNOWN","","","59","T4_manual_review"
"community","lm","Thorlabs Laser Module 妯″潡 鍒嗘瀽浠櫒 婵€鍏夊櫒","Thorlabs","UNKNOWN","","rstli?","15","T4_manual_review"
"community","localisation_rule","type: string","","TCP","socket","","144","T3_network_needs_ext"
"community","local_client","Local Client","Open Source","UNKNOWN","","","4","T4_manual_review"
"community","local_web_controller","Local WEB Controller","Open Source","UNKNOWN","","","5","T4_manual_review"
"community","logged_pv","Logged PV","EPICS (Argonne National Lab)","UNKNOWN","","","8","T4_manual_review"
"community","logo","Siemens LOGO! PLC鎺у埗鍣?","Siemens","UNKNOWN","","","3","T4_manual_review"
"community","loopback_communicator","Generic Loopback Communicator","Open Source","UNKNOWN","","","9","T4_manual_review"
"community","lumiloop_ls_probe","Lumiloop LS Probe","Lumiloop GmbH","UNKNOWN","","","4","T4_manual_review"
"community","machine","Jubilee Jubilee Multi-Tool Motion Platform","Jubilee","SERIAL","pyserial","","38","T1b_serial_probe_tbd"
"community","maestro","Maestro","Pololu","SERIAL","pyserial","","6","T1b_serial_probe_tbd"
"community","marconi_instruments203_n","Marconi 2030/2031/203N 淇″彿鍙戠敓鍣?","Marconi Instruments","UNKNOWN","","*IDN?","2","T4_manual_review"
"community","masterflex_backend","'Masterflex&reg; B/T&reg; 鍙橀€熸皵鍔ㄦ车 '","鑹句竾鎷撶敓鍛界瀛?","SERIAL","pyserial","","7","T1b_serial_probe_tbd"
"community","masterflex_serial","Masterflex Serial","Cole-Parmer (Masterflex)","SERIAL","pyserial","","31","T1b_serial_probe_tbd"
"community","matchbox_laser","type: string","","SERIAL","pyserial","","418","T1b_serial_probe_tbd"
"community","mat_compatible_h5","type: string","KINEMATICA ASiA LIMITED","UNKNOWN","","","11","T4_manual_review"
"community","maui","Teledyne LeCroy MAUI Oscilloscope 绀烘尝鍣?","Teledyne LeCroy","VISA_SCPI","lantz/VISA","*IDN?","50","T2_visa_needs_rs232_idn"
"community","mc1","Qubitekk MC1 Motor Controller","Qubitekk","UNKNOWN","","POSI?","4","T4_manual_review"
"community","mc2000","type: string","","SERIAL","pyserial","","418","T1b_serial_probe_tbd"
"community","measurement","Generic Measurement Instrument Interface 鎺ュ彛妯″潡","Open Source","VISA_SCPI","lantz/VISA","*IDN?","47","T2_visa_needs_rs232_idn"
"community","mercury","Oxford Instruments Mercury iTC 浣庢俯娓╁害鎺у埗鍣?","Oxford Instruments","UNKNOWN","","","15","T4_manual_review"
"community","mercury_stepper","type: string","","SERIAL","pyserial","TMN?","418","T1_serial_probe_ready"
"community","message_based_driver","type: string","Open Source","VISA_SCPI","lantz/VISA","","12","T2_visa_needs_rs232_idn"
"community","message_server_interface","type: string","","TCP","socket","","1210","T3_network_needs_ext"
"community","message_visa_driver","Generic Message Visa Driver","National Instruments (VISA)","VISA_SCPI","lantz/VISA","","5","T2_visa_needs_rs232_idn"
"community","meter_care_lite","Meter Care Lite","Mettler Toledo","SERIAL","pyserial","","1","T1b_serial_probe_tbd"
"community","mfc","type: string","","SERIAL","pyserial","","66","T1b_serial_probe_tbd"
"community","mgt508","MGT508 14GB DRAM expansion","D-TACQ Solutions","TCP","socket","","2","T3_network_needs_ext"
"community","mgt_dram_pull_client","MGT Dram Pull Client","D-TACQ Solutions","TCP","socket","","0","T3_network_needs_ext"
"community","mhs5200","'wd5gnr/mhs5200a: Shell script and awk program (and spreadsheet) to allow","WattRex","UNKNOWN","","","8","T4_manual_review"
"community","mi6960","Marconi 6960B RF鍔熺巼璁?","Marconi Instruments","UNKNOWN","","?","1","T4_manual_review"
"community","microscope","type: string","Open Source","TCP","socket","","72","T3_network_needs_ext"
"community","micro_fpga","Micro Fpga","Open Hardware","UNKNOWN","","","40","T4_manual_review"
"community","mighty_mini","Mighty Mini","Mighty Mini (Open Source)","SERIAL","pyserial","","3","T1b_serial_probe_tbd"
"community","minipump","Generic Miniature Pump 娉?","Open Source","SERIAL","pyserial","","5","T1b_serial_probe_tbd"
"community","minitel","Minitel","France Telecom","SERIAL","pyserial","","24","T1b_serial_probe_tbd"
"community","mini_las_evo","SDL Atlas 鑷姩璧风悆璇勭骇绯荤粺","閿¤幈-浜氬お鎷夋柉鏈夐檺鍏徃 SDL Atlas Ltd.","VISA_SCPI","lantz/VISA","DM?","15","T2_visa_needs_rs232_idn"
"community","mi_wave5nn","MI Wave5nn","Mi-Wave","UNKNOWN","","","1","T4_manual_review"
"community","modbus_adu","Modbus ADU","Modbus (Open Standard)","SERIAL","pyserial","","12","T1b_serial_probe_tbd"
"community","modbus_adu_cs","Modbus ADU CS","Modbus (Open Standard)","SERIAL","pyserial","","6","T1b_serial_probe_tbd"
"community","modbus_client","Modbus Client","Modbus (Open Standard)","MODBUS","modbus","","27","T2m_modbus_probeable"
"community","modbus_serial_client","Modbus Serial Client","Modbus (Open Standard)","SERIAL","pyserial","","13","T1b_serial_probe_tbd"
"community","modbus_serial_worker","Modbus Serial Worker","Modbus (Open Standard)","SERIAL","pyserial","","2","T1b_serial_probe_tbd"
"community","modbus_server","Modbus Server","Modbus (Open Standard)","MODBUS","modbus","","17","T2m_modbus_probeable"
"community","modbus_tcp_client","Modbus TCP Client","Modbus (Open Standard)","SERIAL","pyserial","","0","T1b_serial_probe_tbd"
"community","molecular_devices_backend","Molecular Molecular Devices Instrument","Molecular Devices","SERIAL","pyserial","","19","T1b_serial_probe_tbd"
"community","motor_control","Motor Control","Open Source","VISA_SCPI","lantz/VISA","","11","T2_visa_needs_rs232_idn"
"community","mp285","MP-285 Motorized Micromanipulator","Sutter Instrument","SERIAL","pyserial","","15","T1b_serial_probe_tbd"
"community","mp71025_x","Generic MP71025-X Motion Controller 杩愬姩鎺у埗鍣?","Multicomp Pro","VISA_SCPI","lantz/VISA","VOUT?","9","T2_visa_needs_rs232_idn"
"community","mpbcw_laser","type: string","","SERIAL","pyserial","","418","T1b_serial_probe_tbd"
"community","mpi_sentio_prober","type: string","","TCP","socket","*RCS?","1210","T3_network_needs_ext"
"community","mqtt_client","Mqtt Client","Open Standard (MQTT)","TCP","socket","","20","T3_network_needs_ext"
"community","mso5k","Mso5k","RIGOL Technologies","UNKNOWN","","*IDN?","19","T4_manual_review"
"community","msox","Keysight MSOX Series Mixed Signal Oscilloscope 绀烘尝鍣?","Keysight Technologies","VISA_SCPI","lantz/VISA","","1","T2_visa_needs_rs232_idn"
"community","msox3000","Keysight InfiniiVision MSOX3000 X-Series Mixed Signal Oscilloscope","Keysight","VISA_SCPI","lantz/VISA","MEASure:RESults?","41","T2_visa_needs_rs232_idn"
"community","mstp_director","Generic Mstp Director","Open Standard (BACnet)","SERIAL","pyserial","","17","T1b_serial_probe_tbd"
"community","mstp_multiplexer","Generic Mstp Multiplexer","Open Standard (BACnet)","SERIAL","pyserial","","17","T1b_serial_probe_tbd"
"community","mtsics","String","Mettler-Toledo","UNKNOWN","","TAC","12","T4_manual_review"
"community","multi_mca_detector","Generic Multi-Channel Analyzer (MCA) Detector 鎺㈡祴鍣?","Generic (EPICS)","UNKNOWN","","","30","T4_manual_review"
"community","multi_rate_cyclic_send_task","Multi Rate Cyclic Send Task","Open Source","TCP","socket","","0","T3_network_needs_ext"
"community","multi_xmap","XIA XMAP 澶氬厓绱犳帰娴嬪櫒 X灏勭嚎琛嶅皠浠?鎺㈡祴鍣?","XIA LLC","UNKNOWN","","","43","T4_manual_review"
"community","mxr","Keysight MXR Series Real-Time Oscilloscope 绀烘尝鍣?","Keysight Technologies","VISA_SCPI","lantz/VISA","","2","T2_visa_needs_rs232_idn"
"community","mx_rxx4_a","Infiniium MXR-Series","Keysight","VISA_SCPI","lantz/VISA","","2","T2_visa_needs_rs232_idn"
"community","mx_rxx8_a","Infiniium MXR-Series","Keysight","VISA_SCPI","lantz/VISA","","2","T2_visa_needs_rs232_idn"
"community","mx_valve","type: string","IDEX Health & Science","SERIAL","pyserial","","8","T1b_serial_probe_tbd"
"community","n8700","Advanced ATE System Power Supplies","Keysight","VISA_SCPI","lantz/VISA","MEAS:VOLT?","10","T2_visa_needs_rs232_idn"
"community","n9020b","'Essential Signal Analyzers: N9020B'","Keysight","VISA_SCPI","lantz/VISA","","29","T2_visa_needs_rs232_idn"
"community","nanocom","Nanocom","Nanocom","UNKNOWN","","","6","T4_manual_review"
"community","nanonis_tcp","Nanonis TCP","Specs Zurich (Nanonis)","TCP","socket","","15","T3_network_needs_ext"
"community","nano_scan","NanoScan鈩?2s Si/3.5/1.8 Silicon Scanning 1.8 碌m Slit Beam Profiler","Ophir","SERIAL","pyserial","","21","T1b_serial_probe_tbd"
"community","nano_scan_z","Prior Scientific Nano Scan Z","Prior Scientific","VISA_SCPI","lantz/VISA","BAUD","15","T2_visa_needs_rs232_idn"
"community","narda601","EMF Monitors","Narda Safety Test Solutions","SERIAL","pyserial","","6","T1b_serial_probe_tbd"
"community","native_pin","type: string","Pine Research","UNKNOWN","","","11","T4_manual_review"
"community","netclient","Netclient","Open Source","TCP","socket","","7","T3_network_needs_ext"
"community","newport","Newport","Newport Corporation","UNKNOWN","","","3","T4_manual_review"
"community","newport2832c","Newport 2832-C Dual-Channel Optical Power Meter","Newport","VISA_SCPI","lantz/VISA","ECHO?","25","T2_visa_needs_rs232_idn"
"community","newport_esp301","Newport ESP301 杩愬姩鎺у埗鍣?","Newport Corporation","UNKNOWN","","TB?","57","T4_manual_review"
"community","newport_xps","default","Newport Corporation","TCP","socket","","49","T3_network_needs_ext"
"community","new_10","Hamilton Microlab STAR 鍏ㄨ嚜鍔ㄧЩ娑插伐浣滅珯","Hamilton","UNKNOWN","","","10","T4_manual_review"
"community","new_2","PepSy 寮€婧愯嚜鍔ㄥ寲澶氳偨鍚堟垚浠?","PepSy (Open Source)","SERIAL","pyserial","","0","T1b_serial_probe_tbd"
"community","new_4","MBraun LABmaster 鎯版€ф皵浣撴墜濂楃宸ヤ綔绔?","MBRAUN","SERIAL","pyserial","","10","T1b_serial_probe_tbd"
"community","new_5","IKA RET control-visc 鍔犵儹纾佸姏鎼呮媽鍣?","IKA","SERIAL","pyserial","","1","T1b_serial_probe_tbd"
"community","new_8","Knauer AZURA GPC/SEC 鍑濊兌娓楅€忚壊璋辩郴缁?","Knauer","UNKNOWN","","V?","7","T4_manual_review"
"community","new_scale_mpm","NEW Scale MPM","New Scale Technologies","UNKNOWN","","","6","T4_manual_review"
"community","next_gen_pump","next_gen_pump","","SERIAL","pyserial","","17","T1b_serial_probe_tbd"
"community","ni_do_device","National National Instruments Ni Do Device","National Instruments (NI)","UNKNOWN","","","4","T4_manual_review"
"community","ni_do_hw","National National Instruments Ni Do Hw","National Instruments (NI)","UNKNOWN","","","5","T4_manual_review"
"community","ni_xne_tcan_bus","NI-XNET CAN鎬荤嚎","National Instruments","SERIAL","pyserial","","3","T1b_serial_probe_tbd"
"community","nobo","type: string","Glen Dimplex","TCP","socket","","40","T3_network_needs_ext"
"community","node_server","type: string","","TCP","socket","","418","T3_network_needs_ext"
"community","obis_laser","Obis Laser","Coherent (OBIS)","SERIAL","pyserial","","6","T1b_serial_probe_tbd"
"community","ocean_device","Ocean Insight 鍏夌氦鍏夎氨浠?鍒嗘瀽浠櫒 鍏夎氨浠?","Ocean Insight (Ocean Optics)","UNKNOWN","","","3","T4_manual_review"
"community","oi_spectrometer","OI Spectrometer","Ocean Insight","UNKNOWN","","","16","T4_manual_review"
"community","olympus_ix81_halogen_lamp","type: string","","SERIAL","pyserial","","418","T1b_serial_probe_tbd"
"community","online_display","online_display","","UNKNOWN","","","4","T4_manual_review"
"community","opentrons_temperature_module_usb_backend","Opentrons Temperature Module Usb Backend 鍚庣妯″潡 娓╂帶璁惧 鍚庣鎺у埗鍣?","Opentrons","SERIAL","pyserial","","6","T1b_serial_probe_tbd"
"community","opentrons_thermocycler_usb_backend","Opentrons Thermocycler Usb Backend 鍚庣妯″潡 PCR浠?鍚庣鎺у埗鍣?","Opentrons","SERIAL","pyserial","","25","T1b_serial_probe_tbd"
"community","open_bci_board","OpenBCI Brain-Computer Interface Board 鎺у埗鏉?鍒嗘瀽浠櫒 鎺ュ彛妯″潡","OpenBCI","SERIAL","pyserial","","20","T1b_serial_probe_tbd"
"community","open_flexure_stage","OpenFlexure Nano Motor Stage 鐢垫満 鑷姩鍖栬澶?浣嶇Щ鍙?","OpenFlexure","SERIAL","pyserial","light_sensor_gain?","14","T1_serial_probe_ready"
"community","open_plc_role_ruleset","Generic Open Plc Role Ruleset PLC鎺у埗鍣?","OpenPLC Project","TCP","socket","","9","T3_network_needs_ext"
"community","oscilloscope","Generic Oscilloscope 绀烘尝鍣?","Open Source","VISA_SCPI","lantz/VISA","","11","T2_visa_needs_rs232_idn"
"community","oscilloscope_device","Oscilloscope Device","Open Source","SERIAL","pyserial","WFMPRE:XINCR?\n","14","T1_serial_probe_ready"
"community","owis","OWIS 绮惧瘑浣嶇Щ鍙?鑷姩鍖栬澶?浣嶇Щ鍙?","OWIS GmbH","SERIAL","pyserial","","6","T1b_serial_probe_tbd"
"community","oxford_itc503","Oxford Instruments ITC503 Intelligent Temperature Controller","Oxford Instruments","UNKNOWN","","","2","T4_manual_review"
"community","oxxius_controller","Oxxius 婵€鍏夊櫒鎺у埗鍣?鍒嗘瀽浠櫒 鎺у埗鍣?","Oxxius SA","SERIAL","pyserial","","27","T1b_serial_probe_tbd"
"community","o_scope","type: string","Open Source","UNKNOWN","","*IDN?","18","T4_manual_review"
"community","partner","Generic Partner","Open Source","TCP","socket","","21","T3_network_needs_ext"
"community","pcan_basic","PEAK PCAN CAN鎬荤嚎閫傞厤鍣?","PEAK-System Technik","SERIAL","pyserial","","14","T1b_serial_probe_tbd"
"community","pcan_bus","Pcan BUS","PEAK-System Technik","SERIAL","pyserial","","14","T1b_serial_probe_tbd"
"community","persistent_object","type: string","Open Source","UNKNOWN","","","64","T4_manual_review"
"community","persistent_property","Persistent Property","Open Source","UNKNOWN","","","7","T4_manual_review"
"community","petite_fleur_chiller","type: string","","SERIAL","pyserial","","117","T1b_serial_probe_tbd"
"community","pfeiffer_rs485_serial","Pfeiffer Rs485 Serial","Pfeiffer Vacuum","SERIAL","pyserial","","3","T1b_serial_probe_tbd"
"community","phd2000","Phd2000","Harvard Apparatus","SERIAL","pyserial","","2","T1b_serial_probe_tbd"
"community","phoxx_laser","type: string","","SERIAL","pyserial","LOn","19","T1_serial_probe_ready"
"community","pica_launcher_app","G2301 Gas Concentration Analyzer","Picarro, Inc.","VISA_SCPI","lantz/VISA","","13","T2_visa_needs_rs232_idn"
"community","picomotor_stage","Newport Picomotor Piezo Stage 鐢垫満 鑷姩鍖栬澶?浣嶇Щ鍙?","Newport (MKS)","UNKNOWN","","*IDN?","7","T4_manual_review"
"community","picosecond_delayer","picosecond_delayer","","SERIAL","pyserial","","21","T1b_serial_probe_tbd"
"community","pico_motor_controller8742","鍗曞厜瀛愯鏁板櫒锛圱CSPC锛夊痉鍥絧icoquant","姝︽眽涓滈殕绉戞妧鏈夐檺鍏徃","SERIAL","pyserial","*IDN?","34","T1_serial_probe_ready"
"community","piezo_c867","piezo_c867","","SERIAL","pyserial","*IDN?","15","T1_serial_probe_ready"
"community","piezo_c867_t","piezo_c867_t","","SERIAL","pyserial","*IDN?","35","T1_serial_probe_ready"
"community","piezo_channel","Piezo Channel 鍘嬬數閫氶亾鎺у埗鍣?","Thorlabs","UNKNOWN","","","31","T4_manual_review"
"community","piezo_e255","type: string","","SERIAL","pyserial","","33","T1b_serial_probe_tbd"
"community","piezo_e662","type: string","","SERIAL","pyserial","POS?\n","418","T1_serial_probe_ready"
"community","piezo_e709","type: string","","SERIAL","pyserial","*IDN?","33","T1_serial_probe_ready"
"community","piezo_e709_t","piezo_e709_t","","SERIAL","pyserial","*IDN?","35","T1_serial_probe_ready"
"community","piezo_e816","type: string","","SERIAL","pyserial","POS? A\n","418","T1_serial_probe_ready"
"community","piezo_e816b","type: string","","SERIAL","pyserial","POS? A\n","418","T1_serial_probe_ready"
"community","piezo_e816_t","type: string","","SERIAL","pyserial","*IDN?","418","T1_serial_probe_ready"
"community","pipette_controller","type: string","","SERIAL","pyserial","","163","T1b_serial_probe_tbd"
"community","pi_gpio_factory","Physik Physik Instrumente Pi Gpio Factory","Physik Instrumente (PI)","UNKNOWN","","","9","T4_manual_review"
"community","pi_gpio_hardware_spi","nGauge 鍘熷瓙鍔涙樉寰暅锛圓FM锛夛綔鑺墖寮廇FM锝滅撼绫宠〃闈㈠舰璨屽垎鏋愪华锝淚CSPI渚挎惡寮忓師瀛愬姏鏄惧井闀?","澶嶇撼绉戝浠櫒锛堜笂娴凤級鏈夐檺鍏徃","UNKNOWN","","","9","T4_manual_review"
"community","pi_gpio_software_spi","nGauge 鍘熷瓙鍔涙樉寰暅锛圓FM锛夛綔鑺墖寮廇FM锝滅撼绫宠〃闈㈠舰璨屽垎鏋愪华锝淚CSPI渚挎惡寮忓師瀛愬姏鏄惧井闀?","澶嶇撼绉戝浠櫒锛堜笂娴凤級鏈夐檺鍏徃","UNKNOWN","","","9","T4_manual_review"
"community","plc","Generic Programmable Logic Controller 鎺у埗鍣?","Open Source","UNKNOWN","","","14","T4_manual_review"
"community","pm100_usb","Thorlabs PM100USB Power and Energy Meter Interface","Thorlabs","UNKNOWN","","SYST:SENSOR:IDN?","1","T4_manual_review"
"community","port","Communication Port 閫氱敤閫氫俊绔彛","Open Standard","SERIAL","pyserial","","8","T1b_serial_probe_tbd"
"community","port_reader","Port Reader","Open Source","SERIAL","pyserial","","5","T1b_serial_probe_tbd"
"community","powermeter1830c","Newport 1830-C 鍏夊姛鐜囪 鍒嗘瀽浠櫒 鍔熺巼璁?","Newport Corporation","VISA_SCPI","lantz/VISA","A?","17","T2_visa_needs_rs232_idn"
"community","power_meter1830c","Newport 1830-C Optical Power Meter","Newport","VISA_SCPI","lantz/VISA","A?","14","T2_visa_needs_rs232_idn"
"community","power_supply_device","Generic Programmable Power Supply 鐢垫簮","Open Source","VISA_SCPI","lantz/VISA","*IDN?","1","T2_visa_needs_rs232_idn"
"community","pressure_trans","type: string","","SERIAL","pyserial","","460","T1b_serial_probe_tbd"
"community","prior","Prior","Prior Scientific","SERIAL","pyserial","","9","T1b_serial_probe_tbd"
"community","priorarclampshutter","type: string","","SERIAL","pyserial","","4","T1b_serial_probe_tbd"
"community","prior_lumen","type: string","","SERIAL","pyserial","","33","T1b_serial_probe_tbd"
"community","proplc","Generic Process Control PLC PLC鎺у埗鍣?","Open Source","UNKNOWN","","","5","T4_manual_review"
"community","proxy","type: string","","UNKNOWN","","","1210","T4_manual_review"
"community","pro_scan_iii","PRO Scan III","Prior Scientific","SERIAL","pyserial","","1","T1b_serial_probe_tbd"
"community","psc_eth","String","Pfeiffer Vacuum","TCP","socket","*IDN?","12","T3_network_needs_ext"
"community","pseudoclock","default: null","Open Source","UNKNOWN","","","13","T4_manual_review"
"community","ptc","type: string","Tecan Group","SERIAL","pyserial","","19","T1b_serial_probe_tbd"
"community","pump","Pump","Open Source","SERIAL","pyserial","","9","T1b_serial_probe_tbd"
"community","put_ftp","PUT FTP","Open Standard (FTP)","TCP","socket","","2","T3_network_needs_ext"
"community","pv_logger","PV Logger","EPICS (Argonne National Lab)","UNKNOWN","","","9","T4_manual_review"
"community","pwm_steering","PWM Steering","Open Source","SERIAL","pyserial","","4","T1b_serial_probe_tbd"
"community","pwm_throttle","PWM Throttle","Open Source","SERIAL","pyserial","","4","T1b_serial_probe_tbd"
"community","pylontech","Pylontech","Pylontech","SERIAL","pyserial","","12","T1b_serial_probe_tbd"
"community","pylontech_rs485","Pylontech Rs485","Pylontech","SERIAL","pyserial","","7","T1b_serial_probe_tbd"
"community","pylon_com","Pylon COM","Basler AG","SERIAL","pyserial","","2","T1b_serial_probe_tbd"
"community","pyroelectric_backend","Generic Pyroelectric Measurement Backend 鍚庣鎺у埗鍣?","Open Source","VISA_SCPI","lantz/VISA","*IDN?","15","T2_visa_needs_rs232_idn"
"community","pyro_io","type: string","","SERIAL","pyserial","","46","T1b_serial_probe_tbd"
"community","python_microscopy__streamer","python_microscopy__streamer","","TCP","socket","","13","T3_network_needs_ext"
"community","py_opticon_socket_client","Generic Py Opticon Socket Client","Open Source","TCP","socket","","6","T3_network_needs_ext"
"community","py_spec_client","type: string","Open Source","UNKNOWN","","","9","T4_manual_review"
"community","qcc","QuTech QCC 涓ぎ鎺у埗鍣?鍒嗘瀽浠櫒 鎺у埗鍣?","QuTech","UNKNOWN","","*IDN?","11","T4_manual_review"
"community","qu_tech_awg__module","type: string","QuTech","UNKNOWN","","wlist:name? %d","22","T4_manual_review"
"community","qu_tech__control_box","'mtiggelman/SPI-rack: Python drivers for the QuTech SPI-rack'","WattRex","UNKNOWN","","","28","T4_manual_review"
"community","qu_tech__duplexer","type: string","QuTech","TCP","socket","","7","T3_network_needs_ext"
"community","qwg","default: null","QuTech","UNKNOWN","","","3","T4_manual_review"
"community","qwg_core","type: string","缁存牴鎶€鏈紙鍖椾含锛夋湁闄愬叕鍙革紙WIGGENS锛?","UNKNOWN","","AWGC:RMO?","52","T4_manual_review"
"community","qxafs__scan","EPICS Quick XAFS Scan Controller 鎺у埗鍣?","EPICS / Synchrotron","UNKNOWN","","","8","T4_manual_review"
"community","qx_client","type: string","QuTech","TCP","socket","","12","T3_network_needs_ext"
"community","q_dac2","type: string","QDevil","VISA_SCPI","lantz/VISA","syst:err:all?","80","T2_visa_needs_rs232_idn"
"community","racal1992","Racal 1992 閫氱敤璁℃暟鍣?","Fluke","UNKNOWN","","T2","4","T4_manual_review"
"community","rail","rail","","TCP","socket","","14","T3_network_needs_ext"
"community","raw2_disk","RAW2 Disk","Open Source","UNKNOWN","","","3","T4_manual_review"
"community","raw_broadcast_udp_client","Generic Raw Broadcast Udp Client","Open Standard","TCP","socket","","38","T3_network_needs_ext"
"community","raw_client","RAW Client","Open Source","TCP","socket","","2","T3_network_needs_ext"
"community","ra_scmu200_audio","R&S CMU200","Rohde & Schwarz","UNKNOWN","","SOURce:AFGenerator:PRIMary:LEVel?","1","T4_manual_review"
"community","reader","Reader","Open Source","UNKNOWN","","","6","T4_manual_review"
"community","real_usb_device","Wasatch Photonics USB鍏夎氨浠?鍒嗘瀽浠櫒 鍏夎氨浠?","Wasatch Photonics","UNKNOWN","","","9","T4_manual_review"
"community","recipe_pusher","recipe_pusher","","TCP","socket","","1","T3_network_needs_ext"
"community","recipe_rule","type: string","","TCP","socket","","418","T3_network_needs_ext"
"community","recorder","default: null","Metrohm Autolab","UNKNOWN","","","10","T4_manual_review"
"community","register_interface","Register Interface","Open Source","SERIAL","pyserial","","4","T1b_serial_probe_tbd"
"community","remote_microscope","type: string","Open Source","TCP","socket","","73","T3_network_needs_ext"
"community","resources","Generic Resources","Open Source","UNKNOWN","","","3","T4_manual_review"
"community","rest_pi_camera","Rest PI Camera","Raspberry Pi Foundation","TCP","socket","","12","T3_network_needs_ext"
"community","ric","Acrichi PTC-86鍏ㄨ嚜鍔ㄥ浐娑蹭竴浣撳惞鎵崟闆嗕华","鍖椾含鑱氳姱杩介绉戞妧鏈夐檺鍏徃","SERIAL","pyserial","","9","T1b_serial_probe_tbd"
"community","rigol","RIGOL Rigol","RIGOL Technologies","VISA_SCPI","lantz/VISA","DISPlay:BOOKmark1:XPOSition?","44","T2_visa_needs_rs232_idn"
"community","rigol1054z","RIGOL DS1054Z 50MHz 4-Channel Digital Oscilloscope","Rigol","UNKNOWN","","*IDN?","20","T4_manual_review"
"community","rigol_ds1000_series","DS1000Z-E","Rigol","UNKNOWN","",":ACQ:AVER?","4","T4_manual_review"
"community","rigol_ds4043","DHO4000","Rigol","VISA_SCPI","lantz/VISA","TIM:OFFS?","2","T2_visa_needs_rs232_idn"
"community","rigol_dsa800_wrapper","DSA800","Rigol","UNKNOWN","","*OPC?","30","T4_manual_review"
"community","robotell_bus","Robotell BUS","Robotell","SERIAL","pyserial","","10","T1b_serial_probe_tbd"
"community","robotiq_gripper","Robotiq 鏈哄櫒浜哄す鐖?鏈烘鑷?澶圭埅","Robotiq Inc.","TCP","socket","","14","T3_network_needs_ext"
"community","robo_hat_controller","Robotics Masters Robo Hat","Robotics Masters","SERIAL","pyserial","","5","T1b_serial_probe_tbd"
"community","robo_hat_driver","Robotics Masters Robo Hat","Robotics Masters","SERIAL","pyserial","","6","T1b_serial_probe_tbd"
"community","rohde_schwarz_nrvs","Rohde Schwarz Nrvs","Rohde & Schwarz","UNKNOWN","","ZV","5","T4_manual_review"
"community","rohde_schwarz_shm52","Test and measurement","Rohde & Schwarz","UNKNOWN","","RF?","3","T4_manual_review"
"community","rotary_encoder","Rotary Encoder","Open Source","SERIAL","pyserial","","3","T1b_serial_probe_tbd"
"community","routable","Routable","Open Source","SERIAL","pyserial","","8","T1b_serial_probe_tbd"
"community","rp_lidar","RP Lidar","SLAMTEC","SERIAL","pyserial","","3","T1b_serial_probe_tbd"
"community","rp_lidar2","RP Lidar2","SLAMTEC","SERIAL","pyserial","","5","T1b_serial_probe_tbd"
"community","rs_hmp4040","R&S庐HMP4000 Power supply series","Rohde & Schwarz","UNKNOWN","","*IDN?","16","T4_manual_review"
"community","rs_instrument","Rohde & Schwarz 閫氱敤浠櫒鎺ュ彛","String","VISA_SCPI","lantz/VISA","*IDN?","104","T2_visa_needs_rs232_idn"
"community","rtde","Universal Real-Time Data Exchange Protocol","Universal Robots","SERIAL","pyserial","","13","T1b_serial_probe_tbd"
"community","rto1024_scope","R&amp;S庐RTO2000 oscilloscope","Rohde & Schwarz","UNKNOWN","","STOP;*OPC?","2","T4_manual_review"
"community","rto_scope","Rohde R&S RTO Series Real-Time Oscilloscope 绀烘尝鍣?","Rohde & Schwarz","VISA_SCPI","lantz/VISA","*IDN?","49","T2_visa_needs_rs232_idn"
"community","rt__backend__active","Generic RT Measurement Backend (Active) 鍚庣鎺у埗鍣?","Open Source","VISA_SCPI","lantz/VISA","*IDN?","14","T2_visa_needs_rs232_idn"
"community","rt__backend__passive","Generic RT Measurement Backend (Passive) 鍚庣鎺у埗鍣?","Open Source","VISA_SCPI","lantz/VISA","*IDN?","10","T2_visa_needs_rs232_idn"
"community","rule","type: string","","TCP","socket","","144","T3_network_needs_ext"
"community","rule_server","rule_server","","TCP","socket","","9","T3_network_needs_ext"
"community","r_py_lidar","Slamtec RPLiDAR Laser Range Scanner 鎵弿浠?","Slamtec","SERIAL","pyserial","","24","T1b_serial_probe_tbd"
"community","safe_buffer_access","B.safe 楂樻晥娑茬浉鑹茶氨锛圚PLC锛夋憾鍓備緵搴斿瑁?","涓婃捣楠婅憜绉戝浠櫒鏈夐檺鍏徃","MODBUS","modbus","","46","T2m_modbus_probeable"
"community","sc10","str","Thorlabs","UNKNOWN","","id?","4","T4_manual_review"
"community","scanner_interface","Scanner Interface","Open Source","SERIAL","pyserial","","2","T1b_serial_probe_tbd"
"community","scan_file","default: null","鑱氭摌鍥介檯璐告槗锛堜笂娴凤級鏈夐檺鍏徃","UNKNOWN","","","14","T4_manual_review"
"community","scene","Scene","Open Source","UNKNOWN","","","16","T4_manual_review"
"community","scientifica_control_thread","type: string","Scientifica","UNKNOWN","","","11","T4_manual_review"
"community","scpi","default: null","Open Standard (SCPI)","TCP","socket","*IDN?","22","T3_network_needs_ext"
"community","scpi_device","scpi_device","","UNKNOWN","","*IDN?","85","T4_manual_review"
"community","scpi_device_searcher","scpi_device_searcher","","SERIAL","pyserial","*IDN?","8","T1_serial_probe_ready"
"community","scpi_functional","Physik Physik Instrumente Scpi Functional","Physik Instrumente (PI)","SERIAL","pyserial","","17","T1b_serial_probe_tbd"
"community","scpi_function_generator","Physik Instrumente Scpi Function Generator 浠櫒 鍒嗘瀽浠櫒 鍑芥暟淇″彿鍙戠敓鍣?","Physik Instrumente (PI)","TCP","socket","VOLT:UNIT?","4","T3_network_needs_ext"
"community","scpi_multimeter","Physik Instrumente Scpi Multimeter 浠櫒 鍒嗘瀽浠櫒 涓囩敤琛?","Physik Instrumente (PI)","TCP","socket","CONF?","11","T3_network_needs_ext"
"community","scpi__instrument","Scpi Instrument","Open Standard (SCPI)","VISA_SCPI","lantz/VISA","*IDN?","15","T2_visa_needs_rs232_idn"
"community","sdk_wrapper","type: string","","SERIAL","pyserial","","241","T1b_serial_probe_tbd"
"community","sdm630","Sdm630","Eastron","MODBUS","modbus","","1","T2m_modbus_probeable"
"community","seeed_bus","Seeed Studio Seeed Bus","Seeed Studio","SERIAL","pyserial","","6","T1b_serial_probe_tbd"
"community","seekable","Seekable","Open Source","UNKNOWN","","","10","T4_manual_review"
"community","sensirion_ekh4","Sensirion","Sensirion AG","UNKNOWN","","","4","T4_manual_review"
"community","sensirion_sensor_bridge","Sensirion AG Sensirion Sensor Bridge","Sensirion AG","SERIAL","pyserial","","7","T1b_serial_probe_tbd"
"community","sensirion_sht85","SHT85 - 卤1.5% Digital pin-type humidity and temperature sensor","Sensirion AG","UNKNOWN","","","14","T4_manual_review"
"community","sensor_polling_thread","Sensor Polling Thread","Open Source","UNKNOWN","","","6","T4_manual_review"
"community","seq_gen","FPGA Sequencer Generator","Open Source","UNKNOWN","","","14","T4_manual_review"
"community","serial","Serial","Open Standard","SERIAL","pyserial","","5","T1b_serial_probe_tbd"
"community","serial_bus","Open Standard Serial Bus","Open Standard","SERIAL","pyserial","","3","T1b_serial_probe_tbd"
"community","serial_client","Serial Client","Open Standard","SERIAL","pyserial","","1","T1b_serial_probe_tbd"
"community","serial_command_interface","type: string","","SERIAL","pyserial","","233","T1b_serial_probe_tbd"
"community","serial_connection","type: string","","SERIAL","pyserial","","117","T1b_serial_probe_tbd"
"community","serial_controller","Open Standard Serial","Open Standard","SERIAL","pyserial","","3","T1b_serial_probe_tbd"
"community","serial_data_interface","serial_data_interface","","SERIAL","pyserial","","2","T1b_serial_probe_tbd"
"community","serial_device","Serial Device","Open Standard","SERIAL","pyserial","","12","T1b_serial_probe_tbd"
"community","serial_driver","Generic Serial Driver 涓插彛璁惧","Open Standard","VISA_SCPI","lantz/VISA","","5","T2_visa_needs_rs232_idn"
"community","serial_interface","type: string","","SERIAL","pyserial","","233","T1b_serial_probe_tbd"
"community","serial_line_reader","Serial Line Reader","Open Standard","SERIAL","pyserial","","5","T1b_serial_probe_tbd"
"community","serial_port","Serial Port","Open Standard","SERIAL","pyserial","","10","T1b_serial_probe_tbd"
"community","serial_to_i2_c","Open Standard Serial To I2 C","Open Standard","UNKNOWN","","","5","T4_manual_review"
"community","serial_visa_driver","Generic Serial Visa Driver 涓插彛璁惧","National Instruments (VISA)","VISA_SCPI","lantz/VISA","","5","T2_visa_needs_rs232_idn"
"community","servo_blaster","Servo Blaster","Servo Blaster (Open Source)","SERIAL","pyserial","","3","T1b_serial_probe_tbd"
"community","servo_fiber_shaker","type: string","","SERIAL","pyserial","","418","T1b_serial_probe_tbd"
"community","sftp_wrapper","Newport Corporation Sftp Wrapper 椹卞姩灏佽 鑷姩鍖栬澶?椹卞姩灏佽","Newport Corporation (MKS)","UNKNOWN","","","7","T4_manual_review"
"community","shared_serial","Shared Serial","Open Standard","SERIAL","pyserial","","5","T1b_serial_probe_tbd"
"community","shutter","default: null","Open Source","UNKNOWN","","","40","T4_manual_review"
"community","siteclient","type: string","D-TACQ Solutions","TCP","socket","","6","T3_network_needs_ext"
"community","si_tcp","Open Standard SiTcp transport layer.transport","Open Standard","TCP","socket","","6","T3_network_needs_ext"
"community","si_uart","SI Uart","Open Standard","SERIAL","pyserial","","4","T1b_serial_probe_tbd"
"community","slave_serial_worker","Slave Serial Worker","Open Standard","SERIAL","pyserial","","2","T1b_serial_probe_tbd"
"community","slcan_bus","Slcan BUS","Open Standard (SLCAN)","SERIAL","pyserial","","10","T1b_serial_probe_tbd"
"community","slew__scan","EPICS Slew Scan Controller 鎺у埗鍣?","EPICS / Synchrotron","UNKNOWN","","","8","T4_manual_review"
"community","slew__scan1_d","EPICS Slew Scan 1D Controller 鎺у埗鍣?","EPICS / Synchrotron","UNKNOWN","","","6","T4_manual_review"
"community","socket","Socket","Open Standard","TCP","socket","","5","T3_network_needs_ext"
"community","socketcan_bus","Socketcan BUS","Open Standard (SocketCAN)","TCP","socket","","3","T3_network_needs_ext"
"community","socket_can_daemon_bus","Open Standard Socket Can Bus","Open Standard","TCP","socket","","2","T3_network_needs_ext"
"community","socket_communicator","Generic Socket Communicator","Open Standard","TCP","socket","","9","T3_network_needs_ext"
"community","source_ac","Source AC","Open Source","UNKNOWN","","","4","T4_manual_review"
"community","spd1000","SPD1168X","Siglent","VISA_SCPI","lantz/VISA","CURR?","13","T2_visa_needs_rs232_idn"
"community","spectra_iii_light_engine","Spectra III Light Engine","Lumencor","SERIAL","pyserial","","1","T1b_serial_probe_tbd"
"community","spectrometer","No Spectrometer Connected","Open Source","UNKNOWN","","","6","T4_manual_review"
"community","spi","SPI","Open Standard","UNKNOWN","","","16","T4_manual_review"
"community","spidr_controller","Spidr Controller","Nikhef","TCP","socket","","74","T3_network_needs_ext"
"community","spi_device","type: string","澶嶇撼绉戝浠櫒锛堜笂娴凤級鏈夐檺鍏徃","SERIAL","pyserial","","21","T1b_serial_probe_tbd"
"community","spool_local_localization_rule","spool_local_localization_rule","","TCP","socket","","1","T3_network_needs_ext"
"community","sr830","Lock In Amplifier - SR830","Stanford Research Systems","VISA_SCPI","lantz/VISA","PHAS?","44","T2_visa_needs_rs232_idn"
"community","sr830_gpib","Stanford SRS SR830 Lock-In Amplifier (GPIB) 閿佺浉鏀惧ぇ鍣?","Stanford Research Systems","VISA_SCPI","lantz/VISA","PHAS?","56","T2_visa_needs_rs232_idn"
"community","sr830_serial","Stanford SRS SR830 Lock-In Amplifier (Serial) 閿佺浉鏀惧ぇ鍣?","Stanford Research Systems","VISA_SCPI","lantz/VISA","PHAS?","56","T2_visa_needs_rs232_idn"
"community","srs345","Function Generator - DS345","Stanford Research Systems","UNKNOWN","","AMPL?","4","T4_manual_review"
"community","srs830","Stanford Research Systems Srs830 绯荤粺 鍒嗘瀽浠櫒 閫忓皠鐢靛瓙鏄惧井闀?","Stanford Research Systems","UNKNOWN","","SRAT?","22","T4_manual_review"
"community","srsdg645","Digital Delay/Pulse Generator - DG645","Stanford Research Systems","UNKNOWN","","DISP?","17","T4_manual_review"
"community","ssh_client","SSH Client","Open Standard (SSH)","UNKNOWN","","","9","T4_manual_review"
"community","standard_frame_source","type: string","","TCP","socket","","418","T3_network_needs_ext"
"community","star_backend","Starna 鐢ㄤ簬鍚勭鍏夎氨浠殑鐭宠嫳鏍峰搧姣旇壊姹?","鍗庢磱绉戜华","SERIAL","pyserial","","277","T1b_serial_probe_tbd"
"community","static_dds","default: null","Open Source","UNKNOWN","","","38","T4_manual_review"
"community","step_scan","EPICS Step Scan Controller 鎺у埗鍣?","EPICS / Synchrotron","UNKNOWN","","","26","T4_manual_review"
"community","stpdrv","Stpdrv","Open Source","VISA_SCPI","lantz/VISA","t","13","T2_visa_needs_rs232_idn"
"community","stream","type: string","","TCP","socket","","418","T3_network_needs_ext"
"community","streamer","Generic Streamer","Open Source","SERIAL","pyserial","","9","T1b_serial_probe_tbd"
"community","streamer_lsl","OpenBCI OpenBCI LSL Data Streamer","OpenBCI","UNKNOWN","","","10","T4_manual_review"
"community","stream_client","Stream","Open Source","TCP","socket","","0","T3_network_needs_ext"
"community","stream_pipe","Stream Pipe","Open Source","SERIAL","pyserial","","3","T1b_serial_probe_tbd"
"community","stream_serial","Stream Serial","Open Standard","SERIAL","pyserial","","3","T1b_serial_probe_tbd"
"community","stream_socket","Stream Socket","Open Standard","SERIAL","pyserial","","2","T1b_serial_probe_tbd"
"community","sutter_device","Sutter Device","Sutter Instrument","SERIAL","pyserial","","11","T1b_serial_probe_tbd"
"community","sync_unix_client","Open Standard Sync Unix","Open Standard","TCP","socket","","6","T3_network_needs_ext"
"community","tc038","Generic TC038 Temperature Controller 娓╁害鎺у埗鍣?","Novus Automation","UNKNOWN","","INF6","7","T4_manual_review"
"community","tc038_d","Generic TC038D Temperature Controller 娓╁害鎺у埗鍣?","Novus Automation","MODBUS","modbus","","5","T2m_modbus_probeable"
"community","tc200","Thorlabs TC200 Temperature Controller","Thorlabs","UNKNOWN","","*IDN?","1","T4_manual_review"
"community","tcpip_connection","tcpip_connection","","SERIAL","pyserial","","8","T1b_serial_probe_tbd"
"community","tcpip_instr_vicp","type: string","Open Standard (VICP)","VISA_SCPI","lantz/VISA","","18","T2_visa_needs_rs232_idn"
"community","tcp_client","TCP Client","Open Standard","SERIAL","pyserial","","1","T1b_serial_probe_tbd"
"community","tcp_client_value","TCP Client Value","Open Standard","TCP","socket","","5","T3_network_needs_ext"
"community","tcp_port_mapper_client","TCP Port Mapper Client 缃戠粶绔彛鏄犲皠瀹㈡埛绔?","Open Source","TCP","socket","","37","T3_network_needs_ext"
"community","tcp_raw_driver","Generic Tcp Raw Driver","Open Standard","VISA_SCPI","lantz/VISA","","5","T2_visa_needs_rs232_idn"
"community","tcp_sampler","TCP Sampler","Open Standard","TCP","socket","","11","T3_network_needs_ext"
"community","tcp_serve_value","TCP Serve Value","Open Standard","TCP","socket","","3","T3_network_needs_ext"
"community","tds1002b","Tektronix TDS1002B Digital Storage Oscilloscope","Tektronix","VISA_SCPI","lantz/VISA","*IDN?","1","T2_visa_needs_rs232_idn"
"community","tds1012","Tektronix TDS1012 Digital Storage Oscilloscope","Tektronix","VISA_SCPI","lantz/VISA","*IDN?","17","T2_visa_needs_rs232_idn"
"community","tds2024","Tektronix TDS2024 Digital Storage Oscilloscope","Tektronix","VISA_SCPI","lantz/VISA","ID?","14","T2_visa_needs_rs232_idn"
"community","tek_dpo4104","Tektronix DPO4104 Digital Phosphor Oscilloscope","Tektronix","TCP","socket","DAT:STOP?","1","T3_network_needs_ext"
"community","tek_dpo70000","MSO/DPO70000DX","Tektronix","TCP","socket","DAT:SOU?","4","T3_network_needs_ext"
"community","tek_series_curve_feat","AMPTEK AMPTEK FASTSDD DP5-X","AMPTEK INC.","VISA_SCPI","lantz/VISA","display:global:{}:state?","1","T2_visa_needs_rs232_idn"
"community","tek_tds224","Tektronix TDS224 Digital Real-Time Oscilloscope","Tektronix","TCP","socket","CURVE?","1","T3_network_needs_ext"
"community","tek_tds5xx","TDS5000 Series Digital Phosphor Oscilloscopes","Tektronix","TCP","socket","CURVE?","2","T3_network_needs_ext"
"community","telnet","Telnet","Open Standard (Telnet)","TCP","socket","","24","T3_network_needs_ext"
"community","temper_device","A TEMPer USB thermometer","TEMPer (PCsensor)","UNKNOWN","","","6","T4_manual_review"
"community","temp_dir_collection","type: string","","TCP","socket","Warning: inline data between tags?!\n","4","T3_network_needs_ext"
"community","tf_mini","Benewake Tf Mini","Benewake","SERIAL","pyserial","","5","T1b_serial_probe_tbd"
"community","thermo_fisher_thermocycler_backend","ThermoScientific KingFisher Flex鍏ㄨ嚜鍔ㄦ牳閰告彁鍙栦华","璧涢粯椋炰笘灏旂鎶€鐢熷懡绉戝浜у搧","TCP","socket","","47","T3_network_needs_ext"
"community","thorlabs_filter_wheel","Thorlabs Filter Wheel","Thorlabs","SERIAL","pyserial","","0","T1b_serial_probe_tbd"
"community","thorlabs_fw102_c","FW102CSix-Position Motorized Filter Wheel for 脴1"" (脴25 mm) Optics","Thorlabs","SERIAL","pyserial","","0","T1b_serial_probe_tbd"
"community","thorlabs_fw212_c","FW212CTwelve-Position Motorized Filter Wheel for 脴1/2"" (脴12.5 mm) Optics","Thorlabs","SERIAL","pyserial","","0","T1b_serial_probe_tbd"
"community","thorlabs_pm100_a_wrapper","PM100ACompact Power Meter Console, Mechanical Analog & Graphical LC Display","Thorlabs","UNKNOWN","","*IDN?","4","T4_manual_review"
"community","thor_labs_apt","str","Thorlabs","UNKNOWN","","","1","T4_manual_review"
"community","tiger_controller","Applied ASI Tiger Controller 鎺у埗鍣?","Applied Scientific Instrumentation","SERIAL","pyserial","","52","T1b_serial_probe_tbd"
"community","tomato_jumo_0cc24ae2","JUMO Quantrol LC100/LC200/LC300 PID鎺у埗鍣?","JUMO","SERIAL","pyserial","","1","T1b_serial_probe_tbd"
"community","tomato_jumo__device","JUMO Quantrol LC100/LC200/LC300 PID鎺у埗鍣?","涔呰寕","SERIAL","pyserial","","7","T1b_serial_probe_tbd"
"community","toptica_i_beam_laser","type: string","","SERIAL","pyserial","","5","T1b_serial_probe_tbd"
"community","top_mode","Communicates with a `Toptica Topmode`_ instrument","Open Source","UNKNOWN","","(param-set! ","30","T4_manual_review"
"community","tpg261","Pfeiffer Vacuum TPG 261 Compact Pressure Gauge","Pfeiffer Vacuum","SERIAL","pyserial","","3","T1b_serial_probe_tbd"
"community","tpg36x","str","Pfeiffer Vacuum","UNKNOWN","","SEN","1","T4_manual_review"
"community","triton200","Oxford Instruments Triton 200 Cryofree Dilution Refrigerator","Oxford Instruments","TCP","socket","","7","T3_network_needs_ext"
"community","ttipl330_p","PL068","Aim-TTi","UNKNOWN","","*IDN?","3","T4_manual_review"
"community","tti_ql355tp","QL355","Aim-TTi","UNKNOWN","","*IDN?","14","T4_manual_review"
"community","tun_interface","TUN Interface","Open Standard","UNKNOWN","","","7","T4_manual_review"
"community","udp_client","Generic Udp Client","Open Standard","TCP","socket","","37","T3_network_needs_ext"
"community","udp_handler","Open Standard UDP Handler","Open Standard","TCP","socket","","1","T3_network_needs_ext"
"community","udp_multicast_bus","UDP Multicast BUS","Open Standard","TCP","socket","","4","T3_network_needs_ext"
"community","udp_sampler","UDP Sampler","Open Standard","TCP","socket","","10","T3_network_needs_ext"
"community","udp_value_pub","UDP Value PUB","Open Standard","TCP","socket","","2","T3_network_needs_ext"
"community","udp_value_sub","UDP Value SUB","Open Standard","TCP","socket","","5","T3_network_needs_ext"
"community","uhf_device","Zurich Instruments UHF Lock-in Amplifier 浠櫒 鍒嗘瀽浠櫒 閿佺浉鏀惧ぇ鍣?","Zurich Instruments","VISA_SCPI","lantz/VISA","*IDN?","49","T2_visa_needs_rs232_idn"
"community","up20","UP200H / UP200S - Ultrasonic Power for the Lab","Hielscher","UNKNOWN","","","10","T4_manual_review"
"community","uploader","Generic Uploader","Open Source","SERIAL","pyserial","","38","T1b_serial_probe_tbd"
"community","usb2000","Usb2000","Ocean Insight","UNKNOWN","","","3","T4_manual_review"
"community","usb4000","Spectrometers","Ocean Optics (Ocean Insight)","VISA_SCPI","lantz/VISA","","7","T2_visa_needs_rs232_idn"
"community","usb4000_2000_plus","Usb4000 2000 Plus","Ocean Insight","UNKNOWN","","","5","T4_manual_review"
"community","usbctr","Measurement Measurement Computing USB Counter/Timer","Measurement Computing (MCC)","UNKNOWN","","","22","T4_manual_review"
"community","usbtmclight","Usbtmclight","Open Standard (USBTMC)","VISA_SCPI","lantz/VISA","*IDN?","12","T2_visa_needs_rs232_idn"
"community","usbtmc_communicator","Generic Usbtmc Communicator","Open Standard (USBTMC)","UNKNOWN","","","11","T4_manual_review"
"community","usbtmc_device","Generic USB TMC Instrument Interface 鎺ュ彛妯″潡","Open Standard (USBTMC)","UNKNOWN","","","3","T4_manual_review"
"community","usbtmc_driver","Generic Usbtmc Driver","Open Standard (USBTMC)","VISA_SCPI","lantz/VISA","","4","T2_visa_needs_rs232_idn"
"community","usb_class","Generic Usb Class","Open Standard","SERIAL","pyserial","","8","T1b_serial_probe_tbd"
"community","usb_communicator","Generic Usb Communicator","Open Standard","UNKNOWN","","","9","T4_manual_review"
"community","usb_comm_obp","ABB ABB Ltd Usb Comm Obp","ABB Ltd","UNKNOWN","","","12","T4_manual_review"
"community","usb_comm_ooi","ABB ABB Ltd Usb Comm Ooi","ABB Ltd","UNKNOWN","","","12","T4_manual_review"
"community","usb_device","Generic USB Device Interface 鎺ュ彛妯″潡","Open Standard","UNKNOWN","","","5","T4_manual_review"
"community","usb_device_description","USB Device Description","Open Standard","UNKNOWN","","","21","T4_manual_review"
"community","usb_driver","Generic Usb Driver","Open Standard","VISA_SCPI","lantz/VISA","","7","T2_visa_needs_rs232_idn"
"community","usb_port","USB Port","Open Standard","UNKNOWN","","","10","T4_manual_review"
"community","usb_train_id","type: string","European XFEL","SERIAL","pyserial","","2","T1b_serial_probe_tbd"
"community","us_btin","USBtin CAN鎬荤嚎閫傞厤鍣?","Open Source","SERIAL","pyserial","","17","T1b_serial_probe_tbd"
"community","uxbus_cmd","UFACTORY UFACTORY Uxbus Cmd","UFACTORY (xArm)","SERIAL","pyserial","","193","T1b_serial_probe_tbd"
"community","uxbus_cmd_ser","UFactory Uxbus Cmd Ser","UFactory","MODBUS","modbus","","7","T2m_modbus_probeable"
"community","uxbus_cmd_tcp","UFACTORY UFACTORY Uxbus Cmd Tcp","UFACTORY (xArm)","MODBUS","modbus","","17","T2m_modbus_probeable"
"community","uxr","Keysight UXR Series Real-Time Oscilloscope 绀烘尝鍣?","Keysight Technologies","VISA_SCPI","lantz/VISA","","2","T2_visa_needs_rs232_idn"
"community","ux_rxxx2_a","Pro Benchtop Oscilloscopes","Keysight","VISA_SCPI","lantz/VISA","","2","T2_visa_needs_rs232_idn"
"community","ux_rxxx4_a","Pro Benchtop Oscilloscopes","Keysight","VISA_SCPI","lantz/VISA","","2","T2_visa_needs_rs232_idn"
"community","vantage_backend","Hamilton Vantage Liquid Handler 澶勭悊鍣?绉绘恫宸ヤ綔绔?绉绘恫宸ヤ綔绔?","Hamilton Company","UNKNOWN","","","106","T4_manual_review"
"community","vdipm5_b","Vdipm5 B","Virginia Diodes","VISA_SCPI","lantz/VISA","","5","T2_visa_needs_rs232_idn"
"community","vfl","Generic Visible Fiber Laser 婵€鍏夊櫒","Open Source","VISA_SCPI","lantz/VISA","GETMODEL","19","T2_visa_needs_rs232_idn"
"community","visa","Visa","National Instruments (VISA)","VISA_SCPI","lantz/VISA","","5","T2_visa_needs_rs232_idn"
"community","visa_communicator","IVI VISA Instrument Communicator","IVI Foundation","VISA_SCPI","lantz/VISA","","11","T2_visa_needs_rs232_idn"
"community","vt__backend","Generic Variable Temperature Measurement Backend 鍚庣鎺у埗鍣?","Open Source","VISA_SCPI","lantz/VISA","*IDN?","14","T2_visa_needs_rs232_idn"
"community","vt__backend__passive","Generic Variable Temperature Backend (Passive) 鍚庣鎺у埗鍣?","Open Source","VISA_SCPI","lantz/VISA","*IDN?","10","T2_visa_needs_rs232_idn"
"community","vxi11_communicator","Generic Vxi11 Communicator","Open Standard (VXI-11)","UNKNOWN","","","9","T4_manual_review"
"community","vxi11_driver","type: string","Open Standard (VXI-11)","VISA_SCPI","lantz/VISA","","42","T2_visa_needs_rs232_idn"
"community","v_spin_backend","Generic V Spin Backend 鍚庣鎺у埗鍣?","Open Source","SERIAL","pyserial","","31","T1b_serial_probe_tbd"
"community","wait_thread","Wait Thread","Open Source","UNKNOWN","","setDigitalTask","2","T4_manual_review"
"community","wasatch_demo","Generic Wasatch Demo","Wasatch Photonics","UNKNOWN","","","3","T4_manual_review"
"community","wasatch_device_wrapper","Wasatch Photonics Device Wrapper 椹卞姩灏佽 鍒嗘瀽浠櫒 椹卞姩灏佽","Wasatch Photonics","UNKNOWN","","","10","T4_manual_review"
"community","wasatch_shell","Wasatch Photonics 鍏夎氨浠粓绔帴鍙?鍒嗘瀽浠櫒 鎺ュ彛妯″潡","Wasatch Photonics","UNKNOWN","","","28","T4_manual_review"
"community","watlow","'DISCONTINUED: EZ-ZONE庐 PM 1/4 DIN Panel Mount Controller'","Watlow","SERIAL","pyserial","","7","T1b_serial_probe_tbd"
"community","web_fpv","Web Fpv","Open Source","UNKNOWN","","","4","T4_manual_review"
"community","weiss_lab_event","Weiss LAB Event","Weiss Technik","UNKNOWN","","","15","T4_manual_review"
"community","weiss_sb22","Weiss Technik SB22 鐜妯℃嫙璇曢獙绠?","Weiss Technik","UNKNOWN","","%d?","12","T4_manual_review"
"community","wiltron360","Vector Network Analyzer","Anritsu","UNKNOWN","","FMA OFV","8","T4_manual_review"
"community","wiltron360_ss69","Wiltron360 Ss69","Wiltron (Anritsu)","UNKNOWN","","OUTPut:STATe?","2","T4_manual_review"
"community","wiltron6672_b","Wiltron 6672B 鎵鍚堟垚鍣?","Wiltron (Anritsu)","UNKNOWN","","OUTPut:STATe?","2","T4_manual_review"
"community","work_table","Generic Work Table","Open Source","UNKNOWN","","","58","T4_manual_review"
"community","xps","type: string","Newport Corporation","TCP","socket","","232","T3_network_needs_ext"
"community","xspress3_detector","Quantum Xspress3 X-ray Detector 鎺㈡祴鍣?","Quantum Detectors","UNKNOWN","","","24","T4_manual_review"
"community","x_keys_device","X Keys Device","P.I. Engineering","UNKNOWN","","","8","T4_manual_review"
"community","yd_lidar","YD Lidar","YDLIDAR","SERIAL","pyserial","","4","T1b_serial_probe_tbd"
"community","yokogawa6370","AQ6370E Optical Spectrum Analyzer 600 - 1700 nm","Yokogawa","TCP","socket",":CALC:DATA?","7","T3_network_needs_ext"
"community","y_sensor","y_sensor","","UNKNOWN","","","14","T4_manual_review"
"community","y_serial_port","type: string","","SERIAL","pyserial","","1210","T1b_serial_probe_tbd"
"community","zaber_daisy_chain","Zaber Daisy Chain","Zaber Technologies","SERIAL","pyserial","","1","T1b_serial_probe_tbd"
"community","zi_base_instrument","default: null","Jeio Tech Co., Ltd - 涓婃捣浠ｈ〃澶?","UNKNOWN","","","47","T4_manual_review"
"community","zi_shell_device","Zurich Zurich Instruments Shell Device","Zurich Instruments","VISA_SCPI","lantz/VISA","*IDN?","49","T2_visa_needs_rs232_idn"
"community","zmq_value_sub","type: string","Open Standard (ZeroMQ)","TCP","socket","","2","T3_network_needs_ext"
"community","_asi_controller","ASI Controller","Applied Scientific Instrumentation","SERIAL","pyserial","","25","T1b_serial_probe_tbd"
"community","_i_beam_connection","I Beam Connection","TOPTICA Photonics","SERIAL","pyserial","","7","T1b_serial_probe_tbd"
"community","__lib_usb","LibUSB","Open Source","UNKNOWN","","","18","T4_manual_review"
"community","__pro_scan_iii_connection","PRO Scan III Connection","Prior Scientific","SERIAL","pyserial","","13","T1b_serial_probe_tbd"
"community","__robot","type: string","","TCP","socket","","507","T3_network_needs_ext"
"community","__zaber_connection","Zaber Connection","Zaber Technologies","SERIAL","pyserial","","3","T1b_serial_probe_tbd"
"community","__zaber_led_controller","Zaber LED Controller","Zaber Technologies","SERIAL","pyserial","","1","T1b_serial_probe_tbd"
"core","agv/agv_navigator.py","agv_navigator","","TCP","socket","LM14","0","T3_network_needs_ext"
"core","agv/robotiq_gripper.py","robotiq_gripper","","TCP","socket","","0","T3_network_needs_ext"
"core","agv/ur_arm_task.py","ur_arm_task","","UNKNOWN","","192.168.1.178","0","T4_manual_review"
"core","arm/elite_robot.py","elite_robot","","MODBUS","modbus","","0","T2m_modbus_probeable"
"core","balance/mettler_toledo_xpr/mettler_toledo_xpr.py","mettler_toledo_xpr","","UNKNOWN","","","0","T4_manual_review"
"core","battery/neware_battery_test_system.py","neware_battery_test_system","","TCP","socket","","0","T3_network_needs_ext"
"core","cameraSII/cameraDriver.py","cameraDriver","","UNKNOWN","","","0","T4_manual_review"
"core","cameraSII/cameraUSB.py","cameraUSB","","UNKNOWN","","","0","T4_manual_review"
"core","cnc/grbl_async.py","grbl_async","","SERIAL","pyserial","?","0","T1_serial_probe_ready"
"core","cnc/grbl_sync.py","grbl_sync","","SERIAL","pyserial","?","0","T1_serial_probe_ready"
"core","cnc/mock.py","mock","","UNKNOWN","","","0","T4_manual_review"
"core","gripper/mock.py","mock","","UNKNOWN","","","0","T4_manual_review"
"core","gripper/rmaxis_v4.py","rmaxis_v4","","SERIAL","pyserial","","0","T1b_serial_probe_tbd"
"core","heaterstirrer/dalong.py","dalong","","SERIAL","pyserial","","0","T1b_serial_probe_tbd"
"core","hplc/AgilentHPLC.py","AgilentHPLC","","UNKNOWN","","","0","T4_manual_review"
"core","liquid_handling/biomek.py","biomek","","UNKNOWN","","","0","T4_manual_review"
"core","liquid_handling/biomek_test.py","biomek_test","","UNKNOWN","","","0","T4_manual_review"
"core","liquid_handling/liquid_handler_abstract.py","liquid_handler_abstract","","UNKNOWN","","","0","T4_manual_review"
"core","liquid_handling/revvity.py","revvity","","UNKNOWN","","","0","T4_manual_review"
"core","liquid_handling/rviz_backend.py","rviz_backend","","UNKNOWN","","","0","T4_manual_review"
"core","liquid_handling/laiyu/laiyu.py","laiyu","","UNKNOWN","","","0","T4_manual_review"
"core","liquid_handling/laiyu/backend/laiyu_backend.py","laiyu_backend","","UNKNOWN","","","0","T4_manual_review"
"core","liquid_handling/laiyu/backend/laiyu_v_backend.py","laiyu_v_backend","","UNKNOWN","","","0","T4_manual_review"
"core","liquid_handling/laiyu/controllers/pipette_controller.py","pipette_controller","","SERIAL","pyserial","","0","T1b_serial_probe_tbd"
"core","liquid_handling/laiyu/controllers/xyz_controller.py","xyz_controller","","SERIAL","pyserial","","0","T1b_serial_probe_tbd"
"core","liquid_handling/laiyu/core/abstract_protocol.py","abstract_protocol","","UNKNOWN","","","0","T4_manual_review"
"core","liquid_handling/laiyu/core/LaiYu_Liquid.py","LaiYu_Liquid","","SERIAL","pyserial","","0","T1b_serial_probe_tbd"
"core","liquid_handling/laiyu/core/laiyu_liquid_res.py","laiyu_liquid_res","","UNKNOWN","","","0","T4_manual_review"
"core","liquid_handling/laiyu/drivers/sopa_pipette_driver.py","sopa_pipette_driver","","SERIAL","pyserial","Q28","0","T1_serial_probe_ready"
"core","liquid_handling/laiyu/drivers/xyz_stepper_driver.py","xyz_stepper_driver","","SERIAL","pyserial","","0","T1b_serial_probe_tbd"
"core","liquid_handling/prcxi/abstract_protocol.py","abstract_protocol","","TCP","socket","","0","T3_network_needs_ext"
"core","liquid_handling/prcxi/prcxi.py","prcxi","","TCP","socket","","0","T3_network_needs_ext"
"core","motor/Consts.py","Consts","","UNKNOWN","","","0","T4_manual_review"
"core","motor/FakeSerial.py","FakeSerial","","UNKNOWN","","","0","T4_manual_review"
"core","motor/Grasp.py","Grasp","","SERIAL","pyserial","","0","T1b_serial_probe_tbd"
"core","motor/iCL42.py","iCL42","","SERIAL","pyserial","","0","T1b_serial_probe_tbd"
"core","motor/base_types/PrPath.py","PrPath","","UNKNOWN","","","0","T4_manual_review"
"core","neware_battery_test_system/neware_battery_test_system.py","neware_battery_test_system","","TCP","socket","","0","T3_network_needs_ext"
"core","opsky_Raman/opsky_ATR30007.py","opsky_ATR30007","","MODBUS","modbus","","0","T2m_modbus_probeable"
"core","platereader/NivoDriver.py","NivoDriver","","UNKNOWN","","","0","T4_manual_review"
"core","powder_dispense/laiyu.py","laiyu","","SERIAL","pyserial","","0","T1b_serial_probe_tbd"
"core","pump_and_valve/masterflex_ls.py","masterflex_ls","","SERIAL","pyserial","","0","T1b_serial_probe_tbd"
"core","pump_and_valve/runze_async.py","runze_async","","SERIAL","pyserial","?28","0","T1_serial_probe_ready"
"core","pump_and_valve/runze_backbone.py","runze_backbone","","SERIAL","pyserial","?28","0","T1_serial_probe_ready"
"core","pump_and_valve/runze_multiple_backbone.py","runze_multiple_backbone","","SERIAL","pyserial","","0","T1b_serial_probe_tbd"
"core","pump_and_valve/solenoid_valve.py","solenoid_valve","","SERIAL","pyserial","","0","T1b_serial_probe_tbd"
"core","pump_and_valve/solenoid_valve_mock.py","solenoid_valve_mock","","UNKNOWN","","","0","T4_manual_review"
"core","pump_and_valve/vacuum_pump_mock.py","vacuum_pump_mock","","UNKNOWN","","","0","T4_manual_review"
"core","Qone_nmr/Qone_nmr.py","Qone_nmr","","UNKNOWN","","","0","T4_manual_review"
"core","raman_uv/home_made_raman.py","home_made_raman","","SERIAL","pyserial","","0","T1b_serial_probe_tbd"
"core","resource_container/container.py","container","","UNKNOWN","","","0","T4_manual_review"
"core","ros_dev/liquid_handler_joint_publisher.py","liquid_handler_joint_publisher","","UNKNOWN","","","0","T4_manual_review"
"core","ros_dev/liquid_handler_joint_publisher_node.py","liquid_handler_joint_publisher_node","","UNKNOWN","","","0","T4_manual_review"
"core","ros_dev/moveit2.py","moveit2","","UNKNOWN","","","0","T4_manual_review"
"core","ros_dev/moveit_interface.py","moveit_interface","","UNKNOWN","","","0","T4_manual_review"
"core","rotavap/rotavap_one.py","rotavap_one","","SERIAL","pyserial","","0","T1b_serial_probe_tbd"
"core","sealer/sealer.py","sealer","","SERIAL","pyserial","","0","T1b_serial_probe_tbd"
"core","separator/chinwe.py","chinwe","","SERIAL","pyserial","","0","T1b_serial_probe_tbd"
"core","separator/homemade_grbl_conductivity.py","homemade_grbl_conductivity","","SERIAL","pyserial","","0","T1b_serial_probe_tbd"
"core","temperature/chiller.py","chiller","","SERIAL","pyserial","","0","T1b_serial_probe_tbd"
"core","temperature/prototype_sensor.py","prototype_sensor","","SERIAL","pyserial","","0","T1b_serial_probe_tbd"
"core","temperature/sensor_node.py","sensor_node","","SERIAL","pyserial","","0","T1b_serial_probe_tbd"
"core","UV_test/fuxiang2.py","fuxiang2","","UNKNOWN","","","0","T4_manual_review"
"core","virtual/lctest_action.py","lctest_action","","UNKNOWN","","","0","T4_manual_review"
"core","virtual/virtual_centrifuge.py","virtual_centrifuge","","UNKNOWN","","","0","T4_manual_review"
"core","virtual/virtual_column.py","virtual_column","","UNKNOWN","","","0","T4_manual_review"
"core","virtual/virtual_filter.py","virtual_filter","","UNKNOWN","","","0","T4_manual_review"
"core","virtual/virtual_gas_source.py","virtual_gas_source","","UNKNOWN","","","0","T4_manual_review"
"core","virtual/virtual_heatchill.py","virtual_heatchill","","UNKNOWN","","","0","T4_manual_review"
"core","virtual/virtual_multiway_valve.py","virtual_multiway_valve","","UNKNOWN","","","0","T4_manual_review"
"core","virtual/virtual_rotavap.py","virtual_rotavap","","UNKNOWN","","","0","T4_manual_review"
"core","virtual/virtual_sample_demo.py","virtual_sample_demo","","UNKNOWN","","","0","T4_manual_review"
"core","virtual/virtual_separator.py","virtual_separator","","UNKNOWN","","","0","T4_manual_review"
"core","virtual/virtual_solenoid_valve.py","virtual_solenoid_valve","","UNKNOWN","","","0","T4_manual_review"
"core","virtual/virtual_solid_dispenser.py","virtual_solid_dispenser","","UNKNOWN","","","0","T4_manual_review"
"core","virtual/virtual_stirrer.py","virtual_stirrer","","UNKNOWN","","","0","T4_manual_review"
"core","virtual/virtual_transferpump.py","virtual_transferpump","","UNKNOWN","","","0","T4_manual_review"
"core","virtual/virtual_vacuum_pump.py","virtual_vacuum_pump","","UNKNOWN","","","0","T4_manual_review"
"core","virtual/virtual_valve.py","virtual_valve","","UNKNOWN","","","0","T4_manual_review"
"core","virtual/workbench.py","workbench","","UNKNOWN","","","0","T4_manual_review"
"core","workstation/workflow_executors.py","workflow_executors","","MODBUS","modbus","","0","T2m_modbus_probeable"
"core","workstation/workstation_base.py","workstation_base","","UNKNOWN","","","0","T4_manual_review"
"core","workstation/workstation_http_service.py","workstation_http_service","","UNKNOWN","","","0","T4_manual_review"
"core","workstation/bioyond_studio/bioyond_rpc.py","bioyond_rpc","","UNKNOWN","","","0","T4_manual_review"
"core","workstation/bioyond_studio/station.py","station","","UNKNOWN","","","0","T4_manual_review"
"core","workstation/bioyond_studio/bioyond_cell/bioyond_cell_workstation.py","bioyond_cell_workstation","","UNKNOWN","","","0","T4_manual_review"
"core","workstation/bioyond_studio/dispensing_station/dispensing_station.py","dispensing_station","","UNKNOWN","","","0","T4_manual_review"
"core","workstation/bioyond_studio/reaction_station/reaction_station.py","reaction_station","","UNKNOWN","","","0","T4_manual_review"
"core","workstation/coin_cell_assembly/coin_cell_assembly.py","coin_cell_assembly","","MODBUS","modbus","","0","T2m_modbus_probeable"
"core","workstation/coin_cell_assembly/YB_YH_materials.py","YB_YH_materials","","UNKNOWN","","","0","T4_manual_review"
"core","workstation/post_process/decks.py","decks","","UNKNOWN","","","0","T4_manual_review"
"core","workstation/post_process/post_process.py","post_process","","UNKNOWN","","","0","T4_manual_review"
"core","workstation/post_process/post_process_warehouse.py","post_process_warehouse","","UNKNOWN","","","0","T4_manual_review"
"core","xpeel/xpeel.py","xpeel","","SERIAL","pyserial","","0","T1b_serial_probe_tbd"
"core","xrd_d7mate/xrd_d7mate.py","xrd_d7mate","","TCP","socket","","0","T3_network_needs_ext"
"core","zhida_gcms/zhida.py","zhida","","TCP","socket","","0","T3_network_needs_ext"
"core","zhida_hplc/zhida.py","zhida","","TCP","socket","","0","T3_network_needs_ext"
